/*
 Navicat Premium Data Transfer

 Source Server         : localhost_3306
 Source Server Type    : MySQL
 Source Server Version : 80042 (8.0.42)
 Source Host           : localhost:3306
 Source Schema         : tcm_health_system

 Target Server Type    : MySQL
 Target Server Version : 80042 (8.0.42)
 File Encoding         : 65001

 Date: 20/11/2025 22:10:08
*/

SET NAMES utf8mb4;
SET FOREIGN_KEY_CHECKS = 0;

-- ----------------------------
-- Table structure for acupoint
-- ----------------------------
DROP TABLE IF EXISTS `acupoint`;
CREATE TABLE `acupoint`  (
  `id` bigint NOT NULL,
  `acupoint_name` varchar(50) CHARACTER SET utf8mb4 COLLATE utf8mb4_unicode_ci NOT NULL COMMENT '穴位名称',
  `pinyin` varchar(50) CHARACTER SET utf8mb4 COLLATE utf8mb4_unicode_ci NULL DEFAULT NULL COMMENT '拼音',
  `english_name` varchar(100) CHARACTER SET utf8mb4 COLLATE utf8mb4_unicode_ci NULL DEFAULT NULL COMMENT '英文名',
  `location` text CHARACTER SET utf8mb4 COLLATE utf8mb4_unicode_ci NULL COMMENT '穴位位置描述',
  `meridian` varchar(50) CHARACTER SET utf8mb4 COLLATE utf8mb4_unicode_ci NULL DEFAULT NULL COMMENT '所属经络',
  `category` varchar(50) CHARACTER SET utf8mb4 COLLATE utf8mb4_unicode_ci NULL DEFAULT NULL COMMENT '穴位分类',
  `efficacy` text CHARACTER SET utf8mb4 COLLATE utf8mb4_unicode_ci NULL COMMENT '主治功效',
  `massage_method` text CHARACTER SET utf8mb4 COLLATE utf8mb4_unicode_ci NULL COMMENT '按摩手法',
  `precautions` text CHARACTER SET utf8mb4 COLLATE utf8mb4_unicode_ci NULL COMMENT '注意事项',
  `video_url` varchar(255) CHARACTER SET utf8mb4 COLLATE utf8mb4_unicode_ci NULL DEFAULT NULL COMMENT '视频链接',
  `image_url` varchar(255) CHARACTER SET utf8mb4 COLLATE utf8mb4_unicode_ci NULL DEFAULT NULL COMMENT '图片链接',
  `constitution_type` varchar(255) CHARACTER SET utf8mb4 COLLATE utf8mb4_unicode_ci NULL DEFAULT NULL COMMENT '适用体质（逗号分隔）',
  `view_count` int NULL DEFAULT 0,
  `created_at` datetime NULL DEFAULT CURRENT_TIMESTAMP,
  `updated_at` datetime NULL DEFAULT CURRENT_TIMESTAMP ON UPDATE CURRENT_TIMESTAMP,
  PRIMARY KEY (`id`) USING BTREE,
  INDEX `idx_meridian`(`meridian` ASC) USING BTREE,
  INDEX `idx_category`(`category` ASC) USING BTREE
) ENGINE = InnoDB CHARACTER SET = utf8mb4 COLLATE = utf8mb4_unicode_ci COMMENT = '穴位信息表' ROW_FORMAT = DYNAMIC;

-- ----------------------------
-- Records of acupoint
-- ----------------------------
INSERT INTO `acupoint` VALUES (1985300000000000001, '足三里', 'zusanli', 'Zusanli (ST36)', '小腿前外侧，当犊鼻下3寸，距胫骨前缘一横指（中指）', '足阳明胃经', '保健要穴', '调理脾胃，补中益气，通经活络，疏风化湿，扶正祛邪。主治胃痛、呕吐、腹胀、腹泻、便秘、乳痈、肠痈、下肢痿痹、癫狂、虚劳羸瘦等', '用拇指或中指按压穴位，每次按压5-10分钟，力度以有酸胀感为宜。可配合顺时针揉动', '孕妇慎用；饭后不宜立即按摩', NULL, NULL, '气虚质,阳虚质,痰湿质', 156, '2025-11-05 19:08:36', '2025-11-05 19:08:36');
INSERT INTO `acupoint` VALUES (1985300000000000002, '合谷', 'hegu', 'Hegu (LI4)', '手背，第1、2掌骨间，当第2掌骨桡侧的中点处', '手阳明大肠经', '四总穴', '镇静止痛，通经活络，清热解表。主治头痛、目赤肿痛、鼻衄、齿痛、牙关紧闭、口眼歪斜、耳聋、痄腮、咽喉肿痛、热病无汗、多汗、腹痛、便秘、经闭、滞产等', '用拇指指腹按压穴位，力度由轻到重，每次3-5分钟。可配合揉动和推动', '孕妇禁用；体质虚弱者不宜强刺激', NULL, NULL, '平和质,气郁质,血瘀质', 243, '2025-11-05 19:08:36', '2025-11-05 19:08:36');
INSERT INTO `acupoint` VALUES (1985300000000000003, '内关', 'neiguan', 'Neiguan (PC6)', '前臂掌侧，当曲泽与大陵的连线上，腕横纹上2寸，掌长肌腱与桡侧腕屈肌腱之间', '手厥阴心包经', '八脉交会穴', '宁心安神，理气止痛，和胃降逆。主治心痛、心悸、胸闷、胃痛、呕吐、呃逆、失眠、癫狂、痫证、郁证、眩晕、中风、偏瘫、哮喘、偏头痛、热病、产后血晕、肘臂挛痛等', '用拇指垂直按压穴位，每次按压3-5分钟，力度适中。可配合深呼吸', '按压时不宜过重，以免损伤血管', NULL, NULL, '气郁质,阳虚质,平和质', 198, '2025-11-05 19:08:36', '2025-11-05 19:08:36');
INSERT INTO `acupoint` VALUES (1985300000000000004, '三阴交', 'sanyinjiao', 'Sanyinjiao (SP6)', '小腿内侧，当足内踝尖上3寸，胫骨内侧缘后方', '足太阴脾经', '妇科要穴', '健脾益气，调补肝肾，调经止痛。主治脾胃虚弱、消化不良、腹胀肠鸣、腹泻、月经不调、崩漏、带下、痛经、闭经、子宫脱垂、难产、产后血晕、恶露不行、遗精、阳痿、遗尿、疝气、失眠、下肢痿痹、脚气等', '用拇指按压穴位，每次5-10分钟，力度以有酸胀感为宜。女性经期可轻柔按摩', '孕妇禁用；月经期间不宜重按', NULL, NULL, '气虚质,血虚质,阴虚质', 187, '2025-11-05 19:08:36', '2025-11-05 19:08:36');
INSERT INTO `acupoint` VALUES (1985300000000000005, '太冲', 'taichong', 'Taichong (LR3)', '足背侧，当第1跖骨间隙的后方凹陷处', '足厥阴肝经', '原穴', '平肝息风，清热利湿，通络止痛。主治头痛、眩晕、疝气、月经不调、癃闭、遗尿、小儿惊风、癫狂、痫证、胁痛、腹胀、黄疸、呕逆、咽痛嗌干、目赤肿痛、膝股内侧痛、足跗肿痛、下肢痿痹等', '用拇指按压穴位，每次3-5分钟，力度由轻到重。可配合向下推动', '肝火旺盛者按压时可能有明显痛感，属正常现象', NULL, NULL, '气郁质,湿热质,平和质', 165, '2025-11-05 19:08:36', '2025-11-05 19:08:36');
INSERT INTO `acupoint` VALUES (1985300000000000006, '百会', 'baihui', 'Baihui (GV20)', '头部，当前发际正中直上5寸，或两耳尖连线的中点处', '督脉', '保健要穴', '醒脑开窍，升阳固脱，平肝息风。主治头痛、眩晕、中风失语、癫狂、痫证、健忘、失眠、耳鸣、鼻塞、脱肛、阴挺、久泄等', '用中指或食指指腹按压穴位，每次3-5分钟，力度适中。可配合顺时针揉动', '按压时不宜过重；低血压患者慎用', NULL, NULL, '气虚质,阳虚质,平和质', 142, '2025-11-05 19:08:36', '2025-11-05 19:08:36');
INSERT INTO `acupoint` VALUES (1985300000000000007, '涌泉', 'yongquan', 'Yongquan (KI1)', '足底部，卷足时足前部凹陷处，约当足底第2、3跖趾缝纹头端与足跟连线的前1/3与后2/3交点上', '足少阴肾经', '井穴', '滋阴降火，苏厥开窍，清热安神。主治头痛、眩晕、咽喉肿痛、失音、大便难、小便不利、奔豚气、癫狂、痫证、小儿惊风、昏厥、中暑、中风、足心热等', '用拇指按压穴位，每次5-10分钟，力度由轻到重。睡前按摩效果更佳', '按摩时力度不宜过大，以免损伤足底筋膜', NULL, NULL, '阴虚质,湿热质,平和质', 134, '2025-11-05 19:08:36', '2025-11-05 19:08:36');
INSERT INTO `acupoint` VALUES (1985300000000000008, '神门', 'shenmen', 'Shenmen (HT7)', '腕部，腕掌侧横纹尺侧端，尺侧腕屈肌腱的桡侧凹陷处', '手少阴心经', '原穴', '养心安神，清心泻火，通络止痛。主治心痛、心烦、惊悸、怔忡、健忘、失眠、痴呆、癫狂痫、晕车、胸胁痛等', '用拇指指腹按压穴位，每次3-5分钟，力度适中。可配合深呼吸', '按压时不宜过重，以免影响血液循环', NULL, NULL, '气郁质,阴虚质,平和质', 176, '2025-11-05 19:08:36', '2025-11-05 19:08:36');
INSERT INTO `acupoint` VALUES (1985300000000000009, '风池', 'fengchi', 'Fengchi (GB20)', '颈部，当枕骨之下，与风府相平，胸锁乳突肌与斜方肌上端之间的凹陷处', '足少阳胆经', '祛风要穴', '祛风解表，清头明目，通络止痛。主治头痛、眩晕、颈项强痛、目赤痛、目泪出、鼻渊、鼻衄、耳聋、气闭、中风、口眼歪斜、疟疾、热病、感冒、瘿气、落枕、荨麻疹等', '用双手拇指按压穴位，每次3-5分钟，力度由轻到重。可配合头部后仰', '颈椎病患者按压时应谨慎，不宜过重', NULL, NULL, '平和质,气郁质,湿热质', 189, '2025-11-05 19:08:36', '2025-11-05 19:08:36');
INSERT INTO `acupoint` VALUES (1985300000000000010, '关元', 'guanyuan', 'Guanyuan (CV4)', '下腹部，前正中线上，当脐中下3寸', '任脉', '保健要穴', '培元固本，补益下焦。主治中风脱证、虚劳冷惫、羸瘦无力、少腹疼痛、霍乱吐泻、痢疾、脱肛、疝气、便血、溺血、小便不利、尿频、尿闭、遗尿、遗精、阳痿、早泄、月经不调、经闭、带下、崩漏、阴挺、恶露不止、胞衣不下、消渴、眩晕等', '用掌心按压穴位，每次5-10分钟，力度适中。可配合顺时针揉动', '孕妇禁用；月经期间不宜重按', NULL, NULL, '气虚质,阳虚质,血虚质', 153, '2025-11-05 19:08:36', '2025-11-05 19:11:02');
INSERT INTO `acupoint` VALUES (1985300000000000011, '气海', 'qihai', 'Qihai (CV6)', '下腹部，前正中线上，当脐中下1.5寸', '任脉', '保健要穴', '益气助阳，调经固经。主治绕脐腹痛、水肿鼓胀、脘腹胀满、气喘、疝气、遗精、阳痿、遗尿、尿闭、月经不调、痛经、经闭、崩漏、带下、阴挺、产后恶露不止、胞衣不下、脏气虚惫、形体羸瘦、四肢乏力等', '用掌心按压穴位，每次5-10分钟，力度适中。可配合腹式呼吸', '孕妇禁用；饭后不宜立即按摩', NULL, NULL, '气虚质,阳虚质,平和质', 128, '2025-11-05 19:08:36', '2025-11-05 19:08:36');
INSERT INTO `acupoint` VALUES (1985300000000000012, '血海', 'xuehai', 'Xuehai (SP10)', '大腿内侧，髌底内侧端上2寸，当股四头肌内侧头的隆起处', '足太阴脾经', '调血要穴', '调血统血，健脾化湿。主治月经不调、经闭、痛经、崩漏、功能性子宫出血、带下、产后恶露不尽、贫血、荨麻疹、湿疹、丹毒、疔疮、皮肤瘙痒、股内侧痛、膝关节疼痛等', '用拇指按压穴位，每次3-5分钟，力度以有酸胀感为宜', '孕妇慎用；月经期间可轻柔按摩', NULL, NULL, '血虚质,血瘀质,湿热质', 145, '2025-11-05 19:08:36', '2025-11-05 19:08:36');
INSERT INTO `acupoint` VALUES (1985300000000000013, '曲池', 'quchi', 'Quchi (LI11)', '肘横纹外侧端，屈肘，当尺泽与肱骨外上髁连线中点', '手阳明大肠经', '合穴', '清热解表，疏经通络。主治热病、高血压、癫狂、上肢不遂、手臂肿痛、肩背痛、腹痛、吐泻、痢疾、咽喉肿痛、齿痛、目赤痛、瘰疬、瘾疹、湿疹、丹毒、疔疮等', '用拇指按压穴位，每次3-5分钟，力度由轻到重。可配合屈伸肘关节', '按压时不宜过重，以免损伤肘关节', NULL, NULL, '湿热质,血瘀质,平和质', 138, '2025-11-05 19:08:36', '2025-11-05 19:08:36');
INSERT INTO `acupoint` VALUES (1985300000000000014, '委中', 'weizhong', 'Weizhong (BL40)', '腘横纹中点，当股二头肌腱与半腱肌肌腱的中间', '足太阳膀胱经', '四总穴', '舒筋通络，散瘀活血，清热解毒。主治腰痛、下肢痿痹、腹痛、吐泻、小便不利、遗尿、丹毒、疔疮等', '用拇指按压穴位，每次3-5分钟，力度适中。可配合屈伸膝关节', '按压时不宜过重，以免损伤腘窝血管', NULL, NULL, '血瘀质,湿热质,平和质', 126, '2025-11-05 19:08:36', '2025-11-05 19:08:36');
INSERT INTO `acupoint` VALUES (1985300000000000015, '肺俞', 'feishu', 'Feishu (BL13)', '背部，当第3胸椎棘突下，旁开1.5寸', '足太阳膀胱经', '背俞穴', '调补肺气，补虚清热。主治咳嗽、气喘、吐血、骨蒸、潮热、盗汗、鼻塞等', '用拇指或掌根按压穴位，每次3-5分钟，力度适中。可配合拔罐', '按压时不宜过重，以免损伤脊柱', NULL, NULL, '气虚质,阴虚质,平和质', 119, '2025-11-05 19:08:36', '2025-11-05 19:08:36');
INSERT INTO `acupoint` VALUES (1985300000000000016, '脾俞', 'pishu', 'Pishu (BL20)', '背部，当第11胸椎棘突下，旁开1.5寸', '足太阳膀胱经', '背俞穴', '健脾和胃，利湿升清。主治腹胀、黄疸、呕吐、泄泻、痢疾、便血、水肿、背痛等', '用拇指或掌根按压穴位，每次3-5分钟，力度适中。可配合拔罐', '按压时不宜过重，以免损伤脊柱', NULL, NULL, '气虚质,痰湿质,平和质', 112, '2025-11-05 19:08:36', '2025-11-05 19:08:36');
INSERT INTO `acupoint` VALUES (1985300000000000017, '肾俞', 'shenshu', 'Shenshu (BL23)', '腰部，当第2腰椎棘突下，旁开1.5寸', '足太阳膀胱经', '背俞穴', '益肾助阳，强腰利水。主治遗尿、遗精、阳痿、月经不调、白带、水肿、耳鸣、耳聋、腰痛等', '用拇指或掌根按压穴位，每次5-10分钟，力度适中。可配合热敷', '按压时不宜过重，以免损伤腰椎', NULL, NULL, '阳虚质,肾虚质,平和质', 158, '2025-11-05 19:08:36', '2025-11-05 19:08:36');
INSERT INTO `acupoint` VALUES (1985300000000000018, '天枢', 'tianshu', 'Tianshu (ST25)', '腹中部，距脐中2寸', '足阳明胃经', '大肠募穴', '疏调肠腑，理气行滞，消食。主治腹痛、腹胀、便秘、腹泻、痢疾、月经不调、痛经等', '用掌心按压穴位，每次3-5分钟，力度适中。可配合顺时针揉动', '孕妇慎用；饭后不宜立即按摩', NULL, NULL, '痰湿质,气郁质,平和质', 133, '2025-11-05 19:08:36', '2025-11-05 19:08:36');
INSERT INTO `acupoint` VALUES (1985300000000000019, '中脘', 'zhongwan', 'Zhongwan (CV12)', '上腹部，前正中线上，当脐中上4寸', '任脉', '胃之募穴', '健脾和胃，补中安神。主治胃脘痛、腹胀、呕吐、呃逆、翻胃、吞酸、纳呆、食不化、疳积、膨胀、黄疸、肠鸣、泄利、便秘、便血、胁下坚痛、虚劳吐血、哮喘、头痛、失眠、惊悸、怔忡、脏躁、癫狂、痫证、尸厥、惊风、产后血晕等', '用掌心按压穴位，每次5-10分钟，力度适中。可配合顺时针揉动', '饭后不宜立即按摩；孕妇慎用', NULL, NULL, '气虚质,痰湿质,平和质', 147, '2025-11-05 19:08:36', '2025-11-05 19:08:36');
INSERT INTO `acupoint` VALUES (1985300000000000020, '膻中', 'danzhong', 'Danzhong (CV17)', '胸部，当前正中线上，平第4肋间，两乳头连线的中点', '任脉', '气会', '宽胸理气，活血通络，清肺止喘，舒畅心胸。主治咳嗽、气喘、咯唾脓血、胸痹心痛、心悸、心烦、产妇少乳、噎嗝、膨胀等', '用掌心按压穴位，每次3-5分钟，力度适中。可配合深呼吸', '按压时不宜过重，以免影响呼吸', NULL, NULL, '气郁质,痰湿质,平和质', 162, '2025-11-05 19:08:36', '2025-11-05 19:08:36');

-- ----------------------------
-- Table structure for acupoint_combination
-- ----------------------------
DROP TABLE IF EXISTS `acupoint_combination`;
CREATE TABLE `acupoint_combination`  (
  `id` bigint NOT NULL,
  `combination_name` varchar(100) CHARACTER SET utf8mb4 COLLATE utf8mb4_unicode_ci NOT NULL COMMENT '方案名称',
  `constitution_type` varchar(50) CHARACTER SET utf8mb4 COLLATE utf8mb4_unicode_ci NULL DEFAULT NULL COMMENT '适用体质',
  `symptom` varchar(100) CHARACTER SET utf8mb4 COLLATE utf8mb4_unicode_ci NULL DEFAULT NULL COMMENT '适用症状',
  `acupoint_ids` json NULL COMMENT '穴位ID列表（JSON数组）',
  `description` text CHARACTER SET utf8mb4 COLLATE utf8mb4_unicode_ci NULL COMMENT '方案说明',
  `massage_sequence` text CHARACTER SET utf8mb4 COLLATE utf8mb4_unicode_ci NULL COMMENT '按摩顺序说明',
  `duration` int NULL DEFAULT NULL COMMENT '建议时长（分钟）',
  `frequency` varchar(50) CHARACTER SET utf8mb4 COLLATE utf8mb4_unicode_ci NULL DEFAULT NULL COMMENT '建议频率',
  `created_at` datetime NULL DEFAULT CURRENT_TIMESTAMP,
  `updated_at` datetime NULL DEFAULT CURRENT_TIMESTAMP ON UPDATE CURRENT_TIMESTAMP,
  PRIMARY KEY (`id`) USING BTREE,
  INDEX `idx_constitution`(`constitution_type` ASC) USING BTREE
) ENGINE = InnoDB CHARACTER SET = utf8mb4 COLLATE = utf8mb4_unicode_ci COMMENT = '穴位组合方案表' ROW_FORMAT = DYNAMIC;

-- ----------------------------
-- Records of acupoint_combination
-- ----------------------------
INSERT INTO `acupoint_combination` VALUES (1985400000000000001, '健脾益气养生方', '气虚质', '疲劳乏力、气短懒言、食欲不振', '[1985300000000000001, 1985300000000000016, 1985300000000000019, 1985300000000000011]', '本组合方案针对气虚体质人群，通过按摩足三里、脾俞、中脘、气海等穴位，达到健脾益气、补中益气的功效。适合经常感到疲劳、乏力、气短的人群。', '1. 先按摩中脘穴5分钟，顺时针揉动，促进脾胃运化\n2. 再按摩气海穴5分钟，配合腹式呼吸，培元固本\n3. 然后按摩足三里穴各5分钟，增强脾胃功能\n4. 最后按摩脾俞穴5分钟，调理脾胃', 25, '每日1-2次，早晚各一次', '2025-11-05 19:08:36', '2025-11-05 19:08:36');
INSERT INTO `acupoint_combination` VALUES (1985400000000000002, '温阳散寒保健方', '阳虚质', '畏寒怕冷、手足不温、腰膝酸软', '[1985300000000000010, 1985300000000000017, 1985300000000000011, 1985300000000000001]', '本组合方案针对阳虚体质人群，通过按摩关元、肾俞、气海、足三里等穴位，达到温阳散寒、补肾助阳的功效。适合经常感到怕冷、手脚冰凉的人群。', '1. 先按摩关元穴5分钟，配合热敷效果更佳\n2. 再按摩气海穴5分钟，培元固本\n3. 然后按摩肾俞穴各5分钟，可配合热敷\n4. 最后按摩足三里穴5分钟，增强体质', 25, '每日1-2次，睡前按摩效果更佳', '2025-11-05 19:08:36', '2025-11-05 19:08:36');
INSERT INTO `acupoint_combination` VALUES (1985400000000000003, '疏肝解郁调理方', '气郁质', '情绪抑郁、胸闷胁痛、失眠多梦', '[1985300000000000005, 1985300000000000003, 1985300000000000008, 1985300000000000020]', '本组合方案针对气郁体质人群，通过按摩太冲、内关、神门、膻中等穴位，达到疏肝解郁、宁心安神的功效。适合经常感到情绪低落、胸闷、失眠的人群。', '1. 先按摩膻中穴3分钟，配合深呼吸，舒畅心胸\n2. 再按摩太冲穴各3分钟，疏肝解郁\n3. 然后按摩内关穴各3分钟，宁心安神\n4. 最后按摩神门穴各3分钟，改善睡眠', 20, '每日2-3次，情绪不佳时可随时按摩', '2025-11-05 19:08:36', '2025-11-05 19:08:36');
INSERT INTO `acupoint_combination` VALUES (1985400000000000004, '滋阴降火养生方', '阴虚质', '口干咽燥、手足心热、失眠盗汗', '[1985300000000000007, 1985300000000000004, 1985300000000000008, 1985300000000000015]', '本组合方案针对阴虚体质人群，通过按摩涌泉、三阴交、神门、肺俞等穴位，达到滋阴降火、养心安神的功效。适合经常感到口干、手脚心发热、失眠的人群。', '1. 先按摩涌泉穴各5分钟，滋阴降火\n2. 再按摩三阴交穴各5分钟，调补肝肾\n3. 然后按摩神门穴各3分钟，养心安神\n4. 最后按摩肺俞穴3分钟，补虚清热', 25, '每日1次，睡前按摩效果更佳', '2025-11-05 19:08:36', '2025-11-05 19:08:36');
INSERT INTO `acupoint_combination` VALUES (1985400000000000005, '健脾祛湿调理方', '痰湿质', '身体困重、胸闷痰多、腹胀便溏', '[1985300000000000001, 1985300000000000016, 1985300000000000018, 1985300000000000019]', '本组合方案针对痰湿体质人群，通过按摩足三里、脾俞、天枢、中脘等穴位，达到健脾祛湿、化痰消食的功效。适合体型肥胖、经常感到身体沉重、痰多的人群。', '1. 先按摩中脘穴5分钟，健脾和胃\n2. 再按摩天枢穴各5分钟，顺时针揉动，调理肠胃\n3. 然后按摩足三里穴各5分钟，健脾化湿\n4. 最后按摩脾俞穴5分钟，增强脾胃功能', 30, '每日1-2次，饭后1小时按摩', '2025-11-05 19:08:36', '2025-11-05 19:08:36');
INSERT INTO `acupoint_combination` VALUES (1985400000000000006, '清热利湿保健方', '湿热质', '口苦口臭、小便黄赤、皮肤油腻', '[1985300000000000013, 1985300000000000005, 1985300000000000012, 1985300000000000007]', '本组合方案针对湿热体质人群，通过按摩曲池、太冲、血海、涌泉等穴位，达到清热利湿、凉血解毒的功效。适合经常感到口苦、小便黄、皮肤油腻的人群。', '1. 先按摩曲池穴各3分钟，清热解表\n2. 再按摩太冲穴各3分钟，清热利湿\n3. 然后按摩血海穴各3分钟，凉血活血\n4. 最后按摩涌泉穴各5分钟，滋阴降火', 20, '每日1-2次', '2025-11-05 19:08:36', '2025-11-05 19:08:36');
INSERT INTO `acupoint_combination` VALUES (1985400000000000007, '活血化瘀调理方', '血瘀质', '面色晦暗、肌肤甲错、疼痛固定', '[1985300000000000002, 1985300000000000012, 1985300000000000014, 1985300000000000005]', '本组合方案针对血瘀体质人群，通过按摩合谷、血海、委中、太冲等穴位，达到活血化瘀、通络止痛的功效。适合面色暗沉、容易出现瘀斑、疼痛的人群。', '1. 先按摩合谷穴各3分钟，通经活络\n2. 再按摩血海穴各5分钟，活血化瘀\n3. 然后按摩委中穴各3分钟，散瘀活血\n4. 最后按摩太冲穴各3分钟，疏肝活血', 20, '每日1-2次', '2025-11-05 19:08:36', '2025-11-05 19:08:36');
INSERT INTO `acupoint_combination` VALUES (1985400000000000008, '头痛缓解按摩方', 'ALL', '头痛、偏头痛、颈项强痛', '[1985300000000000006, 1985300000000000009, 1985300000000000002, 1985300000000000005]', '本组合方案针对各种头痛症状，通过按摩百会、风池、合谷、太冲等穴位，达到醒脑开窍、祛风止痛的功效。适合经常头痛、偏头痛、颈椎不适的人群。', '1. 先按摩百会穴3分钟，醒脑开窍\n2. 再按摩风池穴各3分钟，祛风止痛\n3. 然后按摩合谷穴各3分钟，镇静止痛\n4. 最后按摩太冲穴各3分钟，平肝息风', 18, '头痛时可随时按摩，每日2-3次', '2025-11-05 19:08:36', '2025-11-05 19:08:36');
INSERT INTO `acupoint_combination` VALUES (1985400000000000009, '安神助眠调理方', 'ALL', '失眠多梦、心烦易怒、健忘', '[1985300000000000008, 1985300000000000003, 1985300000000000007, 1985300000000000006]', '本组合方案针对失眠症状，通过按摩神门、内关、涌泉、百会等穴位，达到养心安神、宁心助眠的功效。适合经常失眠、多梦、睡眠质量差的人群。', '1. 先按摩百会穴3分钟，安神定志\n2. 再按摩神门穴各5分钟，养心安神\n3. 然后按摩内关穴各5分钟，配合深呼吸\n4. 最后按摩涌泉穴各5分钟，引火归元', 25, '每日睡前1次', '2025-11-05 19:08:36', '2025-11-05 19:08:36');
INSERT INTO `acupoint_combination` VALUES (1985400000000000010, '腰痛缓解按摩方', 'ALL', '腰痛、腰膝酸软、下肢无力', '[1985300000000000017, 1985300000000000014, 1985300000000000010, 1985300000000000001]', '本组合方案针对腰痛症状，通过按摩肾俞、委中、关元、足三里等穴位，达到强腰健肾、舒筋通络的功效。适合经常腰痛、腰酸、久坐久站的人群。', '1. 先按摩肾俞穴各5分钟，可配合热敷\n2. 再按摩关元穴5分钟，培元固本\n3. 然后按摩委中穴各3分钟，舒筋通络\n4. 最后按摩足三里穴各5分钟，强健体质', 25, '每日1-2次，腰痛时可增加按摩次数', '2025-11-05 19:08:36', '2025-11-05 19:08:36');

-- ----------------------------
-- Table structure for appointment
-- ----------------------------
DROP TABLE IF EXISTS `appointment`;
CREATE TABLE `appointment`  (
  `id` bigint NOT NULL COMMENT '预约ID',
  `user_id` bigint NOT NULL COMMENT '用户ID',
  `doctor_id` bigint NOT NULL COMMENT '中医师ID',
  `category_id` bigint NOT NULL COMMENT '分类ID',
  `schedule_id` bigint NOT NULL COMMENT '排班ID',
  `appointment_date` date NOT NULL COMMENT '预约日期',
  `time_slot` enum('MORNING','AFTERNOON','EVENING') CHARACTER SET utf8mb4 COLLATE utf8mb4_unicode_ci NOT NULL COMMENT '时段',
  `queue_number` int NULL DEFAULT NULL COMMENT '排队号',
  `consultation_fee` decimal(10, 2) NULL DEFAULT 0.00 COMMENT '咨询费',
  `status` enum('PENDING','CONFIRMED','IN_PROGRESS','COMPLETED','CANCELLED','NO_SHOW') CHARACTER SET utf8mb4 COLLATE utf8mb4_unicode_ci NOT NULL DEFAULT 'PENDING' COMMENT '状态',
  `cancel_reason` varchar(255) CHARACTER SET utf8mb4 COLLATE utf8mb4_unicode_ci NULL DEFAULT NULL COMMENT '取消原因',
  `note` text CHARACTER SET utf8mb4 COLLATE utf8mb4_unicode_ci NULL COMMENT '备注',
  `created_at` datetime NOT NULL DEFAULT CURRENT_TIMESTAMP,
  `updated_at` datetime NOT NULL DEFAULT CURRENT_TIMESTAMP ON UPDATE CURRENT_TIMESTAMP,
  `version` int NOT NULL DEFAULT 0,
  PRIMARY KEY (`id`) USING BTREE,
  INDEX `idx_user_id`(`user_id` ASC) USING BTREE,
  INDEX `idx_doctor_id`(`doctor_id` ASC) USING BTREE,
  INDEX `idx_appointment_date`(`appointment_date` ASC) USING BTREE,
  INDEX `idx_status`(`status` ASC) USING BTREE
) ENGINE = InnoDB CHARACTER SET = utf8mb4 COLLATE = utf8mb4_unicode_ci COMMENT = '预约表' ROW_FORMAT = DYNAMIC;

-- ----------------------------
-- Records of appointment
-- ----------------------------
INSERT INTO `appointment` VALUES (1987145618321059842, 1986027188356419585, 1986307376001003521, 1, 1986307458507157508, '2025-11-08', 'EVENING', 6, 0.00, 'COMPLETED', NULL, NULL, '2025-11-08 21:10:09', '2025-11-12 17:15:02', 0);
INSERT INTO `appointment` VALUES (1987167835910062081, 1986027188356419585, 1986307376001003521, 1, 1986307458507157508, '2025-11-08', 'EVENING', 7, 0.00, 'COMPLETED', NULL, NULL, '2025-11-08 22:38:26', '2025-11-12 17:15:03', 0);
INSERT INTO `appointment` VALUES (1987371364537282561, 1986027188356419585, 1986307376001003521, 1, 1986307458574266370, '2025-11-09', 'MORNING', 1, 0.00, 'COMPLETED', NULL, NULL, '2025-11-09 12:07:11', '2025-11-12 17:15:05', 0);
INSERT INTO `appointment` VALUES (1987372942707077121, 1986027188356419585, 1986307376001003521, 1, 1986307458574266370, '2025-11-09', 'MORNING', 2, 0.00, 'COMPLETED', NULL, NULL, '2025-11-09 12:13:27', '2025-11-12 17:15:07', 0);
INSERT INTO `appointment` VALUES (1988536120300269570, 1986027188356419585, 1986307376001003521, 1, 1986307458708484097, '2025-11-12', 'EVENING', 1, 0.00, 'COMPLETED', NULL, NULL, '2025-11-12 17:15:30', '2025-11-12 17:21:17', 0);
INSERT INTO `appointment` VALUES (1988549911167184897, 1986027188356419585, 1986307376001003521, 1, 1986307458708484097, '2025-11-12', 'EVENING', 2, 0.00, 'COMPLETED', NULL, NULL, '2025-11-12 18:10:18', '2025-11-14 13:14:54', 0);
INSERT INTO `appointment` VALUES (1988568544224624642, 1986027188356419585, 1986307376001003521, 1, 1986307458708484097, '2025-11-12', 'EVENING', 3, 0.00, 'COMPLETED', NULL, NULL, '2025-11-12 19:24:21', '2025-11-14 13:14:58', 0);
INSERT INTO `appointment` VALUES (1988571113554591745, 1986027188356419585, 1986307376001003521, 1, 1986307458708484097, '2025-11-12', 'EVENING', 4, 0.00, 'COMPLETED', NULL, NULL, '2025-11-12 19:34:34', '2025-11-14 13:15:00', 0);
INSERT INTO `appointment` VALUES (1988571644696084482, 1986027188356419585, 1986307376001003521, 1, 1986307458708484097, '2025-11-12', 'EVENING', 5, 0.00, 'COMPLETED', NULL, NULL, '2025-11-12 19:36:40', '2025-11-14 13:15:04', 0);
INSERT INTO `appointment` VALUES (1989205055550619649, 1986027188356419585, 1986307376001003521, 1, 1986307458771398658, '2025-11-14', 'EVENING', 1, 0.00, 'CANCELLED', NULL, NULL, '2025-11-14 13:33:37', '2025-11-14 13:33:37', 0);
INSERT INTO `appointment` VALUES (1989206097021468674, 1986027188356419585, 1986307376001003521, 1, 1986307458771398658, '2025-11-14', 'EVENING', 1, 0.00, 'CANCELLED', NULL, NULL, '2025-11-14 13:37:45', '2025-11-14 13:37:45', 0);
INSERT INTO `appointment` VALUES (1989207814958002178, 1986027188356419585, 1986307376001003521, 1, 1986307458771398658, '2025-11-14', 'EVENING', 1, 0.00, 'CANCELLED', NULL, NULL, '2025-11-14 13:44:35', '2025-11-14 13:44:35', 0);
INSERT INTO `appointment` VALUES (1989212270336520193, 1986027188356419585, 1986307376001003521, 1, 1986307458771398658, '2025-11-14', 'EVENING', 1, 0.00, 'CANCELLED', NULL, NULL, '2025-11-14 14:02:17', '2025-11-14 14:02:17', 0);
INSERT INTO `appointment` VALUES (1989213197369978882, 1986027188356419585, 1986307376001003521, 1, 1986307458771398658, '2025-11-14', 'EVENING', 1, 0.00, 'COMPLETED', NULL, NULL, '2025-11-14 14:05:58', '2025-11-14 14:20:59', 0);

-- ----------------------------
-- Table structure for article_comment
-- ----------------------------
DROP TABLE IF EXISTS `article_comment`;
CREATE TABLE `article_comment`  (
  `id` bigint NOT NULL,
  `article_id` bigint NOT NULL,
  `user_id` bigint NOT NULL,
  `user_name` varchar(50) CHARACTER SET utf8mb4 COLLATE utf8mb4_unicode_ci NULL DEFAULT NULL COMMENT '用户姓名（发表评论时的姓名）',
  `parent_id` bigint NULL DEFAULT 0 COMMENT '父评论ID（0表示一级评论）',
  `reply_to_user_id` bigint NULL DEFAULT NULL COMMENT '回复的用户ID',
  `content` text CHARACTER SET utf8mb4 COLLATE utf8mb4_unicode_ci NOT NULL,
  `like_count` int NULL DEFAULT 0,
  `status` tinyint NULL DEFAULT 1 COMMENT '状态 0-已删除 1-正常',
  `created_at` datetime NULL DEFAULT CURRENT_TIMESTAMP,
  `updated_at` datetime NULL DEFAULT CURRENT_TIMESTAMP ON UPDATE CURRENT_TIMESTAMP,
  PRIMARY KEY (`id`) USING BTREE,
  INDEX `idx_article_id`(`article_id` ASC) USING BTREE,
  INDEX `idx_user_id`(`user_id` ASC) USING BTREE,
  INDEX `idx_parent_id`(`parent_id` ASC) USING BTREE
) ENGINE = InnoDB CHARACTER SET = utf8mb4 COLLATE = utf8mb4_unicode_ci COMMENT = '文章评论表' ROW_FORMAT = DYNAMIC;

-- ----------------------------
-- Records of article_comment
-- ----------------------------
INSERT INTO `article_comment` VALUES (1986028659508547585, 1986028637152907265, 1986027188356419585, '丁政扬', 0, NULL, '三个VS的VS的发射点发射点', 0, 1, '2025-11-05 19:11:46', '2025-11-05 19:11:46');

-- ----------------------------
-- Table structure for constitution_questionnaire
-- ----------------------------
DROP TABLE IF EXISTS `constitution_questionnaire`;
CREATE TABLE `constitution_questionnaire`  (
  `id` bigint NOT NULL COMMENT '问卷ID',
  `constitution_type_id` bigint NULL DEFAULT NULL COMMENT '对应体质类型ID',
  `question_text` text CHARACTER SET utf8mb4 COLLATE utf8mb4_unicode_ci NOT NULL COMMENT '问题内容',
  `question_order` int NULL DEFAULT NULL COMMENT '问题顺序',
  `category` varchar(50) CHARACTER SET utf8mb4 COLLATE utf8mb4_unicode_ci NULL DEFAULT NULL COMMENT '问题分类',
  `created_at` datetime NULL DEFAULT CURRENT_TIMESTAMP,
  PRIMARY KEY (`id`) USING BTREE,
  INDEX `idx_constitution_type`(`constitution_type_id` ASC) USING BTREE,
  INDEX `idx_order`(`question_order` ASC) USING BTREE
) ENGINE = InnoDB CHARACTER SET = utf8mb4 COLLATE = utf8mb4_unicode_ci COMMENT = '体质测试问卷表' ROW_FORMAT = DYNAMIC;

-- ----------------------------
-- Records of constitution_questionnaire
-- ----------------------------
INSERT INTO `constitution_questionnaire` VALUES (1, 1, '您精力充沛吗？', 1, '精神状态', '2025-11-05 19:08:46');
INSERT INTO `constitution_questionnaire` VALUES (2, 1, '您容易疲乏吗？', 2, '精神状态', '2025-11-05 19:08:46');
INSERT INTO `constitution_questionnaire` VALUES (3, 1, '您说话声音低弱无力吗？', 3, '语音', '2025-11-05 19:08:46');
INSERT INTO `constitution_questionnaire` VALUES (4, 1, '您感到闷闷不乐、情绪低沉吗？', 4, '情绪', '2025-11-05 19:08:46');
INSERT INTO `constitution_questionnaire` VALUES (5, 1, '您比一般人耐受不了寒冷（冬天的寒冷，夏天的冷空调、电扇等）吗？', 5, '寒热耐受', '2025-11-05 19:08:46');
INSERT INTO `constitution_questionnaire` VALUES (6, 1, '您能适应外界自然和社会环境的变化吗？', 6, '适应能力', '2025-11-05 19:08:46');
INSERT INTO `constitution_questionnaire` VALUES (7, 1, '您容易失眠吗？', 7, '睡眠', '2025-11-05 19:08:46');
INSERT INTO `constitution_questionnaire` VALUES (8, 2, '您容易疲乏吗？', 8, '精神状态', '2025-11-05 19:08:46');
INSERT INTO `constitution_questionnaire` VALUES (9, 2, '您容易气短（呼吸短促，接不上气）吗？', 9, '呼吸', '2025-11-05 19:08:46');
INSERT INTO `constitution_questionnaire` VALUES (10, 2, '您容易心慌吗？', 10, '心悸', '2025-11-05 19:08:46');
INSERT INTO `constitution_questionnaire` VALUES (11, 2, '您容易头晕或站起时晕眩吗？', 11, '头晕', '2025-11-05 19:08:46');
INSERT INTO `constitution_questionnaire` VALUES (12, 2, '您比别人容易患感冒吗？', 12, '抵抗力', '2025-11-05 19:08:46');
INSERT INTO `constitution_questionnaire` VALUES (13, 2, '您喜欢安静、懒得说话吗？', 13, '语音', '2025-11-05 19:08:46');
INSERT INTO `constitution_questionnaire` VALUES (14, 2, '您说话声音低弱无力吗？', 14, '语音', '2025-11-05 19:08:46');
INSERT INTO `constitution_questionnaire` VALUES (15, 2, '您活动量稍大就容易出虚汗吗？', 15, '汗出', '2025-11-05 19:08:46');
INSERT INTO `constitution_questionnaire` VALUES (16, 3, '您手脚发凉吗？', 16, '寒热', '2025-11-05 19:08:46');
INSERT INTO `constitution_questionnaire` VALUES (17, 3, '您胃脘部、背部或腰膝部怕冷吗？', 17, '寒热', '2025-11-05 19:08:46');
INSERT INTO `constitution_questionnaire` VALUES (18, 3, '您衣服比别人穿得多吗？', 18, '寒热', '2025-11-05 19:08:46');
INSERT INTO `constitution_questionnaire` VALUES (19, 3, '您比一般人耐受不了寒冷吗？', 19, '寒热耐受', '2025-11-05 19:08:46');
INSERT INTO `constitution_questionnaire` VALUES (20, 3, '您比别人容易患感冒吗？', 20, '抵抗力', '2025-11-05 19:08:46');
INSERT INTO `constitution_questionnaire` VALUES (21, 3, '您吃（喝）凉的东西会感到不舒服或者怕吃（喝）凉的东西吗？', 21, '饮食', '2025-11-05 19:08:46');
INSERT INTO `constitution_questionnaire` VALUES (22, 3, '您受凉或吃（喝）凉的东西后，容易腹泻（拉肚子）吗？', 22, '大便', '2025-11-05 19:08:46');
INSERT INTO `constitution_questionnaire` VALUES (23, 4, '您感到手脚心发热吗？', 23, '寒热', '2025-11-05 19:08:46');
INSERT INTO `constitution_questionnaire` VALUES (24, 4, '您感觉身体、脸上发热吗？', 24, '寒热', '2025-11-05 19:08:46');
INSERT INTO `constitution_questionnaire` VALUES (25, 4, '您皮肤或口唇干吗？', 25, '津液', '2025-11-05 19:08:46');
INSERT INTO `constitution_questionnaire` VALUES (26, 4, '您口唇的颜色比一般人红吗？', 26, '面色', '2025-11-05 19:08:46');
INSERT INTO `constitution_questionnaire` VALUES (27, 4, '您容易便秘或大便干燥吗？', 27, '大便', '2025-11-05 19:08:46');
INSERT INTO `constitution_questionnaire` VALUES (28, 4, '您面部两颧潮红或偏红吗？', 28, '面色', '2025-11-05 19:08:46');
INSERT INTO `constitution_questionnaire` VALUES (29, 4, '您感到眼睛干涩吗？', 29, '津液', '2025-11-05 19:08:46');
INSERT INTO `constitution_questionnaire` VALUES (30, 4, '您感到口干咽燥、总想喝水吗？', 30, '津液', '2025-11-05 19:08:46');
INSERT INTO `constitution_questionnaire` VALUES (31, 5, '您感到胸闷或腹部胀满吗？', 31, '胸腹', '2025-11-05 19:08:46');
INSERT INTO `constitution_questionnaire` VALUES (32, 5, '您感到身体沉重不轻松或不爽快吗？', 32, '身体感觉', '2025-11-05 19:08:46');
INSERT INTO `constitution_questionnaire` VALUES (33, 5, '您腹部肥大吗？', 33, '体形', '2025-11-05 19:08:46');
INSERT INTO `constitution_questionnaire` VALUES (34, 5, '您额头部位容易出油吗？', 34, '皮肤', '2025-11-05 19:08:46');
INSERT INTO `constitution_questionnaire` VALUES (35, 5, '您上眼睑比别人肿（上眼皮较肿）吗？', 35, '眼睑', '2025-11-05 19:08:46');
INSERT INTO `constitution_questionnaire` VALUES (36, 5, '您嘴里有黏黏的感觉吗？', 36, '口腔', '2025-11-05 19:08:46');
INSERT INTO `constitution_questionnaire` VALUES (37, 5, '您平时痰多，特别是咽喉部总感到有痰堵着吗？', 37, '痰', '2025-11-05 19:08:46');
INSERT INTO `constitution_questionnaire` VALUES (38, 5, '您舌苔厚腻吗？', 38, '舌苔', '2025-11-05 19:08:46');
INSERT INTO `constitution_questionnaire` VALUES (39, 6, '您面部或鼻部有油腻感或者油亮发光吗？', 39, '皮肤', '2025-11-05 19:08:46');
INSERT INTO `constitution_questionnaire` VALUES (40, 6, '您容易生痤疮或疮疖吗？', 40, '皮肤', '2025-11-05 19:08:46');
INSERT INTO `constitution_questionnaire` VALUES (41, 6, '您感到口苦或嘴里有异味吗？', 41, '口腔', '2025-11-05 19:08:46');
INSERT INTO `constitution_questionnaire` VALUES (42, 6, '您大便黏滞不爽、有解不尽的感觉吗？', 42, '大便', '2025-11-05 19:08:46');
INSERT INTO `constitution_questionnaire` VALUES (43, 6, '您小便时尿道有发热感、尿色浓（深）吗？', 43, '小便', '2025-11-05 19:08:46');
INSERT INTO `constitution_questionnaire` VALUES (44, 6, '您带下色黄（白带颜色发黄）吗？（限女性回答）', 44, '带下', '2025-11-05 19:08:46');
INSERT INTO `constitution_questionnaire` VALUES (45, 6, '您的阴囊潮湿吗？（限男性回答）', 45, '阴囊', '2025-11-05 19:08:46');
INSERT INTO `constitution_questionnaire` VALUES (46, 7, '您皮肤在不知不觉中会出现青紫瘀斑（皮下出血）吗？', 46, '皮肤', '2025-11-05 19:08:46');
INSERT INTO `constitution_questionnaire` VALUES (47, 7, '您两颧部有细微红丝吗？', 47, '面色', '2025-11-05 19:08:46');
INSERT INTO `constitution_questionnaire` VALUES (48, 7, '您身体上有哪里疼痛吗？', 48, '疼痛', '2025-11-05 19:08:46');
INSERT INTO `constitution_questionnaire` VALUES (49, 7, '您面色晦黯或容易出现褐斑吗？', 49, '面色', '2025-11-05 19:08:46');
INSERT INTO `constitution_questionnaire` VALUES (50, 7, '您容易有黑眼圈吗？', 50, '眼圈', '2025-11-05 19:08:46');
INSERT INTO `constitution_questionnaire` VALUES (51, 7, '您容易忘事（健忘）吗？', 51, '记忆', '2025-11-05 19:08:46');
INSERT INTO `constitution_questionnaire` VALUES (52, 7, '您口唇颜色偏黯吗？', 52, '口唇', '2025-11-05 19:08:46');
INSERT INTO `constitution_questionnaire` VALUES (53, 8, '您感到闷闷不乐、情绪低沉吗？', 53, '情绪', '2025-11-05 19:08:46');
INSERT INTO `constitution_questionnaire` VALUES (54, 8, '您容易精神紧张、焦虑不安吗？', 54, '情绪', '2025-11-05 19:08:46');
INSERT INTO `constitution_questionnaire` VALUES (55, 8, '您多愁善感、感情脆弱吗？', 55, '情绪', '2025-11-05 19:08:46');
INSERT INTO `constitution_questionnaire` VALUES (56, 8, '您容易感到害怕或受到惊吓吗？', 56, '情绪', '2025-11-05 19:08:46');
INSERT INTO `constitution_questionnaire` VALUES (57, 8, '您胁肋部或乳房胀痛吗？', 57, '疼痛', '2025-11-05 19:08:46');
INSERT INTO `constitution_questionnaire` VALUES (58, 8, '您无缘无故叹气吗？', 58, '叹息', '2025-11-05 19:08:46');
INSERT INTO `constitution_questionnaire` VALUES (59, 8, '您咽喉部有异物感，且吐之不出、咽之不下吗？', 59, '咽喉', '2025-11-05 19:08:46');
INSERT INTO `constitution_questionnaire` VALUES (60, 9, '您没有感冒时也会打喷嚏吗？', 60, '过敏', '2025-11-05 19:08:46');
INSERT INTO `constitution_questionnaire` VALUES (61, 9, '您没有感冒时也会鼻塞、流鼻涕吗？', 61, '过敏', '2025-11-05 19:08:46');
INSERT INTO `constitution_questionnaire` VALUES (62, 9, '您有因季节变化、温度变化或异味等原因而咳喘的现象吗？', 62, '过敏', '2025-11-05 19:08:46');
INSERT INTO `constitution_questionnaire` VALUES (63, 9, '您容易过敏（对药物、食物、气味、花粉或在季节交替、气候变化时）吗？', 63, '过敏', '2025-11-05 19:08:46');
INSERT INTO `constitution_questionnaire` VALUES (64, 9, '您的皮肤容易起荨麻疹（风团、风疹块、风疙瘩）吗？', 64, '皮肤', '2025-11-05 19:08:46');
INSERT INTO `constitution_questionnaire` VALUES (65, 9, '您的皮肤因过敏出现过紫癜（紫红色瘀点、瘀斑）吗？', 65, '皮肤', '2025-11-05 19:08:46');
INSERT INTO `constitution_questionnaire` VALUES (66, 9, '您的皮肤一抓就红，并出现抓痕吗？', 66, '皮肤', '2025-11-05 19:08:46');

-- ----------------------------
-- Table structure for constitution_type
-- ----------------------------
DROP TABLE IF EXISTS `constitution_type`;
CREATE TABLE `constitution_type`  (
  `id` bigint NOT NULL COMMENT '体质类型ID',
  `type_code` varchar(20) CHARACTER SET utf8mb4 COLLATE utf8mb4_unicode_ci NOT NULL COMMENT '体质代码（如：PINGHE）',
  `type_name` varchar(50) CHARACTER SET utf8mb4 COLLATE utf8mb4_unicode_ci NOT NULL COMMENT '体质名称（如：平和质）',
  `description` text CHARACTER SET utf8mb4 COLLATE utf8mb4_unicode_ci NULL COMMENT '体质描述',
  `characteristics` text CHARACTER SET utf8mb4 COLLATE utf8mb4_unicode_ci NULL COMMENT '主要特征',
  `susceptible_diseases` text CHARACTER SET utf8mb4 COLLATE utf8mb4_unicode_ci NULL COMMENT '易患疾病',
  `health_advice` text CHARACTER SET utf8mb4 COLLATE utf8mb4_unicode_ci NULL COMMENT '养生建议',
  `diet_advice` text CHARACTER SET utf8mb4 COLLATE utf8mb4_unicode_ci NULL COMMENT '饮食建议',
  `exercise_advice` text CHARACTER SET utf8mb4 COLLATE utf8mb4_unicode_ci NULL COMMENT '运动建议',
  `emotion_advice` text CHARACTER SET utf8mb4 COLLATE utf8mb4_unicode_ci NULL COMMENT '情志调节',
  `icon` varchar(100) CHARACTER SET utf8mb4 COLLATE utf8mb4_unicode_ci NULL DEFAULT NULL COMMENT '图标',
  `color` varchar(20) CHARACTER SET utf8mb4 COLLATE utf8mb4_unicode_ci NULL DEFAULT NULL COMMENT '主题色',
  `sort_order` int NULL DEFAULT 0,
  `created_at` datetime NULL DEFAULT CURRENT_TIMESTAMP,
  `updated_at` datetime NULL DEFAULT CURRENT_TIMESTAMP ON UPDATE CURRENT_TIMESTAMP,
  PRIMARY KEY (`id`) USING BTREE,
  UNIQUE INDEX `uk_type_code`(`type_code` ASC) USING BTREE
) ENGINE = InnoDB CHARACTER SET = utf8mb4 COLLATE = utf8mb4_unicode_ci COMMENT = '中医体质类型表' ROW_FORMAT = DYNAMIC;

-- ----------------------------
-- Records of constitution_type
-- ----------------------------
INSERT INTO `constitution_type` VALUES (1, 'PINGHE', '平和质', '阴阳气血调和，体态适中，面色红润，精力充沛', '体形匀称健壮，面色、肤色润泽，头发稠密有光泽，目光有神，不易疲劳，精力充沛，耐受寒热，睡眠良好，胃纳佳，二便正常', '较少生病', '保持良好的生活习惯，饮食有节，起居有常，不妄作劳', '饮食有节制，不要过饥过饱，不要常吃过冷过热或不干净的食物，粗细粮食要合理搭配，多吃五谷杂粮、蔬菜瓜果', '可选择散步、慢跑、太极拳、八段锦等运动', '保持心情舒畅，情绪稳定', 'pinghe.png', '#52C41A', 1, '2025-11-05 19:02:06', '2025-11-05 19:02:06');
INSERT INTO `constitution_type` VALUES (2, 'QIXU', '气虚质', '元气不足，以疲乏、气短、自汗等气虚表现为主要特征', '肌肉松软不实，平素语音低弱，气短懒言，容易疲乏，精神不振，易出汗，舌淡红，舌边有齿痕，脉弱', '易患感冒、内脏下垂等病；病后康复缓慢', '多食具有益气健脾作用的食物，如黄豆、白扁豆、鸡肉、泥鳅、香菇、大枣、桂圆、蜂蜜等', '宜食性平味甘或甘温之物，宜食营养丰富、容易消化的平补食品', '可做一些柔缓的运动，如散步、打太极拳、做操等，不宜做大负荷运动和大出汗的运动', '保持心情舒畅，避免过度劳累', 'qixu.png', '#FAAD14', 2, '2025-11-05 19:02:06', '2025-11-05 19:02:06');
INSERT INTO `constitution_type` VALUES (3, 'YANGXU', '阳虚质', '阳气不足，以畏寒怕冷、手足不温等虚寒表现为主要特征', '肌肉松软不实，平素畏冷，手足不温，喜热饮食，精神不振，舌淡胖嫩，脉沉迟', '易患痰饮、肿胀、泄泻等病；感邪易从寒化', '可多吃甘温益气的食物，比如牛羊狗肉、葱、姜、蒜、花椒、鳝鱼、韭菜、辣椒、胡椒等', '少食生冷寒凉食物如黄瓜、藕、梨、西瓜等', '可做一些舒缓柔和的运动，如慢跑、散步、太极拳、广播操', '保持心情舒畅，避免情绪波动', 'yangxu.png', '#FF7875', 3, '2025-11-05 19:02:06', '2025-11-05 19:02:06');
INSERT INTO `constitution_type` VALUES (4, 'YINXU', '阴虚质', '阴液亏少，以口燥咽干、手足心热等虚热表现为主要特征', '体形偏瘦，面色潮红，有烘热感，手足心热，口燥咽干，喜冷饮，大便干燥，舌红少津，脉细数', '易患虚劳、失精、不寐等病；感邪易从热化', '多吃甘凉滋润的食物，比如瘦猪肉、鸭肉、龟、鳖、绿豆、冬瓜、芝麻、百合等', '少食羊肉、狗肉、韭菜、辣椒、葱、蒜、葵花子等性温燥烈的食物', '只适合做中小强度、间断性的身体锻炼，可选择太极拳、太极剑等', '保持心情舒畅，避免情绪激动', 'yinxu.png', '#FA8C16', 4, '2025-11-05 19:02:06', '2025-11-05 19:02:06');
INSERT INTO `constitution_type` VALUES (5, 'TANSHI', '痰湿质', '痰湿凝聚，以形体肥胖、腹部肥满、口黏苔腻等痰湿表现为主要特征', '体形肥胖，腹部肥满松软，面部皮肤油脂较多，多汗且黏，胸闷，痰多，口黏腻或甜，喜食肥甘甜黏，苔腻，脉滑', '易患消渴、中风、胸痹等病', '饮食清淡，多食葱、蒜、海藻、海带、冬瓜、萝卜、金橘、芥末等食物', '少食甜黏油腻，少喝酒，不宜过饱', '可坚持体育锻炼，如散步、慢跑、球类、游泳、武术、八段锦、五禽戏等', '保持心情舒畅，多参加社会活动', 'tanshi.png', '#1890FF', 5, '2025-11-05 19:02:06', '2025-11-05 19:02:06');
INSERT INTO `constitution_type` VALUES (6, 'SHIRE', '湿热质', '湿热内蕴，以面垢油光、口苦、苔黄腻等湿热表现为主要特征', '面垢油光，易生痤疮，口苦口干，身重困倦，大便黏滞不畅或燥结，小便短黄，男性易阴囊潮湿，女性易带下增多，舌质偏红，苔黄腻，脉滑数', '易患疮疖、黄疸、热淋等病', '饮食清淡，多吃甘寒、甘平的食物如绿豆、空心菜、苋菜、芹菜、黄瓜、冬瓜、藕、西瓜等', '少食辛温助热的食物，戒除烟酒', '适合做大强度、大运动量的锻炼，如中长跑、游泳、爬山、各种球类等', '保持心情舒畅，避免熬夜', 'shire.png', '#13C2C2', 6, '2025-11-05 19:02:06', '2025-11-05 19:02:06');
INSERT INTO `constitution_type` VALUES (7, 'XUEYU', '血瘀质', '血行不畅，以肤色晦黯、舌质紫黯等血瘀表现为主要特征', '肤色晦黯，色素沉着，容易出现瘀斑，口唇黯淡，舌黯或有瘀点，舌下络脉紫黯或增粗，脉涩', '易患癥瘕及痛证、血证等', '可多食黑豆、海带、紫菜、萝卜、胡萝卜、山楂、醋、绿茶等具有活血、散结、行气、疏肝解郁作用的食物', '少食肥猪肉等，并保持足够的睡眠', '可进行一些有助于促进气血运行的运动项目，如太极拳、太极剑、舞蹈、步行等', '保持心情舒畅，避免情绪抑郁', 'xueyu.png', '#722ED1', 7, '2025-11-05 19:02:06', '2025-11-05 19:02:06');
INSERT INTO `constitution_type` VALUES (8, 'QIYU', '气郁质', '气机郁滞，以神情抑郁、忧虑脆弱等气郁表现为主要特征', '神情抑郁，情感脆弱，烦闷不乐，舌淡红，苔薄白，脉弦', '易患脏躁、梅核气、百合病及郁证等', '多吃小麦、海带、海藻、萝卜、金橘、山楂等具有行气、解郁、消食、醒神的食物', '少食收敛酸涩之物，如乌梅、泡菜、石榴、青梅、杨梅、草莓、杨桃、酸枣、李子、柠檬等', '尽量增加户外活动，可坚持较大量的运动锻炼', '保持心情舒畅，多参加社会活动，多听音乐', 'qiyu.png', '#EB2F96', 8, '2025-11-05 19:02:06', '2025-11-05 19:02:06');
INSERT INTO `constitution_type` VALUES (9, 'TEBING', '特禀质', '先天失常，以生理缺陷、过敏反应等为主要特征', '过敏体质者常见哮喘、风团、咽痒、鼻塞、喷嚏等；患遗传性疾病者有垂直遗传、先天性、家族性特征', '易患哮喘、荨麻疹、花粉症及药物过敏等', '饮食清淡、均衡，粗细搭配适当，荤素配伍合理', '少食荞麦、蚕豆、白扁豆、牛肉、鹅肉、茄子、浓茶等辛辣之品、腥膻发物及含致敏物质的食物', '可进行适度的户外活动', '保持心情舒畅，避免情绪紧张', 'tebing.png', '#2F54EB', 9, '2025-11-05 19:02:06', '2025-11-05 19:02:06');

-- ----------------------------
-- Table structure for consultation_record
-- ----------------------------
DROP TABLE IF EXISTS `consultation_record`;
CREATE TABLE `consultation_record`  (
  `id` bigint NOT NULL COMMENT '接诊记录ID',
  `appointment_id` bigint NOT NULL COMMENT '预约ID',
  `patient_id` bigint NOT NULL COMMENT '患者ID',
  `doctor_id` bigint NOT NULL COMMENT '医生ID',
  `category_id` bigint NOT NULL COMMENT '分类ID（中医分类）',
  `consultation_date` date NOT NULL COMMENT '接诊日期',
  `consultation_time` time NULL DEFAULT NULL COMMENT '接诊时间',
  `chief_complaint` text CHARACTER SET utf8mb4 COLLATE utf8mb4_unicode_ci NULL COMMENT '主诉',
  `present_illness` text CHARACTER SET utf8mb4 COLLATE utf8mb4_unicode_ci NULL COMMENT '现病史',
  `past_history` text CHARACTER SET utf8mb4 COLLATE utf8mb4_unicode_ci NULL COMMENT '既往史',
  `physical_examination` text CHARACTER SET utf8mb4 COLLATE utf8mb4_unicode_ci NULL COMMENT '体格检查',
  `auxiliary_examination` text CHARACTER SET utf8mb4 COLLATE utf8mb4_unicode_ci NULL COMMENT '辅助检查',
  `diagnosis` text CHARACTER SET utf8mb4 COLLATE utf8mb4_unicode_ci NULL COMMENT '诊断',
  `treatment_plan` text CHARACTER SET utf8mb4 COLLATE utf8mb4_unicode_ci NULL COMMENT '治疗方案',
  `prescription` text CHARACTER SET utf8mb4 COLLATE utf8mb4_unicode_ci NULL COMMENT '处方（JSON格式）',
  `follow_up_advice` text CHARACTER SET utf8mb4 COLLATE utf8mb4_unicode_ci NULL COMMENT '随访建议',
  `consultation_fee` decimal(10, 2) NULL DEFAULT 0.00 COMMENT '诊疗费',
  `duration_minutes` int NULL DEFAULT 0 COMMENT '接诊时长（分钟）',
  `status` varchar(20) CHARACTER SET utf8mb4 COLLATE utf8mb4_unicode_ci NOT NULL DEFAULT 'IN_PROGRESS' COMMENT '状态 IN_PROGRESS-进行中 COMPLETED-已完成',
  `created_at` datetime NOT NULL DEFAULT CURRENT_TIMESTAMP COMMENT '创建时间',
  `updated_at` datetime NOT NULL DEFAULT CURRENT_TIMESTAMP ON UPDATE CURRENT_TIMESTAMP COMMENT '更新时间',
  `version` int NOT NULL DEFAULT 0 COMMENT '乐观锁版本号',
  PRIMARY KEY (`id`) USING BTREE,
  UNIQUE INDEX `uk_appointment_id`(`appointment_id` ASC) USING BTREE COMMENT '预约ID唯一索引',
  INDEX `idx_patient_id`(`patient_id` ASC) USING BTREE COMMENT '患者ID索引',
  INDEX `idx_doctor_id`(`doctor_id` ASC) USING BTREE COMMENT '医生ID索引',
  INDEX `idx_category_id`(`category_id` ASC) USING BTREE COMMENT '分类ID索引',
  INDEX `idx_consultation_date`(`consultation_date` ASC) USING BTREE COMMENT '接诊日期索引',
  INDEX `idx_status`(`status` ASC) USING BTREE COMMENT '状态索引',
  INDEX `idx_doctor_status`(`doctor_id` ASC, `status` ASC) USING BTREE COMMENT '医生ID和状态组合索引'
) ENGINE = InnoDB CHARACTER SET = utf8mb4 COLLATE = utf8mb4_unicode_ci COMMENT = '接诊记录表：存储医生接诊患者的详细记录，包括主诉、诊断、治疗方案等信息' ROW_FORMAT = DYNAMIC;

-- ----------------------------
-- Records of consultation_record
-- ----------------------------
INSERT INTO `consultation_record` VALUES (1987126294491533314, 1987126213663100929, 1986027188356419585, 1986307376001003521, 1, '2025-11-08', '19:53:22', '我是丁政扬', '我是丁政扬', '我是丁政扬', '我是丁政扬', '我是丁政扬', '我是丁政扬', '我是丁政扬', '我是丁政扬', '我是丁政扬', 30.00, 0, 'COMPLETED', '2025-11-08 19:53:22', '2025-11-08 19:53:22', 0);
INSERT INTO `consultation_record` VALUES (1987133894843318273, 1987131196026904578, 1986027188356419585, 1986307376001003521, 1, '2025-11-08', '20:23:34', '我是撒打算', '我是撒打算', '我是撒打算', '我是撒打算', '我是撒打算', '我是撒打算', '我是撒打算', '我是撒打算', '我是撒打算', 30.00, 0, 'COMPLETED', '2025-11-08 20:23:34', '2025-11-08 20:23:34', 0);
INSERT INTO `consultation_record` VALUES (1987134226524684290, 1987134168660066306, 1986027188356419585, 1986307376001003521, 1, '2025-11-08', '20:24:53', '大师傅士大夫是', '大师傅士大夫是', '大师傅士大夫是', '大师傅士大夫是', '大师傅士大夫是', '大师傅士大夫是', '大师傅士大夫是大师傅士大夫是', '大师傅士大夫是', '大师傅士大夫是', 30.00, 0, 'COMPLETED', '2025-11-08 20:24:53', '2025-11-08 20:24:53', 0);
INSERT INTO `consultation_record` VALUES (1987135272978055169, 1987134721380941826, 1986027188356419585, 1986307376001003521, 1, '2025-11-08', '20:29:03', '微软发射点发生', '微软发射点发生', '微软发射点发生', '微软发射点发生', '微软发射点发生', '微软发射点发生', '微软发射点发生', '微软发射点发生', '微软发射点发生', 30.00, 2, 'COMPLETED', '2025-11-08 20:29:03', '2025-11-08 20:29:03', 0);
INSERT INTO `consultation_record` VALUES (1987140382315905026, 1987140283930116098, 1986027188356419585, 1986307376001003521, 1, '2025-11-08', '20:49:21', '请问大师大事', '请问大师大事', '请问大师大事', '请问大师大事', '请问大师大事', '请问大师大事', '请问大师大事', '请问大师大事', '请问大师大事', 30.00, 0, 'COMPLETED', '2025-11-08 20:49:21', '2025-11-08 20:49:21', 0);
INSERT INTO `consultation_record` VALUES (1987145692912562178, 1987145618321059842, 1986027188356419585, 1986307376001003521, 1, '2025-11-08', '21:10:27', '而发生的打法是', '而发生的打法是', '而发生的打法是', '而发生的打法是', '而发生的打法是', '而发生的打法是', '而发生的打法是', '而发生的打法是', '而发生的打法是', 30.00, 0, 'COMPLETED', '2025-11-08 21:10:27', '2025-11-08 21:10:27', 0);
INSERT INTO `consultation_record` VALUES (1987167983046246401, 1987167835910062081, 1986027188356419585, 1986307376001003521, 1, '2025-11-08', '22:39:02', '1244日撒打发士大夫', '1244日撒打发士大夫', '1244日撒打发士大夫', '1244日撒打发士大夫', '1244日撒打发士大夫', '1244日撒打发士大夫', '1244日撒打发士大夫', '1244日撒打发士大夫', '1244日撒打发士大夫', 30.00, 0, 'COMPLETED', '2025-11-08 22:39:02', '2025-11-08 22:39:02', 0);
INSERT INTO `consultation_record` VALUES (1987371488554463234, 1987371364537282561, 1986027188356419585, 1986307376001003521, 1, '2025-11-09', '12:07:41', '啊实打实', '官方的说法是的', '撒大苏打', '奥收大苏打', '啊速递阿三发射点犯得上发生', '啊速递啊速递', '啊速递啊速递', '啊速递阿斯顿发射点', ' 啊手动阀无法而非公司的', 30.00, 0, 'COMPLETED', '2025-11-09 12:07:41', '2025-11-09 12:07:41', 0);
INSERT INTO `consultation_record` VALUES (1988537573593051137, 1988536120300269570, 1986027188356419585, 1986307376001003521, 1, '2025-11-12', '17:21:17', '发生发射点发', '十分士大夫但是', '第三方手动阀', '山豆根第三个是的', '大师傅士大夫士大夫', '阿萨发生发射点发', '士大夫大师傅撒发顺丰', '啊书法大赛但是', '收到贵司的服务费', 30.00, 0, 'COMPLETED', '2025-11-12 17:21:17', '2025-11-12 17:21:17', 0);
INSERT INTO `consultation_record` VALUES (1989216974135209986, 1989213197369978882, 1986027188356419585, 1986307376001003521, 1, '2025-11-14', '14:20:59', '撒大苏打撒wdfgd', '给三大帝国撒旦gagasd', '共发放VS的v变得苍白vaed', '共发送多个爱国撒旦给sa\'be\'f\'b', 'sabefb而不点分泵的发表安干we', 'we发是东方撒大噶收到ge', 'ge古巴岁的法国撒旦给啊速递啊手动阀为 ', '第三个傻傻的', '饿啊日噶的风格 ', 30.00, 0, 'COMPLETED', '2025-11-14 14:20:59', '2025-11-14 14:20:59', 0);

-- ----------------------------
-- Table structure for conversation
-- ----------------------------
DROP TABLE IF EXISTS `conversation`;
CREATE TABLE `conversation`  (
  `id` bigint NOT NULL COMMENT '会话ID',
  `patient_id` bigint NOT NULL COMMENT '患者（user表）ID',
  `doctor_id` bigint NOT NULL COMMENT '医生（tcm_doctor表）ID',
  `conversation_type` enum('PATIENT_DOCTOR','ADMIN_USER') CHARACTER SET utf8mb4 COLLATE utf8mb4_unicode_ci NULL DEFAULT 'PATIENT_DOCTOR' COMMENT '对话类型：PATIENT_DOCTOR-患者医生对话，ADMIN_USER-管理员用户对话',
  `participant1_user_id` bigint NULL DEFAULT NULL COMMENT '参与者1的用户ID',
  `participant1_role` enum('PATIENT','DOCTOR','ADMIN') CHARACTER SET utf8mb4 COLLATE utf8mb4_unicode_ci NULL DEFAULT NULL COMMENT '参与者1的角色',
  `participant2_user_id` bigint NULL DEFAULT NULL COMMENT '参与者2的用户ID',
  `participant2_role` enum('PATIENT','DOCTOR','ADMIN') CHARACTER SET utf8mb4 COLLATE utf8mb4_unicode_ci NULL DEFAULT NULL COMMENT '参与者2的角色',
  `title` varchar(120) CHARACTER SET utf8mb4 COLLATE utf8mb4_unicode_ci NULL DEFAULT NULL COMMENT '会话标题',
  `summary` varchar(255) CHARACTER SET utf8mb4 COLLATE utf8mb4_unicode_ci NULL DEFAULT NULL COMMENT '摘要/用途说明',
  `patient_nickname` varchar(80) CHARACTER SET utf8mb4 COLLATE utf8mb4_unicode_ci NULL DEFAULT NULL COMMENT '患者昵称',
  `patient_avatar` varchar(255) CHARACTER SET utf8mb4 COLLATE utf8mb4_unicode_ci NULL DEFAULT NULL COMMENT '患者头像',
  `doctor_nickname` varchar(80) CHARACTER SET utf8mb4 COLLATE utf8mb4_unicode_ci NULL DEFAULT NULL COMMENT '医生昵称',
  `doctor_avatar` varchar(255) CHARACTER SET utf8mb4 COLLATE utf8mb4_unicode_ci NULL DEFAULT NULL COMMENT '医生头像',
  `last_message_preview` varchar(500) CHARACTER SET utf8mb4 COLLATE utf8mb4_unicode_ci NULL DEFAULT NULL COMMENT '最后一条消息摘要',
  `last_sender_role` enum('PATIENT','DOCTOR','SYSTEM','ADMIN') CHARACTER SET utf8mb4 COLLATE utf8mb4_unicode_ci NULL DEFAULT NULL COMMENT '最后发送者角色',
  `last_sender_name` varchar(80) CHARACTER SET utf8mb4 COLLATE utf8mb4_unicode_ci NULL DEFAULT NULL COMMENT '最后发送者名称',
  `last_sender_avatar` varchar(255) CHARACTER SET utf8mb4 COLLATE utf8mb4_unicode_ci NULL DEFAULT NULL COMMENT '最后发送者头像',
  `last_message_time` datetime NULL DEFAULT NULL COMMENT '最后一条消息时间',
  `unread_for_patient` int NULL DEFAULT 0 COMMENT '患者未读数量',
  `unread_for_doctor` int NULL DEFAULT 0 COMMENT '医生未读数量',
  `unread_for_participant1` int NULL DEFAULT 0 COMMENT '参与者1未读数量',
  `unread_for_participant2` int NULL DEFAULT 0 COMMENT '参与者2未读数量',
  `status` enum('ACTIVE','ARCHIVED','DELETED') CHARACTER SET utf8mb4 COLLATE utf8mb4_unicode_ci NULL DEFAULT 'ACTIVE' COMMENT '会话状态',
  `deleted_by_patient` tinyint NULL DEFAULT 0 COMMENT '患者是否删除 0-否 1-是',
  `deleted_by_doctor` tinyint NULL DEFAULT 0 COMMENT '医生是否删除 0-否 1-是',
  `deleted_by_participant1` tinyint NULL DEFAULT 0 COMMENT '参与者1是否删除 0-否 1-是',
  `deleted_by_participant2` tinyint NULL DEFAULT 0 COMMENT '参与者2是否删除 0-否 1-是',
  `created_at` datetime NOT NULL DEFAULT CURRENT_TIMESTAMP COMMENT '创建时间',
  `updated_at` datetime NOT NULL DEFAULT CURRENT_TIMESTAMP ON UPDATE CURRENT_TIMESTAMP COMMENT '更新时间',
  PRIMARY KEY (`id`) USING BTREE,
  INDEX `idx_conversation_patient`(`patient_id` ASC) USING BTREE,
  INDEX `idx_conversation_doctor`(`doctor_id` ASC) USING BTREE,
  INDEX `idx_conversation_status`(`status` ASC) USING BTREE,
  INDEX `idx_conversation_updated`(`updated_at` DESC) USING BTREE,
  INDEX `idx_conversation_deleted_patient`(`deleted_by_patient` ASC) USING BTREE,
  INDEX `idx_conversation_deleted_doctor`(`deleted_by_doctor` ASC) USING BTREE,
  INDEX `idx_conversation_type`(`conversation_type` ASC) USING BTREE,
  INDEX `idx_participant1_user`(`participant1_user_id` ASC) USING BTREE,
  INDEX `idx_participant2_user`(`participant2_user_id` ASC) USING BTREE,
  INDEX `idx_participant1_role`(`participant1_role` ASC) USING BTREE,
  INDEX `idx_participant2_role`(`participant2_role` ASC) USING BTREE
) ENGINE = InnoDB CHARACTER SET = utf8mb4 COLLATE = utf8mb4_unicode_ci COMMENT = '医患沟通会话表' ROW_FORMAT = DYNAMIC;

-- ----------------------------
-- Records of conversation
-- ----------------------------
INSERT INTO `conversation` VALUES (1989289604003520513, 1986027188356419585, 1986307376001003521, 'PATIENT_DOCTOR', 1986027188356419585, 'PATIENT', 1986307375942283266, 'DOCTOR', '李四 · 对话', '博士', '丁政扬', 'https://yg-hospital.oss-cn-beijing.aliyuncs.com/avatar/38882544-dd14-4f52-8f13-e46a83f034ba.jpg', '李四', 'https://yg-hospital.oss-cn-beijing.aliyuncs.com/avatar/697c0c12-a33c-4008-8ff6-af6d11ceea95.jpg', '你是谁', 'PATIENT', '丁政扬', 'http://yg-hospital.oss-cn-beijing.aliyuncs.com/avatar/38882544-dd14-4f52-8f13-e46a83f034ba.jpg?Expires=1763175702&OSSAccessKeyId=LTAI5tLwysyazJFiY68qR8km&Signature=JcPFva774JRvtjDs1c8fBBCedDM%3D', '2025-11-15 10:02:03', 0, 1, 0, 1, 'ACTIVE', 1, 0, 1, 0, '2025-11-14 19:09:35', '2025-11-15 11:54:15');
INSERT INTO `conversation` VALUES (1989514403090911233, 1986027188356419585, 1986293953716432897, 'PATIENT_DOCTOR', 1986027188356419585, 'PATIENT', 1986293953498329089, 'DOCTOR', '张三 · 对话', '正常', '丁政扬', 'https://yg-hospital.oss-cn-beijing.aliyuncs.com/avatar/38882544-dd14-4f52-8f13-e46a83f034ba.jpg', '张三', NULL, NULL, NULL, NULL, NULL, NULL, 0, 0, 0, 0, 'ACTIVE', 1, 0, 1, 0, '2025-11-15 10:02:52', '2025-11-15 11:54:15');
INSERT INTO `conversation` VALUES (1989517882886774785, 1986027188356419585, 1986027188356419205, 'ADMIN_USER', 1986027188356419585, 'PATIENT', 1986027188356419205, 'ADMIN', '丁政扬 x 管理员', '与管理员对话', '丁政扬', 'https://yg-hospital.oss-cn-beijing.aliyuncs.com/avatar/38882544-dd14-4f52-8f13-e46a83f034ba.jpg', '系统管理员', NULL, '你好你好', 'ADMIN', '系统管理员', 'https://api.dicebear.com/7.x/shapes/svg?seed=assistant', '2025-11-15 12:54:27', 0, 8, 5, 0, 'ACTIVE', 0, 0, 0, 0, '2025-11-15 10:16:41', '2025-11-15 12:54:27');
INSERT INTO `conversation` VALUES (1989524266114113537, 1986307375942283266, 1986027188356419205, 'ADMIN_USER', 1986307375942283266, 'DOCTOR', 1986027188356419205, 'ADMIN', '李四 x 管理员', '与管理员对话', '李四', 'https://yg-hospital.oss-cn-beijing.aliyuncs.com/avatar/697c0c12-a33c-4008-8ff6-af6d11ceea95.jpg', '系统管理员', NULL, '有了有了', 'ADMIN', '系统管理员', 'https://api.dicebear.com/7.x/shapes/svg?seed=assistant', '2025-11-15 12:46:56', 27, 0, 1, 0, 'ACTIVE', 0, 0, 0, 0, '2025-11-15 10:42:03', '2025-11-15 12:46:56');

-- ----------------------------
-- Table structure for conversation_message
-- ----------------------------
DROP TABLE IF EXISTS `conversation_message`;
CREATE TABLE `conversation_message`  (
  `id` bigint NOT NULL COMMENT '消息ID',
  `conversation_id` bigint NOT NULL COMMENT '会话ID',
  `sender_role` enum('PATIENT','DOCTOR','SYSTEM','ADMIN') CHARACTER SET utf8mb4 COLLATE utf8mb4_unicode_ci NOT NULL COMMENT '发送者角色',
  `sender_id` bigint NULL DEFAULT NULL COMMENT '发送者ID（患者为userID，医生为doctorID）',
  `sender_name` varchar(80) CHARACTER SET utf8mb4 COLLATE utf8mb4_unicode_ci NULL DEFAULT NULL COMMENT '发送者昵称',
  `sender_avatar` varchar(255) CHARACTER SET utf8mb4 COLLATE utf8mb4_unicode_ci NULL DEFAULT NULL COMMENT '发送者头像',
  `content` text CHARACTER SET utf8mb4 COLLATE utf8mb4_unicode_ci NOT NULL COMMENT '消息正文',
  `content_type` enum('TEXT','IMAGE','FILE','SYSTEM') CHARACTER SET utf8mb4 COLLATE utf8mb4_unicode_ci NOT NULL DEFAULT 'TEXT' COMMENT '消息类型',
  `attachment_url` varchar(255) CHARACTER SET utf8mb4 COLLATE utf8mb4_unicode_ci NULL DEFAULT NULL COMMENT '附件地址',
  `metadata` json NULL COMMENT '扩展信息(JSON)',
  `is_read` tinyint NULL DEFAULT 0 COMMENT '是否已读 0-未读 1-已读',
  `read_at` datetime NULL DEFAULT NULL COMMENT '阅读时间',
  `sent_at` datetime NOT NULL DEFAULT CURRENT_TIMESTAMP COMMENT '发送时间',
  `deleted` tinyint NULL DEFAULT 0 COMMENT '是否删除 0-否 1-是',
  PRIMARY KEY (`id`) USING BTREE,
  INDEX `idx_conversation_message_cid`(`conversation_id` ASC) USING BTREE,
  INDEX `idx_conversation_message_role`(`sender_role` ASC) USING BTREE,
  INDEX `idx_conversation_message_time`(`sent_at` DESC) USING BTREE,
  CONSTRAINT `fk_conversation_message_conversation` FOREIGN KEY (`conversation_id`) REFERENCES `conversation` (`id`) ON DELETE CASCADE ON UPDATE RESTRICT
) ENGINE = InnoDB CHARACTER SET = utf8mb4 COLLATE = utf8mb4_unicode_ci COMMENT = '医患沟通消息表' ROW_FORMAT = DYNAMIC;

-- ----------------------------
-- Records of conversation_message
-- ----------------------------
INSERT INTO `conversation_message` VALUES (1989289618322874369, 1989289604003520513, 'PATIENT', 1986027188356419585, '丁政扬', 'http://yg-hospital.oss-cn-beijing.aliyuncs.com/avatar/38882544-dd14-4f52-8f13-e46a83f034ba.jpg?Expires=1763121724&OSSAccessKeyId=LTAI5tLwysyazJFiY68qR8km&Signature=X1dFty6wcgiakKYUKr8KL9ENiEM%3D', '你好', 'TEXT', NULL, NULL, 0, NULL, '2025-11-14 19:09:39', 1);
INSERT INTO `conversation_message` VALUES (1989291851982606338, 1989289604003520513, 'DOCTOR', 1986307376001003521, '李四', 'http://yg-hospital.oss-cn-beijing.aliyuncs.com/avatar/697c0c12-a33c-4008-8ff6-af6d11ceea95.jpg?Expires=1763121714&OSSAccessKeyId=LTAI5tLwysyazJFiY68qR8km&Signature=nkXyIDhbIW14oCr56LS0qE7fDgc%3D', '我不好', 'TEXT', NULL, NULL, 0, NULL, '2025-11-14 19:18:31', 1);
INSERT INTO `conversation_message` VALUES (1989291863030403073, 1989289604003520513, 'DOCTOR', 1986307376001003521, '李四', 'http://yg-hospital.oss-cn-beijing.aliyuncs.com/avatar/697c0c12-a33c-4008-8ff6-af6d11ceea95.jpg?Expires=1763121714&OSSAccessKeyId=LTAI5tLwysyazJFiY68qR8km&Signature=nkXyIDhbIW14oCr56LS0qE7fDgc%3D', '我要删除你', 'TEXT', NULL, NULL, 0, NULL, '2025-11-14 19:18:34', 1);
INSERT INTO `conversation_message` VALUES (1989291956806651906, 1989289604003520513, 'PATIENT', 1986027188356419585, '丁政扬', 'http://yg-hospital.oss-cn-beijing.aliyuncs.com/avatar/38882544-dd14-4f52-8f13-e46a83f034ba.jpg?Expires=1763121724&OSSAccessKeyId=LTAI5tLwysyazJFiY68qR8km&Signature=X1dFty6wcgiakKYUKr8KL9ENiEM%3D', '为什么要删除我', 'TEXT', NULL, NULL, 0, NULL, '2025-11-14 19:18:56', 1);
INSERT INTO `conversation_message` VALUES (1989295923322675201, 1989289604003520513, 'PATIENT', 1986027188356419585, '丁政扬', 'http://yg-hospital.oss-cn-beijing.aliyuncs.com/avatar/38882544-dd14-4f52-8f13-e46a83f034ba.jpg?Expires=1763123670&OSSAccessKeyId=LTAI5tLwysyazJFiY68qR8km&Signature=%2FNR1jqMyRk3odUXsA86Ndtz4ym0%3D', '为什么要删除我', 'TEXT', NULL, NULL, 0, NULL, '2025-11-14 19:34:42', 1);
INSERT INTO `conversation_message` VALUES (1989295968042344449, 1989289604003520513, 'DOCTOR', 1986307376001003521, '李四', 'http://yg-hospital.oss-cn-beijing.aliyuncs.com/avatar/697c0c12-a33c-4008-8ff6-af6d11ceea95.jpg?Expires=1763123671&OSSAccessKeyId=LTAI5tLwysyazJFiY68qR8km&Signature=BCtsEKrXP4gPCRXYP7S2%2FI6dS80%3D', '母鸡啊', 'TEXT', NULL, NULL, 0, NULL, '2025-11-14 19:34:53', 1);
INSERT INTO `conversation_message` VALUES (1989298431403212801, 1989289604003520513, 'DOCTOR', 1986307376001003521, '李四', 'http://yg-hospital.oss-cn-beijing.aliyuncs.com/avatar/697c0c12-a33c-4008-8ff6-af6d11ceea95.jpg?Expires=1763123671&OSSAccessKeyId=LTAI5tLwysyazJFiY68qR8km&Signature=BCtsEKrXP4gPCRXYP7S2%2FI6dS80%3D', '你好', 'TEXT', NULL, NULL, 0, NULL, '2025-11-14 19:44:40', 1);
INSERT INTO `conversation_message` VALUES (1989298456862638081, 1989289604003520513, 'DOCTOR', 1986307376001003521, '李四', 'http://yg-hospital.oss-cn-beijing.aliyuncs.com/avatar/697c0c12-a33c-4008-8ff6-af6d11ceea95.jpg?Expires=1763123671&OSSAccessKeyId=LTAI5tLwysyazJFiY68qR8km&Signature=BCtsEKrXP4gPCRXYP7S2%2FI6dS80%3D', '一点也不好', 'TEXT', NULL, NULL, 0, NULL, '2025-11-14 19:44:46', 1);
INSERT INTO `conversation_message` VALUES (1989298482867322881, 1989289604003520513, 'PATIENT', 1986027188356419585, '丁政扬', 'http://yg-hospital.oss-cn-beijing.aliyuncs.com/avatar/38882544-dd14-4f52-8f13-e46a83f034ba.jpg?Expires=1763123670&OSSAccessKeyId=LTAI5tLwysyazJFiY68qR8km&Signature=%2FNR1jqMyRk3odUXsA86Ndtz4ym0%3D', '为什么不好了', 'TEXT', NULL, NULL, 0, NULL, '2025-11-14 19:44:52', 1);
INSERT INTO `conversation_message` VALUES (1989299022774910978, 1989289604003520513, 'DOCTOR', 1986307376001003521, '李四', 'http://yg-hospital.oss-cn-beijing.aliyuncs.com/avatar/697c0c12-a33c-4008-8ff6-af6d11ceea95.jpg?Expires=1763124322&OSSAccessKeyId=LTAI5tLwysyazJFiY68qR8km&Signature=sYOBFx4QQpKRdrCIK4NSU5i9Cyc%3D', '我知道', 'TEXT', NULL, NULL, 0, NULL, '2025-11-14 19:47:01', 1);
INSERT INTO `conversation_message` VALUES (1989299066555056130, 1989289604003520513, 'PATIENT', 1986027188356419585, '丁政扬', 'http://yg-hospital.oss-cn-beijing.aliyuncs.com/avatar/38882544-dd14-4f52-8f13-e46a83f034ba.jpg?Expires=1763124321&OSSAccessKeyId=LTAI5tLwysyazJFiY68qR8km&Signature=foCjkU70orFQrqUFUqhdfar%2FU8I%3D', '我也知道', 'TEXT', NULL, NULL, 0, NULL, '2025-11-14 19:47:12', 1);
INSERT INTO `conversation_message` VALUES (1989299142237077505, 1989289604003520513, 'DOCTOR', 1986307376001003521, '李四', 'http://yg-hospital.oss-cn-beijing.aliyuncs.com/avatar/697c0c12-a33c-4008-8ff6-af6d11ceea95.jpg?Expires=1763124322&OSSAccessKeyId=LTAI5tLwysyazJFiY68qR8km&Signature=sYOBFx4QQpKRdrCIK4NSU5i9Cyc%3D', '你把我删了吗，对吗', 'TEXT', NULL, NULL, 0, NULL, '2025-11-14 19:47:30', 0);
INSERT INTO `conversation_message` VALUES (1989299162281656322, 1989289604003520513, 'PATIENT', 1986027188356419585, '丁政扬', 'http://yg-hospital.oss-cn-beijing.aliyuncs.com/avatar/38882544-dd14-4f52-8f13-e46a83f034ba.jpg?Expires=1763124321&OSSAccessKeyId=LTAI5tLwysyazJFiY68qR8km&Signature=foCjkU70orFQrqUFUqhdfar%2FU8I%3D', '你怎么知道', 'TEXT', NULL, NULL, 0, NULL, '2025-11-14 19:47:34', 0);
INSERT INTO `conversation_message` VALUES (1989299205587845121, 1989289604003520513, 'DOCTOR', 1986307376001003521, '李四', 'http://yg-hospital.oss-cn-beijing.aliyuncs.com/avatar/697c0c12-a33c-4008-8ff6-af6d11ceea95.jpg?Expires=1763124322&OSSAccessKeyId=LTAI5tLwysyazJFiY68qR8km&Signature=sYOBFx4QQpKRdrCIK4NSU5i9Cyc%3D', '你怎么知道', 'TEXT', NULL, NULL, 0, NULL, '2025-11-14 19:47:45', 0);
INSERT INTO `conversation_message` VALUES (1989514200396976130, 1989289604003520513, 'PATIENT', 1986027188356419585, '丁政扬', 'http://yg-hospital.oss-cn-beijing.aliyuncs.com/avatar/38882544-dd14-4f52-8f13-e46a83f034ba.jpg?Expires=1763175702&OSSAccessKeyId=LTAI5tLwysyazJFiY68qR8km&Signature=JcPFva774JRvtjDs1c8fBBCedDM%3D', '你是谁', 'TEXT', NULL, NULL, 0, NULL, '2025-11-15 10:02:03', 0);
INSERT INTO `conversation_message` VALUES (1989518031667126274, 1989517882886774785, 'PATIENT', 1986027188356419585, '丁政扬', 'http://yg-hospital.oss-cn-beijing.aliyuncs.com/avatar/38882544-dd14-4f52-8f13-e46a83f034ba.jpg?Expires=1763176599&OSSAccessKeyId=LTAI5tLwysyazJFiY68qR8km&Signature=hsIgd2Y6Lph6brUpYr7M8%2Bw%2Fp9U%3D', '你好', 'TEXT', NULL, NULL, 0, NULL, '2025-11-15 10:17:17', 0);
INSERT INTO `conversation_message` VALUES (1989520699840061442, 1989517882886774785, 'ADMIN', 1986027188356419205, '系统管理员', NULL, '你也好', 'TEXT', NULL, NULL, 0, NULL, '2025-11-15 10:27:53', 0);
INSERT INTO `conversation_message` VALUES (1989521463769620482, 1989517882886774785, 'ADMIN', 1986027188356419205, '系统管理员', NULL, '我不好', 'TEXT', NULL, NULL, 0, NULL, '2025-11-15 10:30:55', 0);
INSERT INTO `conversation_message` VALUES (1989521487446466561, 1989517882886774785, 'PATIENT', 1986027188356419585, '丁政扬', 'http://yg-hospital.oss-cn-beijing.aliyuncs.com/avatar/38882544-dd14-4f52-8f13-e46a83f034ba.jpg?Expires=1763177442&OSSAccessKeyId=LTAI5tLwysyazJFiY68qR8km&Signature=xgzSRE%2Bv%2FVrb52%2Fgy3dDgmZet0Q%3D', '我也不好', 'TEXT', NULL, NULL, 0, NULL, '2025-11-15 10:31:01', 0);
INSERT INTO `conversation_message` VALUES (1989523877880946689, 1989517882886774785, 'ADMIN', 1986027188356419205, '系统管理员', NULL, '我是管理员请问有啥需要我帮助的吗', 'TEXT', NULL, NULL, 0, NULL, '2025-11-15 10:40:31', 0);
INSERT INTO `conversation_message` VALUES (1989523893609586689, 1989517882886774785, 'PATIENT', 1986027188356419585, '丁政扬', 'http://yg-hospital.oss-cn-beijing.aliyuncs.com/avatar/38882544-dd14-4f52-8f13-e46a83f034ba.jpg?Expires=1763177442&OSSAccessKeyId=LTAI5tLwysyazJFiY68qR8km&Signature=xgzSRE%2Bv%2FVrb52%2Fgy3dDgmZet0Q%3D', '我不知道', 'TEXT', NULL, NULL, 0, NULL, '2025-11-15 10:40:34', 0);
INSERT INTO `conversation_message` VALUES (1989523912274239489, 1989517882886774785, 'ADMIN', 1986027188356419205, '系统管理员', NULL, '你好你好', 'TEXT', NULL, NULL, 0, NULL, '2025-11-15 10:40:39', 0);
INSERT INTO `conversation_message` VALUES (1989523925645680641, 1989517882886774785, 'PATIENT', 1986027188356419585, '丁政扬', 'http://yg-hospital.oss-cn-beijing.aliyuncs.com/avatar/38882544-dd14-4f52-8f13-e46a83f034ba.jpg?Expires=1763177442&OSSAccessKeyId=LTAI5tLwysyazJFiY68qR8km&Signature=xgzSRE%2Bv%2FVrb52%2Fgy3dDgmZet0Q%3D', '我也好', 'TEXT', NULL, NULL, 0, NULL, '2025-11-15 10:40:42', 0);
INSERT INTO `conversation_message` VALUES (1989524287316320257, 1989524266114113537, 'DOCTOR', 1986307375942283266, '李四', 'http://yg-hospital.oss-cn-beijing.aliyuncs.com/avatar/697c0c12-a33c-4008-8ff6-af6d11ceea95.jpg?Expires=1763178079&OSSAccessKeyId=LTAI5tLwysyazJFiY68qR8km&Signature=l%2BEXL%2Fs8b1cRxuI7QUGq4kv7j0c%3D', '你好', 'TEXT', NULL, NULL, 0, NULL, '2025-11-15 10:42:08', 0);
INSERT INTO `conversation_message` VALUES (1989524352667770881, 1989524266114113537, 'DOCTOR', 1986307375942283266, '李四', 'http://yg-hospital.oss-cn-beijing.aliyuncs.com/avatar/697c0c12-a33c-4008-8ff6-af6d11ceea95.jpg?Expires=1763178079&OSSAccessKeyId=LTAI5tLwysyazJFiY68qR8km&Signature=l%2BEXL%2Fs8b1cRxuI7QUGq4kv7j0c%3D', '你好', 'TEXT', NULL, NULL, 0, NULL, '2025-11-15 10:42:24', 0);
INSERT INTO `conversation_message` VALUES (1989524390202597378, 1989524266114113537, 'DOCTOR', 1986307375942283266, '李四', 'http://yg-hospital.oss-cn-beijing.aliyuncs.com/avatar/697c0c12-a33c-4008-8ff6-af6d11ceea95.jpg?Expires=1763178079&OSSAccessKeyId=LTAI5tLwysyazJFiY68qR8km&Signature=l%2BEXL%2Fs8b1cRxuI7QUGq4kv7j0c%3D', '你好', 'TEXT', NULL, NULL, 0, NULL, '2025-11-15 10:42:33', 0);
INSERT INTO `conversation_message` VALUES (1989527978128162818, 1989524266114113537, 'DOCTOR', 1986307375942283266, '李四', 'http://yg-hospital.oss-cn-beijing.aliyuncs.com/avatar/697c0c12-a33c-4008-8ff6-af6d11ceea95.jpg?Expires=1763178079&OSSAccessKeyId=LTAI5tLwysyazJFiY68qR8km&Signature=l%2BEXL%2Fs8b1cRxuI7QUGq4kv7j0c%3D', '你好', 'TEXT', NULL, NULL, 0, NULL, '2025-11-15 10:56:48', 0);
INSERT INTO `conversation_message` VALUES (1989528041139191810, 1989517882886774785, 'PATIENT', 1986027188356419585, '丁政扬', 'http://yg-hospital.oss-cn-beijing.aliyuncs.com/avatar/38882544-dd14-4f52-8f13-e46a83f034ba.jpg?Expires=1763179015&OSSAccessKeyId=LTAI5tLwysyazJFiY68qR8km&Signature=SYUg6z5xAbM8hRGnaX%2FZ67xp8g0%3D', '你好', 'TEXT', NULL, NULL, 0, NULL, '2025-11-15 10:57:03', 0);
INSERT INTO `conversation_message` VALUES (1989531277438992386, 1989517882886774785, 'ADMIN', 1986027188356419205, '系统管理员', 'https://api.dicebear.com/7.x/shapes/svg?seed=assistant', '你是谁', 'TEXT', NULL, NULL, 0, NULL, '2025-11-15 11:09:55', 0);
INSERT INTO `conversation_message` VALUES (1989531314906710018, 1989517882886774785, 'PATIENT', 1986027188356419585, '丁政扬', 'http://yg-hospital.oss-cn-beijing.aliyuncs.com/avatar/38882544-dd14-4f52-8f13-e46a83f034ba.jpg?Expires=1763179783&OSSAccessKeyId=LTAI5tLwysyazJFiY68qR8km&Signature=FSXHiBYJnFBqixbTVDYCYl61nSY%3D', '我是丁政扬', 'TEXT', NULL, NULL, 0, NULL, '2025-11-15 11:10:04', 0);
INSERT INTO `conversation_message` VALUES (1989531398939590657, 1989524266114113537, 'ADMIN', 1986027188356419205, '系统管理员', 'https://api.dicebear.com/7.x/shapes/svg?seed=assistant', '你是谁', 'TEXT', NULL, NULL, 0, NULL, '2025-11-15 11:10:24', 0);
INSERT INTO `conversation_message` VALUES (1989531435291623426, 1989524266114113537, 'DOCTOR', 1986307375942283266, '李四', 'http://yg-hospital.oss-cn-beijing.aliyuncs.com/avatar/697c0c12-a33c-4008-8ff6-af6d11ceea95.jpg?Expires=1763179779&OSSAccessKeyId=LTAI5tLwysyazJFiY68qR8km&Signature=fwFvOA7Zk%2BjDrQShk2EKE6hIxVI%3D', '我是李四', 'TEXT', NULL, NULL, 0, NULL, '2025-11-15 11:10:33', 0);
INSERT INTO `conversation_message` VALUES (1989532399352397825, 1989524266114113537, 'ADMIN', 1986027188356419205, '系统管理员', 'https://api.dicebear.com/7.x/shapes/svg?seed=assistant', '你再说一遍你是谁', 'TEXT', NULL, NULL, 0, NULL, '2025-11-15 11:14:22', 0);
INSERT INTO `conversation_message` VALUES (1989532425558409217, 1989524266114113537, 'DOCTOR', 1986307375942283266, '李四', 'http://yg-hospital.oss-cn-beijing.aliyuncs.com/avatar/697c0c12-a33c-4008-8ff6-af6d11ceea95.jpg?Expires=1763179779&OSSAccessKeyId=LTAI5tLwysyazJFiY68qR8km&Signature=fwFvOA7Zk%2BjDrQShk2EKE6hIxVI%3D', '我是李四', 'TEXT', NULL, NULL, 0, NULL, '2025-11-15 11:14:29', 0);
INSERT INTO `conversation_message` VALUES (1989532962534178818, 1989524266114113537, 'DOCTOR', 1986307375942283266, '李四', 'http://yg-hospital.oss-cn-beijing.aliyuncs.com/avatar/697c0c12-a33c-4008-8ff6-af6d11ceea95.jpg?Expires=1763179779&OSSAccessKeyId=LTAI5tLwysyazJFiY68qR8km&Signature=fwFvOA7Zk%2BjDrQShk2EKE6hIxVI%3D', '那你是谁', 'TEXT', NULL, NULL, 0, NULL, '2025-11-15 11:16:37', 0);
INSERT INTO `conversation_message` VALUES (1989533038933426177, 1989524266114113537, 'DOCTOR', 1986307375942283266, '李四', 'http://yg-hospital.oss-cn-beijing.aliyuncs.com/avatar/697c0c12-a33c-4008-8ff6-af6d11ceea95.jpg?Expires=1763180210&OSSAccessKeyId=LTAI5tLwysyazJFiY68qR8km&Signature=o0LR3KouZMMz7WPTIUAiK14mZ%2Fk%3D', '那你是谁', 'TEXT', NULL, NULL, 0, NULL, '2025-11-15 11:16:55', 0);
INSERT INTO `conversation_message` VALUES (1989533175458021377, 1989524266114113537, 'ADMIN', 1986027188356419205, '系统管理员', 'https://api.dicebear.com/7.x/shapes/svg?seed=assistant', '我是系统管理员', 'TEXT', NULL, NULL, 0, NULL, '2025-11-15 11:17:27', 0);
INSERT INTO `conversation_message` VALUES (1989533204243529730, 1989524266114113537, 'ADMIN', 1986027188356419205, '系统管理员', 'https://api.dicebear.com/7.x/shapes/svg?seed=assistant', '请问需要服务吗', 'TEXT', NULL, NULL, 0, NULL, '2025-11-15 11:17:34', 0);
INSERT INTO `conversation_message` VALUES (1989533307901558785, 1989524266114113537, 'DOCTOR', 1986307375942283266, '李四', 'http://yg-hospital.oss-cn-beijing.aliyuncs.com/avatar/697c0c12-a33c-4008-8ff6-af6d11ceea95.jpg?Expires=1763180273&OSSAccessKeyId=LTAI5tLwysyazJFiY68qR8km&Signature=%2B%2BEOkY1%2B6t93e3Ol%2B73q2MoGiIc%3D', '不需要', 'TEXT', NULL, NULL, 0, NULL, '2025-11-15 11:17:59', 0);
INSERT INTO `conversation_message` VALUES (1989534520223154177, 1989524266114113537, 'ADMIN', 1986027188356419205, '系统管理员', 'https://api.dicebear.com/7.x/shapes/svg?seed=assistant', '真的不需要吗', 'TEXT', NULL, NULL, 0, NULL, '2025-11-15 11:22:48', 0);
INSERT INTO `conversation_message` VALUES (1989534536648048641, 1989524266114113537, 'DOCTOR', 1986307375942283266, '李四', 'http://yg-hospital.oss-cn-beijing.aliyuncs.com/avatar/697c0c12-a33c-4008-8ff6-af6d11ceea95.jpg?Expires=1763180560&OSSAccessKeyId=LTAI5tLwysyazJFiY68qR8km&Signature=eZYSPEKRwb3RmQuhy4vTWmtIF%2F4%3D', '真的不需要', 'TEXT', NULL, NULL, 0, NULL, '2025-11-15 11:22:52', 0);
INSERT INTO `conversation_message` VALUES (1989534623205900290, 1989524266114113537, 'DOCTOR', 1986307375942283266, '李四', 'http://yg-hospital.oss-cn-beijing.aliyuncs.com/avatar/697c0c12-a33c-4008-8ff6-af6d11ceea95.jpg?Expires=1763180560&OSSAccessKeyId=LTAI5tLwysyazJFiY68qR8km&Signature=eZYSPEKRwb3RmQuhy4vTWmtIF%2F4%3D', '真的不需要', 'TEXT', NULL, NULL, 0, NULL, '2025-11-15 11:23:13', 0);
INSERT INTO `conversation_message` VALUES (1989536027043643394, 1989524266114113537, 'DOCTOR', 1986307375942283266, '李四', 'http://yg-hospital.oss-cn-beijing.aliyuncs.com/avatar/697c0c12-a33c-4008-8ff6-af6d11ceea95.jpg?Expires=1763180921&OSSAccessKeyId=LTAI5tLwysyazJFiY68qR8km&Signature=C1N2TxM2jjAQJxlmXkFyYb2hMDk%3D', '你好', 'TEXT', NULL, NULL, 0, NULL, '2025-11-15 11:28:47', 0);
INSERT INTO `conversation_message` VALUES (1989536045725073409, 1989524266114113537, 'DOCTOR', 1986307375942283266, '李四', 'http://yg-hospital.oss-cn-beijing.aliyuncs.com/avatar/697c0c12-a33c-4008-8ff6-af6d11ceea95.jpg?Expires=1763180921&OSSAccessKeyId=LTAI5tLwysyazJFiY68qR8km&Signature=C1N2TxM2jjAQJxlmXkFyYb2hMDk%3D', '你还在吗', 'TEXT', NULL, NULL, 0, NULL, '2025-11-15 11:28:52', 0);
INSERT INTO `conversation_message` VALUES (1989537035765366785, 1989524266114113537, 'DOCTOR', 1986307375942283266, '李四', 'http://yg-hospital.oss-cn-beijing.aliyuncs.com/avatar/697c0c12-a33c-4008-8ff6-af6d11ceea95.jpg?Expires=1763181016&OSSAccessKeyId=LTAI5tLwysyazJFiY68qR8km&Signature=CPnzHVCa2xae9TU%2Bo1K5qjgKuRo%3D', '你还在吗', 'TEXT', NULL, NULL, 0, NULL, '2025-11-15 11:32:48', 0);
INSERT INTO `conversation_message` VALUES (1989537176098390018, 1989517882886774785, 'PATIENT', 1986027188356419585, '丁政扬', 'http://yg-hospital.oss-cn-beijing.aliyuncs.com/avatar/38882544-dd14-4f52-8f13-e46a83f034ba.jpg?Expires=1763181194&OSSAccessKeyId=LTAI5tLwysyazJFiY68qR8km&Signature=ZMDTBhzThQ0V7YJhZnrUnvMdGU8%3D', '你还在吗', 'TEXT', NULL, NULL, 0, NULL, '2025-11-15 11:33:21', 0);
INSERT INTO `conversation_message` VALUES (1989538093308788737, 1989524266114113537, 'DOCTOR', 1986307375942283266, '李四', 'http://yg-hospital.oss-cn-beijing.aliyuncs.com/avatar/697c0c12-a33c-4008-8ff6-af6d11ceea95.jpg?Expires=1763181412&OSSAccessKeyId=LTAI5tLwysyazJFiY68qR8km&Signature=KzpTv9kxpzn2T0gYrulJqcoo4Ts%3D', '我还在', 'TEXT', NULL, NULL, 0, NULL, '2025-11-15 11:37:00', 0);
INSERT INTO `conversation_message` VALUES (1989539399356334081, 1989524266114113537, 'DOCTOR', 1986307375942283266, '李四', 'http://yg-hospital.oss-cn-beijing.aliyuncs.com/avatar/697c0c12-a33c-4008-8ff6-af6d11ceea95.jpg?Expires=1763181725&OSSAccessKeyId=LTAI5tLwysyazJFiY68qR8km&Signature=Ia24Q2Qy7DVAyY22EndwQhVuGRM%3D', '你还在吗', 'TEXT', NULL, NULL, 0, NULL, '2025-11-15 11:42:11', 0);
INSERT INTO `conversation_message` VALUES (1989539421527425025, 1989524266114113537, 'DOCTOR', 1986307375942283266, '李四', 'http://yg-hospital.oss-cn-beijing.aliyuncs.com/avatar/697c0c12-a33c-4008-8ff6-af6d11ceea95.jpg?Expires=1763181725&OSSAccessKeyId=LTAI5tLwysyazJFiY68qR8km&Signature=Ia24Q2Qy7DVAyY22EndwQhVuGRM%3D', '我还在', 'TEXT', NULL, NULL, 0, NULL, '2025-11-15 11:42:17', 0);
INSERT INTO `conversation_message` VALUES (1989540417196474369, 1989524266114113537, 'DOCTOR', 1986307375942283266, '李四', 'http://yg-hospital.oss-cn-beijing.aliyuncs.com/avatar/697c0c12-a33c-4008-8ff6-af6d11ceea95.jpg?Expires=1763181969&OSSAccessKeyId=LTAI5tLwysyazJFiY68qR8km&Signature=l0rUqVdUg65thnuJ07DIP9mbETQ%3D', '你好', 'TEXT', NULL, NULL, 0, NULL, '2025-11-15 11:46:14', 0);
INSERT INTO `conversation_message` VALUES (1989540458460037121, 1989524266114113537, 'DOCTOR', 1986307375942283266, '李四', 'http://yg-hospital.oss-cn-beijing.aliyuncs.com/avatar/697c0c12-a33c-4008-8ff6-af6d11ceea95.jpg?Expires=1763181969&OSSAccessKeyId=LTAI5tLwysyazJFiY68qR8km&Signature=l0rUqVdUg65thnuJ07DIP9mbETQ%3D', '为什么还会有消息提醒', 'TEXT', NULL, NULL, 0, NULL, '2025-11-15 11:46:24', 0);
INSERT INTO `conversation_message` VALUES (1989543882735939586, 1989524266114113537, 'DOCTOR', 1986307375942283266, '李四', 'http://yg-hospital.oss-cn-beijing.aliyuncs.com/avatar/697c0c12-a33c-4008-8ff6-af6d11ceea95.jpg?Expires=1763182792&OSSAccessKeyId=LTAI5tLwysyazJFiY68qR8km&Signature=6D%2BJw1VcUipGSiea2dOpV9BFG3s%3D', '现在还有消息提醒吗', 'TEXT', NULL, NULL, 0, NULL, '2025-11-15 12:00:00', 0);
INSERT INTO `conversation_message` VALUES (1989545813000417281, 1989524266114113537, 'DOCTOR', 1986307375942283266, '李四', 'http://yg-hospital.oss-cn-beijing.aliyuncs.com/avatar/697c0c12-a33c-4008-8ff6-af6d11ceea95.jpg?Expires=1763183255&OSSAccessKeyId=LTAI5tLwysyazJFiY68qR8km&Signature=62Inb22HAK7ZJulUZvpu5Xx9L%2B8%3D', '那现在了', 'TEXT', NULL, NULL, 0, NULL, '2025-11-15 12:07:40', 0);
INSERT INTO `conversation_message` VALUES (1989545898253840386, 1989524266114113537, 'DOCTOR', 1986307375942283266, '李四', 'http://yg-hospital.oss-cn-beijing.aliyuncs.com/avatar/697c0c12-a33c-4008-8ff6-af6d11ceea95.jpg?Expires=1763183255&OSSAccessKeyId=LTAI5tLwysyazJFiY68qR8km&Signature=62Inb22HAK7ZJulUZvpu5Xx9L%2B8%3D', '你听得到我说话吗', 'TEXT', NULL, NULL, 0, NULL, '2025-11-15 12:08:01', 0);
INSERT INTO `conversation_message` VALUES (1989546091170852866, 1989524266114113537, 'DOCTOR', 1986307375942283266, '李四', 'http://yg-hospital.oss-cn-beijing.aliyuncs.com/avatar/697c0c12-a33c-4008-8ff6-af6d11ceea95.jpg?Expires=1763183255&OSSAccessKeyId=LTAI5tLwysyazJFiY68qR8km&Signature=62Inb22HAK7ZJulUZvpu5Xx9L%2B8%3D', '你听得到吗', 'TEXT', NULL, NULL, 0, NULL, '2025-11-15 12:08:47', 0);
INSERT INTO `conversation_message` VALUES (1989547816246091777, 1989524266114113537, 'DOCTOR', 1986307375942283266, '李四', 'http://yg-hospital.oss-cn-beijing.aliyuncs.com/avatar/697c0c12-a33c-4008-8ff6-af6d11ceea95.jpg?Expires=1763183731&OSSAccessKeyId=LTAI5tLwysyazJFiY68qR8km&Signature=bQI7wOavl2IeQc05rlDNpsUwt7E%3D', '你看见我说话了吗', 'TEXT', NULL, NULL, 0, NULL, '2025-11-15 12:15:38', 0);
INSERT INTO `conversation_message` VALUES (1989547879479418881, 1989524266114113537, 'DOCTOR', 1986307375942283266, '李四', 'http://yg-hospital.oss-cn-beijing.aliyuncs.com/avatar/697c0c12-a33c-4008-8ff6-af6d11ceea95.jpg?Expires=1763183731&OSSAccessKeyId=LTAI5tLwysyazJFiY68qR8km&Signature=bQI7wOavl2IeQc05rlDNpsUwt7E%3D', '你看见了吗', 'TEXT', NULL, NULL, 0, NULL, '2025-11-15 12:15:53', 0);
INSERT INTO `conversation_message` VALUES (1989547907153436674, 1989524266114113537, 'ADMIN', 1986027188356419205, '系统管理员', 'https://api.dicebear.com/7.x/shapes/svg?seed=assistant', '你了你看见了吗', 'TEXT', NULL, NULL, 0, NULL, '2025-11-15 12:16:00', 0);
INSERT INTO `conversation_message` VALUES (1989549896210227201, 1989524266114113537, 'DOCTOR', 1986307375942283266, '李四', 'http://yg-hospital.oss-cn-beijing.aliyuncs.com/avatar/697c0c12-a33c-4008-8ff6-af6d11ceea95.jpg?Expires=1763183731&OSSAccessKeyId=LTAI5tLwysyazJFiY68qR8km&Signature=bQI7wOavl2IeQc05rlDNpsUwt7E%3D', '有消息提醒吗', 'TEXT', NULL, NULL, 0, NULL, '2025-11-15 12:23:54', 0);
INSERT INTO `conversation_message` VALUES (1989549921485103105, 1989524266114113537, 'ADMIN', 1986027188356419205, '系统管理员', 'https://api.dicebear.com/7.x/shapes/svg?seed=assistant', '为什么还是没有', 'TEXT', NULL, NULL, 0, NULL, '2025-11-15 12:24:00', 0);
INSERT INTO `conversation_message` VALUES (1989555673981030402, 1989524266114113537, 'DOCTOR', 1986307375942283266, '李四', 'http://yg-hospital.oss-cn-beijing.aliyuncs.com/avatar/697c0c12-a33c-4008-8ff6-af6d11ceea95.jpg?Expires=1763183731&OSSAccessKeyId=LTAI5tLwysyazJFiY68qR8km&Signature=bQI7wOavl2IeQc05rlDNpsUwt7E%3D', '现在有吗', 'TEXT', NULL, NULL, 0, NULL, '2025-11-15 12:46:51', 0);
INSERT INTO `conversation_message` VALUES (1989555692343693313, 1989524266114113537, 'ADMIN', 1986027188356419205, '系统管理员', 'https://api.dicebear.com/7.x/shapes/svg?seed=assistant', '有了有了', 'TEXT', NULL, NULL, 0, NULL, '2025-11-15 12:46:56', 0);
INSERT INTO `conversation_message` VALUES (1989555777517424642, 1989517882886774785, 'PATIENT', 1986027188356419585, '丁政扬', 'http://yg-hospital.oss-cn-beijing.aliyuncs.com/avatar/38882544-dd14-4f52-8f13-e46a83f034ba.jpg?Expires=1763185628&OSSAccessKeyId=LTAI5tLwysyazJFiY68qR8km&Signature=mTDe8U5a%2BrKXmLES4PmQuk8z45M%3D', '我了我了我有吗', 'TEXT', NULL, NULL, 0, NULL, '2025-11-15 12:47:16', 0);
INSERT INTO `conversation_message` VALUES (1989555812053323777, 1989517882886774785, 'ADMIN', 1986027188356419205, '系统管理员', 'https://api.dicebear.com/7.x/shapes/svg?seed=assistant', '有的有的', 'TEXT', NULL, NULL, 0, NULL, '2025-11-15 12:47:24', 0);
INSERT INTO `conversation_message` VALUES (1989557368065052674, 1989517882886774785, 'ADMIN', 1986027188356419205, '系统管理员', 'https://api.dicebear.com/7.x/shapes/svg?seed=assistant', '你好', 'TEXT', NULL, NULL, 0, NULL, '2025-11-15 12:53:35', 0);
INSERT INTO `conversation_message` VALUES (1989557394459807746, 1989517882886774785, 'ADMIN', 1986027188356419205, '系统管理员', 'https://api.dicebear.com/7.x/shapes/svg?seed=assistant', '你好', 'TEXT', NULL, NULL, 0, NULL, '2025-11-15 12:53:42', 0);
INSERT INTO `conversation_message` VALUES (1989557455994441729, 1989517882886774785, 'ADMIN', 1986027188356419205, '系统管理员', 'https://api.dicebear.com/7.x/shapes/svg?seed=assistant', '你好你好', 'TEXT', NULL, NULL, 0, NULL, '2025-11-15 12:53:56', 0);
INSERT INTO `conversation_message` VALUES (1989557568963825665, 1989517882886774785, 'ADMIN', 1986027188356419205, '系统管理员', 'https://api.dicebear.com/7.x/shapes/svg?seed=assistant', '我好我好', 'TEXT', NULL, NULL, 0, NULL, '2025-11-15 12:54:23', 0);
INSERT INTO `conversation_message` VALUES (1989557583694221313, 1989517882886774785, 'ADMIN', 1986027188356419205, '系统管理员', 'https://api.dicebear.com/7.x/shapes/svg?seed=assistant', '你好你好', 'TEXT', NULL, NULL, 0, NULL, '2025-11-15 12:54:27', 0);

-- ----------------------------
-- Table structure for dictionary
-- ----------------------------
DROP TABLE IF EXISTS `dictionary`;
CREATE TABLE `dictionary`  (
  `id` bigint NOT NULL,
  `dict_type` varchar(50) CHARACTER SET utf8mb4 COLLATE utf8mb4_unicode_ci NOT NULL COMMENT '字典类型',
  `dict_label` varchar(100) CHARACTER SET utf8mb4 COLLATE utf8mb4_unicode_ci NOT NULL COMMENT '字典标签',
  `dict_value` varchar(100) CHARACTER SET utf8mb4 COLLATE utf8mb4_unicode_ci NOT NULL COMMENT '字典值',
  `dict_sort` int NULL DEFAULT 0 COMMENT '排序',
  `status` tinyint NULL DEFAULT 1 COMMENT '状态',
  `remark` varchar(255) CHARACTER SET utf8mb4 COLLATE utf8mb4_unicode_ci NULL DEFAULT NULL COMMENT '备注',
  `created_at` datetime NULL DEFAULT CURRENT_TIMESTAMP,
  `updated_at` datetime NULL DEFAULT CURRENT_TIMESTAMP ON UPDATE CURRENT_TIMESTAMP,
  PRIMARY KEY (`id`) USING BTREE,
  INDEX `idx_dict_type`(`dict_type` ASC) USING BTREE
) ENGINE = InnoDB CHARACTER SET = utf8mb4 COLLATE = utf8mb4_unicode_ci COMMENT = '数据字典表' ROW_FORMAT = DYNAMIC;

-- ----------------------------
-- Records of dictionary
-- ----------------------------
INSERT INTO `dictionary` VALUES (1, 'article_category', '体质养生', 'constitution', 1, 1, '文章分类', '2025-11-05 19:02:06', '2025-11-05 19:02:06');
INSERT INTO `dictionary` VALUES (2, 'article_category', '药膳食疗', 'diet', 2, 1, '文章分类', '2025-11-05 19:02:06', '2025-11-05 19:02:06');
INSERT INTO `dictionary` VALUES (3, 'article_category', '穴位按摩', 'acupoint', 3, 1, '文章分类', '2025-11-05 19:02:06', '2025-11-05 19:02:06');
INSERT INTO `dictionary` VALUES (4, 'article_category', '运动养生', 'exercise', 4, 1, '文章分类', '2025-11-05 19:02:06', '2025-11-05 19:02:06');
INSERT INTO `dictionary` VALUES (5, 'article_category', '情志调节', 'emotion', 5, 1, '文章分类', '2025-11-05 19:02:06', '2025-11-05 19:02:06');
INSERT INTO `dictionary` VALUES (6, 'season', '春季', 'SPRING', 1, 1, '季节', '2025-11-05 19:02:06', '2025-11-05 19:02:06');
INSERT INTO `dictionary` VALUES (7, 'season', '夏季', 'SUMMER', 2, 1, '季节', '2025-11-05 19:02:06', '2025-11-05 19:02:06');
INSERT INTO `dictionary` VALUES (8, 'season', '秋季', 'AUTUMN', 3, 1, '季节', '2025-11-05 19:02:06', '2025-11-05 19:02:06');
INSERT INTO `dictionary` VALUES (9, 'season', '冬季', 'WINTER', 4, 1, '季节', '2025-11-05 19:02:06', '2025-11-05 19:02:06');
INSERT INTO `dictionary` VALUES (10, 'difficulty', '简单', '1', 1, 1, '难度等级', '2025-11-05 19:02:06', '2025-11-05 19:02:06');
INSERT INTO `dictionary` VALUES (11, 'difficulty', '较易', '2', 2, 1, '难度等级', '2025-11-05 19:02:06', '2025-11-05 19:02:06');
INSERT INTO `dictionary` VALUES (12, 'difficulty', '中等', '3', 3, 1, '难度等级', '2025-11-05 19:02:06', '2025-11-05 19:02:06');
INSERT INTO `dictionary` VALUES (13, 'difficulty', '较难', '4', 4, 1, '难度等级', '2025-11-05 19:02:06', '2025-11-05 19:02:06');
INSERT INTO `dictionary` VALUES (14, 'difficulty', '困难', '5', 5, 1, '难度等级', '2025-11-05 19:02:06', '2025-11-05 19:02:06');

-- ----------------------------
-- Table structure for health_article
-- ----------------------------
DROP TABLE IF EXISTS `health_article`;
CREATE TABLE `health_article`  (
  `id` bigint NOT NULL,
  `author_id` bigint NOT NULL COMMENT '作者ID',
  `title` varchar(200) CHARACTER SET utf8mb4 COLLATE utf8mb4_unicode_ci NOT NULL COMMENT '文章标题',
  `summary` varchar(500) CHARACTER SET utf8mb4 COLLATE utf8mb4_unicode_ci NULL DEFAULT NULL COMMENT '文章摘要',
  `content` longtext CHARACTER SET utf8mb4 COLLATE utf8mb4_unicode_ci NOT NULL COMMENT '文章内容（富文本）',
  `category` varchar(50) CHARACTER SET utf8mb4 COLLATE utf8mb4_unicode_ci NULL DEFAULT NULL COMMENT '文章分类',
  `tags` varchar(255) CHARACTER SET utf8mb4 COLLATE utf8mb4_unicode_ci NULL DEFAULT NULL COMMENT '标签（逗号分隔）',
  `constitution_type` varchar(255) CHARACTER SET utf8mb4 COLLATE utf8mb4_unicode_ci NULL DEFAULT NULL COMMENT '适用体质（逗号分隔，如：QIXU,YANGXU 或 ALL）',
  `cover_image` varchar(255) CHARACTER SET utf8mb4 COLLATE utf8mb4_unicode_ci NULL DEFAULT NULL COMMENT '封面图片',
  `view_count` int NULL DEFAULT 0,
  `like_count` int NULL DEFAULT 0,
  `comment_count` int NULL DEFAULT 0,
  `favorite_count` int NULL DEFAULT 0,
  `is_featured` tinyint NULL DEFAULT 0 COMMENT '是否精选',
  `is_top` tinyint NULL DEFAULT 0 COMMENT '是否置顶',
  `status` tinyint NULL DEFAULT 1 COMMENT '状态 0-草稿 1-已发布 2-已下架',
  `publish_time` datetime NULL DEFAULT NULL COMMENT '发布时间',
  `created_at` datetime NULL DEFAULT CURRENT_TIMESTAMP,
  `updated_at` datetime NULL DEFAULT CURRENT_TIMESTAMP ON UPDATE CURRENT_TIMESTAMP,
  PRIMARY KEY (`id`) USING BTREE,
  INDEX `idx_author_id`(`author_id` ASC) USING BTREE,
  INDEX `idx_category`(`category` ASC) USING BTREE,
  INDEX `idx_status`(`status` ASC) USING BTREE,
  INDEX `idx_publish_time`(`publish_time` ASC) USING BTREE
) ENGINE = InnoDB CHARACTER SET = utf8mb4 COLLATE = utf8mb4_unicode_ci COMMENT = '养生文章表' ROW_FORMAT = DYNAMIC;

-- ----------------------------
-- Records of health_article
-- ----------------------------
INSERT INTO `health_article` VALUES (1986028637152907265, 1986027188356419585, '啊实打实打算', '打开手机低啊算了安静的帕松加的富婆啊时间分配阿萨平时就到家啊山坡地叫阿三的', '房间内拉萨覅偶怕谁i哦啊世界第哦啊三角地哦啊岁哦断丝哦断丝哦对u阿斯哦ui哦阿姐佛飘散的肌肤皮哦啊是覅偶怕谁的覅哦啊是ui哦啊速递哦i阿索i的奥索i的奥索i断送i多阿斯到死u都i阿萨答是但', 'ACUPOINT', '', NULL, '', 1, 1, 1, 1, 0, 0, 1, '2025-11-05 19:11:40', '2025-11-05 19:11:40', '2025-11-05 19:11:45');

-- ----------------------------
-- Table structure for health_checkin
-- ----------------------------
DROP TABLE IF EXISTS `health_checkin`;
CREATE TABLE `health_checkin`  (
  `id` bigint NOT NULL,
  `user_id` bigint NOT NULL,
  `plan_id` bigint NULL DEFAULT NULL COMMENT '计划ID（可选）',
  `checkin_date` date NOT NULL COMMENT '打卡日期',
  `checkin_type` varchar(50) CHARACTER SET utf8mb4 COLLATE utf8mb4_unicode_ci NULL DEFAULT NULL COMMENT '打卡类型（饮食、运动、睡眠等）',
  `weight` decimal(5, 2) NULL DEFAULT NULL COMMENT '体重（kg）',
  `blood_pressure` varchar(20) CHARACTER SET utf8mb4 COLLATE utf8mb4_unicode_ci NULL DEFAULT NULL COMMENT '血压（收缩压/舒张压）',
  `heart_rate` int NULL DEFAULT NULL COMMENT '心率（次/分）',
  `sleep_duration` decimal(4, 2) NULL DEFAULT NULL COMMENT '睡眠时长（小时）',
  `sleep_quality` tinyint NULL DEFAULT NULL COMMENT '睡眠质量评分（1-5分）',
  `exercise_duration` int NULL DEFAULT NULL COMMENT '运动时长（分钟）',
  `water_intake` int NULL DEFAULT NULL COMMENT '饮水量（ml）',
  `mood_score` tinyint NULL DEFAULT NULL COMMENT '心情评分（1-5分）',
  `health_score` tinyint NULL DEFAULT NULL COMMENT '身体状况评分（1-5分）',
  `images` text CHARACTER SET utf8mb4 COLLATE utf8mb4_unicode_ci NULL COMMENT '图片（逗号分隔）',
  `content` text CHARACTER SET utf8mb4 COLLATE utf8mb4_unicode_ci NULL COMMENT '打卡内容（JSON对象）',
  `mood` tinyint NULL DEFAULT NULL COMMENT '心情 1-5',
  `energy_level` tinyint NULL DEFAULT NULL COMMENT '精力水平 1-5',
  `remark` text CHARACTER SET utf8mb4 COLLATE utf8mb4_unicode_ci NULL COMMENT '备注',
  `created_at` datetime NULL DEFAULT CURRENT_TIMESTAMP,
  `updated_at` datetime NULL DEFAULT CURRENT_TIMESTAMP ON UPDATE CURRENT_TIMESTAMP COMMENT '更新时间',
  PRIMARY KEY (`id`) USING BTREE,
  UNIQUE INDEX `uk_user_date_type`(`user_id` ASC, `checkin_date` ASC, `checkin_type` ASC) USING BTREE,
  INDEX `idx_user_id`(`user_id` ASC) USING BTREE,
  INDEX `idx_checkin_date`(`checkin_date` ASC) USING BTREE
) ENGINE = InnoDB CHARACTER SET = utf8mb4 COLLATE = utf8mb4_unicode_ci COMMENT = '健康打卡记录表' ROW_FORMAT = DYNAMIC;

-- ----------------------------
-- Records of health_checkin
-- ----------------------------
INSERT INTO `health_checkin` VALUES (1843820000000000001, 1986027188356419585, NULL, '2025-10-01', NULL, 91.50, '125/82', 72, 7.50, 4, 30, 2000, 4, 4, NULL, NULL, NULL, NULL, '国庆第一天，心情不错', '2025-10-01 08:30:00', '2025-10-01 08:30:00');
INSERT INTO `health_checkin` VALUES (1844182400000000001, 1986027188356419585, NULL, '2025-10-02', NULL, 91.20, '122/80', 70, 8.00, 5, 45, 2200, 5, 5, NULL, NULL, NULL, NULL, '睡眠质量很好', '2025-10-02 09:15:00', '2025-10-02 09:15:00');
INSERT INTO `health_checkin` VALUES (1844544800000000001, 1986027188356419585, NULL, '2025-10-03', NULL, 91.00, '120/78', 68, 7.00, 4, 60, 2500, 4, 4, NULL, NULL, NULL, NULL, '运动了一小时', '2025-10-03 10:20:00', '2025-10-03 10:20:00');
INSERT INTO `health_checkin` VALUES (1844907200000000001, 1986027188356419585, NULL, '2025-10-04', NULL, 90.80, '118/76', 66, 7.50, 4, 40, 2300, 4, 4, NULL, NULL, NULL, NULL, '体重开始下降', '2025-10-04 08:45:00', '2025-10-04 08:45:00');
INSERT INTO `health_checkin` VALUES (1845269600000000001, 1986027188356419585, NULL, '2025-10-05', NULL, 90.50, '120/78', 70, 6.50, 3, 30, 2000, 3, 3, NULL, NULL, NULL, NULL, '睡眠不太好', '2025-10-05 09:00:00', '2025-10-05 09:00:00');
INSERT INTO `health_checkin` VALUES (1845632000000000001, 1986027188356419585, NULL, '2025-10-06', NULL, 90.30, '122/80', 72, 8.00, 5, 50, 2400, 5, 5, NULL, NULL, NULL, NULL, '周末休息充足', '2025-10-06 10:30:00', '2025-10-06 10:30:00');
INSERT INTO `health_checkin` VALUES (1845994400000000001, 1986027188356419585, NULL, '2025-10-07', NULL, 90.00, '119/77', 68, 7.50, 4, 45, 2200, 4, 4, NULL, NULL, NULL, NULL, '坚持运动', '2025-10-07 08:20:00', '2025-10-07 08:20:00');
INSERT INTO `health_checkin` VALUES (1846356800000000001, 1986027188356419585, NULL, '2025-10-08', NULL, 89.80, '118/76', 66, 7.00, 4, 35, 2100, 4, 4, NULL, NULL, NULL, NULL, '工作日开始', '2025-10-08 07:50:00', '2025-10-08 07:50:00');
INSERT INTO `health_checkin` VALUES (1846719200000000001, 1986027188356419585, NULL, '2025-10-09', NULL, 89.50, '120/78', 70, 6.50, 3, 30, 1900, 3, 3, NULL, NULL, NULL, NULL, '有点累', '2025-10-09 08:10:00', '2025-10-09 08:10:00');
INSERT INTO `health_checkin` VALUES (1847081600000000001, 1986027188356419585, NULL, '2025-10-10', NULL, 89.30, '122/80', 72, 7.50, 4, 40, 2200, 4, 4, NULL, NULL, NULL, NULL, '状态恢复', '2025-10-10 09:00:00', '2025-10-10 09:00:00');
INSERT INTO `health_checkin` VALUES (1847444000000000001, 1986027188356419585, NULL, '2025-10-11', NULL, 89.00, '119/77', 68, 8.00, 5, 55, 2500, 5, 5, NULL, NULL, NULL, NULL, '感觉很棒', '2025-10-11 08:30:00', '2025-10-11 08:30:00');
INSERT INTO `health_checkin` VALUES (1847806400000000001, 1986027188356419585, NULL, '2025-10-12', NULL, 88.80, '118/76', 66, 7.50, 4, 45, 2300, 4, 4, NULL, NULL, NULL, NULL, '继续保持', '2025-10-12 09:15:00', '2025-10-12 09:15:00');
INSERT INTO `health_checkin` VALUES (1848168800000000001, 1986027188356419585, NULL, '2025-10-13', NULL, 88.50, '120/78', 70, 7.00, 4, 40, 2100, 4, 4, NULL, NULL, NULL, NULL, '周末放松', '2025-10-13 10:00:00', '2025-10-13 10:00:00');
INSERT INTO `health_checkin` VALUES (1848531200000000001, 1986027188356419585, NULL, '2025-10-14', NULL, 88.30, '122/80', 72, 8.00, 5, 60, 2600, 5, 5, NULL, NULL, NULL, NULL, '运动量增加', '2025-10-14 08:45:00', '2025-10-14 08:45:00');
INSERT INTO `health_checkin` VALUES (1848893600000000001, 1986027188356419585, NULL, '2025-10-15', NULL, 88.00, '119/77', 68, 7.50, 4, 50, 2400, 4, 4, NULL, NULL, NULL, NULL, '体重稳定下降', '2025-10-15 09:20:00', '2025-10-15 09:20:00');
INSERT INTO `health_checkin` VALUES (1849256000000000001, 1986027188356419585, NULL, '2025-10-16', NULL, 87.80, '118/76', 66, 7.00, 4, 45, 2200, 4, 4, NULL, NULL, NULL, NULL, '保持节奏', '2025-10-16 08:00:00', '2025-10-16 08:00:00');
INSERT INTO `health_checkin` VALUES (1849618400000000001, 1986027188356419585, NULL, '2025-10-17', NULL, 87.50, '120/78', 70, 6.50, 3, 35, 2000, 3, 3, NULL, NULL, NULL, NULL, '有点疲劳', '2025-10-17 08:30:00', '2025-10-17 08:30:00');
INSERT INTO `health_checkin` VALUES (1849980800000000001, 1986027188356419585, NULL, '2025-10-18', NULL, 87.30, '122/80', 72, 8.00, 5, 40, 2300, 5, 5, NULL, NULL, NULL, NULL, '休息后恢复', '2025-10-18 09:00:00', '2025-10-18 09:00:00');
INSERT INTO `health_checkin` VALUES (1850343200000000001, 1986027188356419585, NULL, '2025-10-19', NULL, 87.00, '119/77', 68, 7.50, 4, 50, 2500, 4, 4, NULL, NULL, NULL, NULL, '状态良好', '2025-10-19 08:15:00', '2025-10-19 08:15:00');
INSERT INTO `health_checkin` VALUES (1850705600000000001, 1986027188356419585, NULL, '2025-10-20', NULL, 86.80, '118/76', 66, 7.00, 4, 45, 2200, 4, 4, NULL, NULL, NULL, NULL, '周末愉快', '2025-10-20 10:30:00', '2025-10-20 10:30:00');
INSERT INTO `health_checkin` VALUES (1851068000000000001, 1986027188356419585, NULL, '2025-10-21', NULL, 86.50, '120/78', 70, 8.00, 5, 55, 2600, 5, 5, NULL, NULL, NULL, NULL, '精力充沛', '2025-10-21 08:45:00', '2025-10-21 08:45:00');
INSERT INTO `health_checkin` VALUES (1851430400000000001, 1986027188356419585, NULL, '2025-10-22', NULL, 86.30, '122/80', 72, 7.50, 4, 50, 2400, 4, 4, NULL, NULL, NULL, NULL, '继续努力', '2025-10-22 09:10:00', '2025-10-22 09:10:00');
INSERT INTO `health_checkin` VALUES (1851792800000000001, 1986027188356419585, NULL, '2025-10-23', NULL, 86.00, '119/77', 68, 7.00, 4, 40, 2100, 4, 4, NULL, NULL, NULL, NULL, '稳步前进', '2025-10-23 08:20:00', '2025-10-23 08:20:00');
INSERT INTO `health_checkin` VALUES (1852155200000000001, 1986027188356419585, NULL, '2025-10-24', NULL, 85.80, '118/76', 66, 6.50, 3, 35, 2000, 3, 3, NULL, NULL, NULL, NULL, '睡眠不足', '2025-10-24 07:50:00', '2025-10-24 07:50:00');
INSERT INTO `health_checkin` VALUES (1852517600000000001, 1986027188356419585, NULL, '2025-10-25', NULL, 85.50, '120/78', 70, 8.00, 5, 45, 2300, 5, 5, NULL, NULL, NULL, NULL, '周末补眠', '2025-10-25 09:30:00', '2025-10-25 09:30:00');
INSERT INTO `health_checkin` VALUES (1852880000000000001, 1986027188356419585, NULL, '2025-10-26', NULL, 85.30, '122/80', 72, 7.50, 4, 50, 2500, 4, 4, NULL, NULL, NULL, NULL, '体重接近目标', '2025-10-26 08:40:00', '2025-10-26 08:40:00');
INSERT INTO `health_checkin` VALUES (1853242400000000001, 1986027188356419585, NULL, '2025-10-27', NULL, 85.00, '119/77', 68, 7.00, 4, 45, 2200, 4, 4, NULL, NULL, NULL, NULL, '保持良好习惯', '2025-10-27 09:00:00', '2025-10-27 09:00:00');
INSERT INTO `health_checkin` VALUES (1853604800000000001, 1986027188356419585, NULL, '2025-10-28', NULL, 84.80, '118/76', 66, 7.50, 4, 40, 2100, 4, 4, NULL, NULL, NULL, NULL, '感觉轻松', '2025-10-28 08:15:00', '2025-10-28 08:15:00');
INSERT INTO `health_checkin` VALUES (1853967200000000001, 1986027188356419585, NULL, '2025-10-29', NULL, 84.50, '120/78', 70, 8.00, 5, 55, 2600, 5, 5, NULL, NULL, NULL, NULL, '状态极佳', '2025-10-29 09:20:00', '2025-10-29 09:20:00');
INSERT INTO `health_checkin` VALUES (1854329600000000001, 1986027188356419585, NULL, '2025-10-30', NULL, 84.30, '122/80', 72, 7.50, 4, 50, 2400, 4, 4, NULL, NULL, NULL, NULL, '继续坚持', '2025-10-30 08:50:00', '2025-10-30 08:50:00');
INSERT INTO `health_checkin` VALUES (1854692000000000001, 1986027188356419585, NULL, '2025-10-31', NULL, 84.00, '119/77', 68, 7.00, 4, 45, 2200, 4, 4, NULL, NULL, NULL, NULL, '十月最后一天', '2025-10-31 09:10:00', '2025-10-31 09:10:00');
INSERT INTO `health_checkin` VALUES (1855054400000000001, 1986027188356419585, NULL, '2025-11-01', NULL, 83.80, '118/76', 66, 8.00, 5, 60, 2500, 5, 5, NULL, NULL, NULL, NULL, '十一月开始，继续加油', '2025-11-01 08:30:00', '2025-11-01 08:30:00');
INSERT INTO `health_checkin` VALUES (1986035120951300097, 1986027188356419585, NULL, '2025-11-05', NULL, 90.00, NULL, 40, 17.00, NULL, 3, NULL, NULL, NULL, NULL, NULL, NULL, NULL, '阿三大苏打', '2025-11-05 19:37:26', '2025-11-05 19:37:26');
INSERT INTO `health_checkin` VALUES (1986328333595480066, 1986027188356419585, NULL, '2025-11-06', NULL, 20.00, '60/40', 40, 1.00, 5, 1, 100, 1, NULL, NULL, NULL, NULL, NULL, '不好', '2025-11-06 15:02:34', '2025-11-06 15:02:34');

-- ----------------------------
-- Table structure for health_plan_record
-- ----------------------------
DROP TABLE IF EXISTS `health_plan_record`;
CREATE TABLE `health_plan_record`  (
  `id` bigint NOT NULL,
  `user_id` bigint NOT NULL,
  `plan_type` varchar(50) CHARACTER SET utf8mb4 COLLATE utf8mb4_unicode_ci NULL DEFAULT NULL COMMENT '方案类型（饮食、运动、穴位等）',
  `plan_name` varchar(100) CHARACTER SET utf8mb4 COLLATE utf8mb4_unicode_ci NULL DEFAULT NULL COMMENT '方案名称',
  `description` text CHARACTER SET utf8mb4 COLLATE utf8mb4_unicode_ci NULL COMMENT '计划描述',
  `target_content` text CHARACTER SET utf8mb4 COLLATE utf8mb4_unicode_ci NULL COMMENT '目标内容（JSON对象）',
  `plan_content` json NULL COMMENT '方案内容（JSON）',
  `start_date` date NULL DEFAULT NULL,
  `end_date` date NULL DEFAULT NULL,
  `frequency` varchar(50) CHARACTER SET utf8mb4 COLLATE utf8mb4_unicode_ci NULL DEFAULT NULL COMMENT '执行频率（DAILY-每日，WEEKLY-每周，MONTHLY-每月）',
  `reminder_time` text CHARACTER SET utf8mb4 COLLATE utf8mb4_unicode_ci NULL COMMENT '提醒时间（JSON数组）',
  `completed_count` int NULL DEFAULT 0 COMMENT '完成次数',
  `target_count` int NULL DEFAULT NULL COMMENT '目标次数',
  `status` tinyint NULL DEFAULT NULL COMMENT '状态 0-进行中 1-已完成 2-已放弃',
  `completion_rate` int NULL DEFAULT 0 COMMENT '完成率（百分比）',
  `remark` text CHARACTER SET utf8mb4 COLLATE utf8mb4_unicode_ci NULL COMMENT '备注',
  `created_at` datetime NULL DEFAULT CURRENT_TIMESTAMP,
  `updated_at` datetime NULL DEFAULT CURRENT_TIMESTAMP ON UPDATE CURRENT_TIMESTAMP,
  PRIMARY KEY (`id`) USING BTREE,
  INDEX `idx_user_id`(`user_id` ASC) USING BTREE,
  INDEX `idx_status`(`status` ASC) USING BTREE
) ENGINE = InnoDB CHARACTER SET = utf8mb4 COLLATE = utf8mb4_unicode_ci COMMENT = '养生方案记录表' ROW_FORMAT = DYNAMIC;

-- ----------------------------
-- Records of health_plan_record
-- ----------------------------
INSERT INTO `health_plan_record` VALUES (1986030993672278018, 1986027188356419585, 'ACUPOINT', '大苏打撒旦', '阿三大苏打asd啊实打实大苏打', NULL, NULL, '2025-11-18', '2025-11-28', '啊实打实大苏打', NULL, 0, 11, 1, 0, NULL, '2025-11-05 19:21:02', '2025-11-05 19:21:02');

-- ----------------------------
-- Table structure for herbal_recipe
-- ----------------------------
DROP TABLE IF EXISTS `herbal_recipe`;
CREATE TABLE `herbal_recipe`  (
  `id` bigint NOT NULL,
  `recipe_name` varchar(100) CHARACTER SET utf8mb4 COLLATE utf8mb4_unicode_ci NOT NULL COMMENT '食谱名称',
  `constitution_type` varchar(100) CHARACTER SET utf8mb4 COLLATE utf8mb4_unicode_ci NULL DEFAULT NULL COMMENT '适用体质（逗号分隔）',
  `season` varchar(100) CHARACTER SET utf8mb4 COLLATE utf8mb4_unicode_ci NULL DEFAULT 'ALL' COMMENT '适用季节（SPRING/SUMMER/AUTUMN/WINTER/ALL，可逗号分隔）',
  `category` varchar(50) CHARACTER SET utf8mb4 COLLATE utf8mb4_unicode_ci NULL DEFAULT NULL COMMENT '食谱分类（汤品/粥品/茶饮/炒菜/甜品等）',
  `difficulty` tinyint NULL DEFAULT 3 COMMENT '难度等级 1-5',
  `cooking_time` int NULL DEFAULT NULL COMMENT '烹饪时长（分钟）',
  `servings` int NULL DEFAULT 2 COMMENT '份量（人份）',
  `ingredients` json NULL COMMENT '食材清单（JSON数组）',
  `steps` json NULL COMMENT '制作步骤（JSON数组）',
  `efficacy` text CHARACTER SET utf8mb4 COLLATE utf8mb4_unicode_ci NULL COMMENT '功效说明',
  `suitable_symptoms` text CHARACTER SET utf8mb4 COLLATE utf8mb4_unicode_ci NULL COMMENT '适用症状',
  `contraindications` text CHARACTER SET utf8mb4 COLLATE utf8mb4_unicode_ci NULL COMMENT '禁忌说明',
  `nutrition_info` json NULL COMMENT '营养信息（JSON格式）',
  `tips` text CHARACTER SET utf8mb4 COLLATE utf8mb4_unicode_ci NULL COMMENT '烹饪小贴士',
  `image` varchar(255) CHARACTER SET utf8mb4 COLLATE utf8mb4_unicode_ci NULL DEFAULT NULL COMMENT '食谱图片文件名',
  `video_url` varchar(255) CHARACTER SET utf8mb4 COLLATE utf8mb4_unicode_ci NULL DEFAULT NULL COMMENT '视频链接',
  `view_count` int NULL DEFAULT 0 COMMENT '浏览次数',
  `favorite_count` int NULL DEFAULT 0 COMMENT '收藏次数',
  `status` tinyint NULL DEFAULT 1 COMMENT '状态 0-下架 1-上架',
  `version` int NULL DEFAULT 1 COMMENT '版本号（乐观锁）',
  `created_at` datetime NULL DEFAULT CURRENT_TIMESTAMP,
  `updated_at` datetime NULL DEFAULT CURRENT_TIMESTAMP ON UPDATE CURRENT_TIMESTAMP,
  PRIMARY KEY (`id`) USING BTREE,
  INDEX `idx_constitution`(`constitution_type`(50) ASC) USING BTREE,
  INDEX `idx_season`(`season`(50) ASC) USING BTREE,
  INDEX `idx_category`(`category` ASC) USING BTREE,
  INDEX `idx_status`(`status` ASC) USING BTREE
) ENGINE = InnoDB CHARACTER SET = utf8mb4 COLLATE = utf8mb4_unicode_ci COMMENT = '药膳食谱表' ROW_FORMAT = DYNAMIC;

-- ----------------------------
-- Records of herbal_recipe
-- ----------------------------
INSERT INTO `herbal_recipe` VALUES (1, '黄芪党参炖鸡汤', 'QIXU', 'ALL', '汤品', 2, 120, 4, '[{\"name\": \"鸡肉\", \"amount\": \"500g\"}, {\"name\": \"黄芪\", \"amount\": \"30g\"}, {\"name\": \"党参\", \"amount\": \"20g\"}, {\"name\": \"红枣\", \"amount\": \"10颗\"}, {\"name\": \"生姜\", \"amount\": \"3片\"}, {\"name\": \"盐\", \"amount\": \"适量\"}]', '[\"将鸡肉洗净切块，焯水去血沫\", \"黄芪、党参洗净备用\", \"将所有材料放入炖盅，加适量清水\", \"大火烧开后转小火炖2小时\", \"加盐调味即可\"]', '补中益气，健脾养胃，增强体质', '气虚乏力，食欲不振，易感冒', '感冒发热期间不宜食用', '{\"fat\": \"12g\", \"carbs\": \"8g\", \"protein\": \"35g\", \"calories\": \"280kcal\"}', '炖煮时间要足够，使药材充分释放药效；可根据个人口味调整盐量', 'huangqi_chicken_soup.jpg', '', 1250, 89, 1, 1, '2025-11-05 19:08:56', '2025-11-05 19:08:56');
INSERT INTO `herbal_recipe` VALUES (2, '山药薏米粥', 'QIXU,TANSHI', 'ALL', '粥品', 1, 45, 2, '[{\"name\": \"山药\", \"amount\": \"200g\"}, {\"name\": \"薏米\", \"amount\": \"50g\"}, {\"name\": \"大米\", \"amount\": \"100g\"}, {\"name\": \"枸杞\", \"amount\": \"10g\"}, {\"name\": \"冰糖\", \"amount\": \"适量\"}]', '[\"薏米提前浸泡2小时\", \"山药去皮切块\", \"大米淘洗干净\", \"将薏米、大米放入锅中，加水煮开\", \"加入山药块，小火煮30分钟\", \"最后加入枸杞和冰糖，煮5分钟即可\"]', '健脾益气，利湿消肿', '脾虚乏力，食少便溏，水肿', '便秘者慎用', '{\"fat\": \"2g\", \"carbs\": \"48g\", \"protein\": \"6g\", \"calories\": \"220kcal\"}', '山药去皮后容易氧化变黑，可放入加醋的水中浸泡', 'yam_coix_porridge.jpg', '', 980, 67, 1, 1, '2025-11-05 19:08:56', '2025-11-05 19:08:56');
INSERT INTO `herbal_recipe` VALUES (3, '四君子汤', 'QIXU', 'AUTUMN,WINTER', '汤品', 3, 90, 3, '[{\"name\": \"党参\", \"amount\": \"15g\"}, {\"name\": \"白术\", \"amount\": \"10g\"}, {\"name\": \"茯苓\", \"amount\": \"10g\"}, {\"name\": \"甘草\", \"amount\": \"6g\"}, {\"name\": \"生姜\", \"amount\": \"3片\"}, {\"name\": \"大枣\", \"amount\": \"5颗\"}]', '[\"将所有药材洗净\", \"放入砂锅，加水1000ml\", \"大火煮开后转小火煎煮40分钟\", \"过滤取汁，分2-3次温服\"]', '益气健脾，补中和胃', '脾胃气虚，面色萎黄，食少便溏', '实热证不宜服用', '{\"fat\": \"0g\", \"carbs\": \"10g\", \"protein\": \"1g\", \"calories\": \"45kcal\"}', '此为经典补气方剂，建议在中医师指导下服用', 'sijunzi_decoction.jpg', '', 756, 45, 1, 1, '2025-11-05 19:08:56', '2025-11-05 19:08:56');
INSERT INTO `herbal_recipe` VALUES (4, '当归生姜羊肉汤', 'YANGXU,XUEYU', 'WINTER', '汤品', 2, 150, 4, '[{\"name\": \"羊肉\", \"amount\": \"500g\"}, {\"name\": \"当归\", \"amount\": \"20g\"}, {\"name\": \"生姜\", \"amount\": \"50g\"}, {\"name\": \"黄酒\", \"amount\": \"适量\"}, {\"name\": \"盐\", \"amount\": \"适量\"}]', '[\"羊肉洗净切块，焯水去膻味\", \"当归洗净，生姜切片\", \"将羊肉、当归、生姜放入砂锅\", \"加适量清水和黄酒\", \"大火烧开后转小火炖2.5小时\", \"加盐调味即可\"]', '温中补虚，补血调经，散寒止痛', '阳虚怕冷，手足不温，痛经', '阴虚火旺者不宜', '{\"fat\": \"18g\", \"carbs\": \"12g\", \"protein\": \"28g\", \"calories\": \"320kcal\"}', '羊肉性温，冬季食用最佳；生姜用量较大，可增强温阳效果', 'mutton_soup.jpg', '', 1450, 102, 1, 1, '2025-11-05 19:08:56', '2025-11-05 19:08:56');
INSERT INTO `herbal_recipe` VALUES (5, '韭菜炒核桃仁', 'YANGXU', 'SPRING', '炒菜', 1, 15, 2, '[{\"name\": \"韭菜\", \"amount\": \"200g\"}, {\"name\": \"核桃仁\", \"amount\": \"50g\"}, {\"name\": \"虾仁\", \"amount\": \"100g\"}, {\"name\": \"生姜\", \"amount\": \"适量\"}, {\"name\": \"盐\", \"amount\": \"适量\"}, {\"name\": \"食用油\", \"amount\": \"适量\"}]', '[\"韭菜洗净切段，核桃仁炒香\", \"虾仁洗净沥干\", \"锅中放油，爆香姜丝\", \"下虾仁炒至变色\", \"加入韭菜和核桃仁快速翻炒\", \"加盐调味即可\"]', '温肾助阳，固精缩尿', '肾阳不足，腰膝酸软，遗精', '阴虚火旺者慎用', '{\"fat\": \"18g\", \"carbs\": \"8g\", \"protein\": \"22g\", \"calories\": \"280kcal\"}', '韭菜不宜久炒，保持脆嫩口感；春季韭菜最为鲜嫩', 'chive_walnut.jpg', '', 680, 38, 1, 1, '2025-11-05 19:08:56', '2025-11-05 19:08:56');
INSERT INTO `herbal_recipe` VALUES (6, '百合莲子银耳羹', 'YINXU', 'SUMMER,AUTUMN', '甜品', 1, 60, 3, '[{\"name\": \"银耳\", \"amount\": \"1朵\"}, {\"name\": \"百合\", \"amount\": \"30g\"}, {\"name\": \"莲子\", \"amount\": \"30g\"}, {\"name\": \"枸杞\", \"amount\": \"10g\"}, {\"name\": \"冰糖\", \"amount\": \"适量\"}]', '[\"银耳提前泡发，撕成小朵\", \"百合、莲子洗净\", \"将银耳放入锅中，加水煮30分钟\", \"加入百合、莲子继续煮20分钟\", \"最后加入枸杞和冰糖，煮5分钟即可\"]', '滋阴润肺，养心安神', '阴虚内热，口干咽燥，失眠', '脾胃虚寒者少食', '{\"fat\": \"1g\", \"carbs\": \"42g\", \"protein\": \"4g\", \"calories\": \"180kcal\"}', '银耳要充分泡发并煮至软糯，口感更佳；可冷藏后食用', 'lily_lotus_soup.jpg', '', 1120, 79, 1, 1, '2025-11-05 19:08:56', '2025-11-09 12:41:09');
INSERT INTO `herbal_recipe` VALUES (7, '沙参麦冬炖鸭', 'YINXU', 'SUMMER', '汤品', 2, 120, 4, '[{\"name\": \"鸭肉\", \"amount\": \"500g\"}, {\"name\": \"沙参\", \"amount\": \"20g\"}, {\"name\": \"麦冬\", \"amount\": \"15g\"}, {\"name\": \"玉竹\", \"amount\": \"15g\"}, {\"name\": \"生姜\", \"amount\": \"3片\"}, {\"name\": \"盐\", \"amount\": \"适量\"}]', '[\"鸭肉洗净切块，焯水去血沫\", \"沙参、麦冬、玉竹洗净\", \"将所有材料放入炖盅\", \"加适量清水，大火烧开\", \"转小火炖2小时\", \"加盐调味即可\"]', '滋阴清热，润肺生津', '阴虚燥热，干咳少痰，口渴', '脾胃虚寒者慎用', '{\"fat\": \"12g\", \"carbs\": \"8g\", \"protein\": \"30g\", \"calories\": \"260kcal\"}', '鸭肉性凉，适合夏季食用；可去除鸭皮减少油腻', 'duck_soup.jpg', '', 890, 57, 1, 1, '2025-11-05 19:08:56', '2025-11-09 12:41:08');
INSERT INTO `herbal_recipe` VALUES (8, '陈皮茯苓粥', 'TANSHI', 'ALL', '粥品', 1, 40, 2, '[{\"name\": \"陈皮\", \"amount\": \"10g\"}, {\"name\": \"茯苓\", \"amount\": \"15g\"}, {\"name\": \"薏米\", \"amount\": \"50g\"}, {\"name\": \"大米\", \"amount\": \"100g\"}, {\"name\": \"生姜\", \"amount\": \"2片\"}]', '[\"陈皮、茯苓洗净，薏米提前浸泡\", \"大米淘洗干净\", \"将所有材料放入锅中，加水煮开\", \"转小火煮35分钟至粥稠即可\"]', '健脾燥湿，理气化痰', '痰湿体质，胸闷腹胀，痰多', '阴虚燥咳者不宜', '{\"fat\": \"2g\", \"carbs\": \"44g\", \"protein\": \"5g\", \"calories\": \"200kcal\"}', '陈皮有理气作用，可增进食欲；茯苓利水渗湿效果好', 'chenpi_porridge.jpg', '', 720, 42, 1, 1, '2025-11-05 19:08:56', '2025-11-05 19:08:56');
INSERT INTO `herbal_recipe` VALUES (9, '冬瓜薏米排骨汤', 'TANSHI,SHIRE', 'SUMMER', '汤品', 2, 90, 4, '[{\"name\": \"排骨\", \"amount\": \"500g\"}, {\"name\": \"冬瓜\", \"amount\": \"300g\"}, {\"name\": \"薏米\", \"amount\": \"50g\"}, {\"name\": \"生姜\", \"amount\": \"3片\"}, {\"name\": \"盐\", \"amount\": \"适量\"}]', '[\"排骨洗净焯水，薏米提前浸泡\", \"冬瓜去皮切块\", \"将排骨、薏米、生姜放入锅中\", \"加水煮开后转小火炖1小时\", \"加入冬瓜继续煮20分钟\", \"加盐调味即可\"]', '清热利湿，健脾消肿', '痰湿内蕴，水肿，小便不利', '脾胃虚寒者少食', '{\"fat\": \"10g\", \"carbs\": \"15g\", \"protein\": \"26g\", \"calories\": \"240kcal\"}', '冬瓜利水效果好，适合夏季消暑；不宜久煮以免过烂', 'winter_melon_soup.jpg', '', 1050, 71, 1, 1, '2025-11-05 19:08:56', '2025-11-05 19:08:56');
INSERT INTO `herbal_recipe` VALUES (10, '绿豆薏米汤', 'SHIRE', 'SUMMER', '汤品', 1, 50, 3, '[{\"name\": \"绿豆\", \"amount\": \"100g\"}, {\"name\": \"薏米\", \"amount\": \"50g\"}, {\"name\": \"陈皮\", \"amount\": \"5g\"}, {\"name\": \"冰糖\", \"amount\": \"适量\"}]', '[\"绿豆、薏米提前浸泡2小时\", \"陈皮洗净\", \"将绿豆、薏米放入锅中，加水煮开\", \"转小火煮40分钟\", \"加入陈皮和冰糖，煮5分钟即可\"]', '清热利湿，解毒消暑', '湿热内蕴，口苦口干，小便黄', '脾胃虚寒者不宜', '{\"fat\": \"1g\", \"carbs\": \"38g\", \"protein\": \"8g\", \"calories\": \"180kcal\"}', '绿豆性寒，夏季食用最佳；可冷藏后饮用', 'mung_bean_soup.jpg', '', 1380, 95, 1, 1, '2025-11-05 19:08:56', '2025-11-05 19:08:56');
INSERT INTO `herbal_recipe` VALUES (11, '山楂红花茶', 'XUEYU', 'ALL', '茶饮', 1, 15, 1, '[{\"name\": \"山楂\", \"amount\": \"15g\"}, {\"name\": \"红花\", \"amount\": \"5g\"}, {\"name\": \"红糖\", \"amount\": \"适量\"}]', '[\"山楂洗净切片\", \"将山楂、红花放入杯中\", \"加沸水冲泡10分钟\", \"加红糖调味即可\"]', '活血化瘀，行气止痛', '血瘀气滞，胸闷刺痛，痛经', '孕妇禁用', '{\"fat\": \"0g\", \"carbs\": \"15g\", \"protein\": \"0g\", \"calories\": \"60kcal\"}', '红花活血力强，用量不宜过大；经期可适量饮用', 'hawthorn_tea.jpg', '', 650, 35, 1, 1, '2025-11-05 19:08:56', '2025-11-05 19:08:56');
INSERT INTO `herbal_recipe` VALUES (12, '黑木耳红枣汤', 'XUEYU,QIXU', 'ALL', '汤品', 1, 30, 2, '[{\"name\": \"黑木耳\", \"amount\": \"30g\"}, {\"name\": \"红枣\", \"amount\": \"10颗\"}, {\"name\": \"红糖\", \"amount\": \"适量\"}]', '[\"黑木耳提前泡发，撕成小朵\", \"红枣洗净去核\", \"将黑木耳、红枣放入锅中\", \"加水煮20分钟\", \"加红糖调味即可\"]', '补血活血，润肺养颜', '血虚血瘀，面色晦暗，贫血', '脾胃虚弱者少食', '{\"fat\": \"1g\", \"carbs\": \"28g\", \"protein\": \"3g\", \"calories\": \"120kcal\"}', '黑木耳要充分泡发；可长期食用，美容养颜', 'wood_ear_soup.jpg', '', 890, 58, 1, 1, '2025-11-05 19:08:56', '2025-11-05 19:08:56');
INSERT INTO `herbal_recipe` VALUES (13, '玫瑰花茶', 'QIYU', 'ALL', '茶饮', 1, 10, 1, '[{\"name\": \"玫瑰花\", \"amount\": \"5朵\"}, {\"name\": \"蜂蜜\", \"amount\": \"适量\"}]', '[\"玫瑰花放入杯中\", \"加80度热水冲泡5分钟\", \"加蜂蜜调味即可\"]', '疏肝解郁，理气活血', '肝气郁结，情绪低落，胸闷', '便秘者慎用', '{\"fat\": \"0g\", \"carbs\": \"10g\", \"protein\": \"0g\", \"calories\": \"40kcal\"}', '玫瑰花不宜用沸水冲泡，以免破坏营养；可反复冲泡', 'rose_tea.jpg', '', 1520, 112, 1, 1, '2025-11-05 19:08:56', '2025-11-05 19:08:56');
INSERT INTO `herbal_recipe` VALUES (14, '佛手陈皮茶', 'QIYU,TANSHI', 'ALL', '茶饮', 1, 15, 1, '[{\"name\": \"佛手\", \"amount\": \"10g\"}, {\"name\": \"陈皮\", \"amount\": \"5g\"}, {\"name\": \"冰糖\", \"amount\": \"适量\"}]', '[\"佛手、陈皮洗净\", \"放入杯中，加沸水冲泡\", \"焖10分钟后加冰糖即可\"]', '疏肝理气，和胃止痛', '肝胃气滞，胸闷腹胀，食欲不振', '阴虚者慎用', '{\"fat\": \"0g\", \"carbs\": \"9g\", \"protein\": \"0g\", \"calories\": \"35kcal\"}', '佛手芳香理气，陈皮健脾化痰，两者配伍效果更佳', 'foshou_tea.jpg', '', 580, 32, 1, 1, '2025-11-05 19:08:56', '2025-11-05 19:08:56');
INSERT INTO `herbal_recipe` VALUES (15, '乌梅生姜饮', 'TEBING', 'ALL', '茶饮', 1, 20, 2, '[{\"name\": \"乌梅\", \"amount\": \"10g\"}, {\"name\": \"生姜\", \"amount\": \"10g\"}, {\"name\": \"红糖\", \"amount\": \"适量\"}]', '[\"乌梅洗净，生姜切片\", \"将乌梅、生姜放入锅中\", \"加水煮15分钟\", \"加红糖调味即可\"]', '温肺化饮，止咳平喘', '过敏性咳嗽，鼻炎', '实热证不宜', '{\"fat\": \"0g\", \"carbs\": \"12g\", \"protein\": \"1g\", \"calories\": \"50kcal\"}', '适合过敏体质调理，可温服；生姜用量可根据个人耐受调整', 'wumei_drink.jpg', '', 420, 28, 1, 1, '2025-11-05 19:08:56', '2025-11-05 19:08:56');
INSERT INTO `herbal_recipe` VALUES (16, '五谷杂粮粥', 'PINGHE', 'ALL', '粥品', 1, 50, 3, '[{\"name\": \"大米\", \"amount\": \"50g\"}, {\"name\": \"小米\", \"amount\": \"30g\"}, {\"name\": \"黑米\", \"amount\": \"20g\"}, {\"name\": \"红豆\", \"amount\": \"20g\"}, {\"name\": \"绿豆\", \"amount\": \"20g\"}, {\"name\": \"燕麦\", \"amount\": \"20g\"}]', '[\"所有杂粮淘洗干净，红豆绿豆提前浸泡\", \"将所有材料放入锅中\", \"加适量水，大火煮开\", \"转小火煮40分钟至粥稠即可\"]', '营养均衡，健脾养胃', '日常保健，增强体质', '无特殊禁忌', '{\"fat\": \"3g\", \"carbs\": \"50g\", \"protein\": \"8g\", \"calories\": \"240kcal\"}', '五谷杂粮营养丰富，适合日常食用；可根据喜好调整比例', 'multigrain_porridge.jpg', '', 1650, 126, 1, 1, '2025-11-05 19:08:56', '2025-11-05 19:10:50');
INSERT INTO `herbal_recipe` VALUES (17, '春季养肝茶', 'QIYU,PINGHE', 'SPRING', '茶饮', 1, 10, 1, '[{\"name\": \"菊花\", \"amount\": \"5g\"}, {\"name\": \"枸杞\", \"amount\": \"10g\"}, {\"name\": \"决明子\", \"amount\": \"5g\"}]', '[\"将所有材料放入杯中\", \"加沸水冲泡10分钟即可\"]', '清肝明目，疏肝解郁', '春季养肝，眼睛干涩，头晕', '脾胃虚寒者少饮', '{\"fat\": \"0g\", \"carbs\": \"5g\", \"protein\": \"1g\", \"calories\": \"20kcal\"}', '春季是养肝的最佳时节；可反复冲泡至味淡', 'spring_tea.jpg', '', 981, 69, 1, 1, '2025-11-05 19:08:56', '2025-11-05 19:10:53');
INSERT INTO `herbal_recipe` VALUES (18, '夏季清暑汤', 'SHIRE,YINXU', 'SUMMER', '汤品', 1, 30, 3, '[{\"name\": \"荷叶\", \"amount\": \"10g\"}, {\"name\": \"绿豆\", \"amount\": \"50g\"}, {\"name\": \"薏米\", \"amount\": \"30g\"}, {\"name\": \"冰糖\", \"amount\": \"适量\"}]', '[\"绿豆、薏米提前浸泡\", \"荷叶洗净\", \"将绿豆、薏米放入锅中煮20分钟\", \"加入荷叶继续煮5分钟\", \"加冰糖调味即可\"]', '清热解暑，利湿消肿', '夏季暑热，口渴烦躁，水肿', '脾胃虚寒者不宜', '{\"fat\": \"1g\", \"carbs\": \"35g\", \"protein\": \"6g\", \"calories\": \"160kcal\"}', '荷叶清香，有清暑作用；可冷藏后饮用效果更佳', 'summer_soup.jpg', '', 1280, 88, 1, 1, '2025-11-05 19:08:56', '2025-11-09 12:41:09');
INSERT INTO `herbal_recipe` VALUES (19, '秋季润肺汤', 'YINXU,PINGHE', 'AUTUMN', '汤品', 2, 60, 3, '[{\"name\": \"雪梨\", \"amount\": \"2个\"}, {\"name\": \"百合\", \"amount\": \"30g\"}, {\"name\": \"银耳\", \"amount\": \"1朵\"}, {\"name\": \"枸杞\", \"amount\": \"10g\"}, {\"name\": \"冰糖\", \"amount\": \"适量\"}]', '[\"雪梨去皮切块，银耳泡发\", \"百合洗净\", \"将银耳放入锅中煮30分钟\", \"加入雪梨、百合继续煮20分钟\", \"最后加枸杞和冰糖，煮5分钟即可\"]', '滋阴润肺，止咳化痰', '秋季干燥，咳嗽少痰，口干', '脾胃虚寒者少食', '{\"fat\": \"1g\", \"carbs\": \"36g\", \"protein\": \"3g\", \"calories\": \"150kcal\"}', '秋季气候干燥，此汤最适合润肺；雪梨不宜久煮', 'autumn_soup.jpg', '', 1420, 99, 1, 1, '2025-11-05 19:08:56', '2025-11-05 19:10:51');
INSERT INTO `herbal_recipe` VALUES (20, '冬季温补汤', 'YANGXU,QIXU', 'WINTER', '汤品', 2, 150, 4, '[{\"name\": \"乌鸡\", \"amount\": \"500g\"}, {\"name\": \"当归\", \"amount\": \"15g\"}, {\"name\": \"黄芪\", \"amount\": \"20g\"}, {\"name\": \"红枣\", \"amount\": \"10颗\"}, {\"name\": \"枸杞\", \"amount\": \"10g\"}, {\"name\": \"生姜\", \"amount\": \"3片\"}, {\"name\": \"盐\", \"amount\": \"适量\"}]', '[\"乌鸡洗净切块，焯水去血沫\", \"当归、黄芪洗净\", \"将所有材料放入炖盅\", \"加适量清水，大火烧开\", \"转小火炖2.5小时\", \"加盐调味即可\"]', '温阳补气，养血调经', '冬季进补，气血两虚，手足冰冷', '感冒发热期间不宜', '{\"fat\": \"14g\", \"carbs\": \"10g\", \"protein\": \"32g\", \"calories\": \"300kcal\"}', '冬季是进补的最佳时节；乌鸡营养丰富，适合体虚者', 'winter_soup.jpg', '', 1580, 115, 1, 1, '2025-11-05 19:08:56', '2025-11-05 19:08:56');

-- ----------------------------
-- Table structure for ingredient
-- ----------------------------
DROP TABLE IF EXISTS `ingredient`;
CREATE TABLE `ingredient`  (
  `id` bigint NOT NULL,
  `name` varchar(50) CHARACTER SET utf8mb4 COLLATE utf8mb4_unicode_ci NOT NULL COMMENT '食材名称',
  `category` varchar(50) CHARACTER SET utf8mb4 COLLATE utf8mb4_unicode_ci NULL DEFAULT NULL COMMENT '分类（中药材、蔬菜、肉类等）',
  `properties` varchar(50) CHARACTER SET utf8mb4 COLLATE utf8mb4_unicode_ci NULL DEFAULT NULL COMMENT '性味（寒、热、温、凉、平）',
  `flavor` varchar(50) CHARACTER SET utf8mb4 COLLATE utf8mb4_unicode_ci NULL DEFAULT NULL COMMENT '味道（甘、辛、酸、苦、咸）',
  `meridian` varchar(100) CHARACTER SET utf8mb4 COLLATE utf8mb4_unicode_ci NULL DEFAULT NULL COMMENT '归经',
  `efficacy` text CHARACTER SET utf8mb4 COLLATE utf8mb4_unicode_ci NULL COMMENT '功效',
  `suitable_constitution` varchar(255) CHARACTER SET utf8mb4 COLLATE utf8mb4_unicode_ci NULL DEFAULT NULL COMMENT '适宜体质',
  `unsuitable_constitution` varchar(255) CHARACTER SET utf8mb4 COLLATE utf8mb4_unicode_ci NULL DEFAULT NULL COMMENT '不宜体质',
  `image` varchar(255) CHARACTER SET utf8mb4 COLLATE utf8mb4_unicode_ci NULL DEFAULT NULL COMMENT '图片文件名',
  `status` tinyint NULL DEFAULT 1 COMMENT '状态 0-禁用 1-启用',
  `created_at` datetime NULL DEFAULT CURRENT_TIMESTAMP,
  `updated_at` datetime NULL DEFAULT CURRENT_TIMESTAMP ON UPDATE CURRENT_TIMESTAMP,
  PRIMARY KEY (`id`) USING BTREE,
  INDEX `idx_category`(`category` ASC) USING BTREE,
  INDEX `idx_status`(`status` ASC) USING BTREE
) ENGINE = InnoDB CHARACTER SET = utf8mb4 COLLATE = utf8mb4_unicode_ci COMMENT = '食材库表' ROW_FORMAT = DYNAMIC;

-- ----------------------------
-- Records of ingredient
-- ----------------------------
INSERT INTO `ingredient` VALUES (1, '糯米', '谷物', '温', '甘', '脾、胃、肺', '补中益气，健脾养胃', 'QIXU,YANGXU', 'TANSHI,SHIRE', 'glutinous_rice.jpg', 1, '2025-11-05 19:08:56', '2025-11-05 19:08:56');
INSERT INTO `ingredient` VALUES (2, '小米', '谷物', '凉', '甘、咸', '脾、胃、肾', '健脾和胃，补益虚损', 'QIXU,YINXU', '', 'millet.jpg', 1, '2025-11-05 19:08:56', '2025-11-05 19:08:56');
INSERT INTO `ingredient` VALUES (3, '薏米', '谷物', '凉', '甘、淡', '脾、胃、肺', '健脾利湿，清热排脓', 'TANSHI,SHIRE', 'YANGXU', 'coix_seed.jpg', 1, '2025-11-05 19:08:56', '2025-11-05 19:08:56');
INSERT INTO `ingredient` VALUES (4, '黑米', '谷物', '平', '甘', '脾、胃', '滋阴补肾，健脾暖肝', 'QIXU,YINXU,XUEYU', '', 'black_rice.jpg', 1, '2025-11-05 19:08:56', '2025-11-05 19:08:56');
INSERT INTO `ingredient` VALUES (5, '燕麦', '谷物', '平', '甘', '脾、胃', '益脾养心，敛汗', 'QIXU,PINGHE', '', 'oats.jpg', 1, '2025-11-05 19:08:56', '2025-11-05 19:08:56');
INSERT INTO `ingredient` VALUES (6, '羊肉', '肉类', '温', '甘', '脾、肾', '温补脾胃，补肾壮阳', 'QIXU,YANGXU', 'YINXU,SHIRE', 'mutton.jpg', 1, '2025-11-05 19:08:56', '2025-11-05 19:08:56');
INSERT INTO `ingredient` VALUES (7, '牛肉', '肉类', '平', '甘', '脾、胃', '补脾胃，益气血', 'QIXU,XUEYU', '', 'beef.jpg', 1, '2025-11-05 19:08:56', '2025-11-05 19:08:56');
INSERT INTO `ingredient` VALUES (8, '鸡肉', '肉类', '温', '甘', '脾、胃', '温中益气，补精添髓', 'QIXU,YANGXU', 'YINXU', 'chicken.jpg', 1, '2025-11-05 19:08:56', '2025-11-05 19:08:56');
INSERT INTO `ingredient` VALUES (9, '鸭肉', '肉类', '凉', '甘、咸', '肺、肾', '滋阴养胃，利水消肿', 'YINXU,SHIRE', 'YANGXU', 'duck.jpg', 1, '2025-11-05 19:08:56', '2025-11-05 19:08:56');
INSERT INTO `ingredient` VALUES (10, '猪肉', '肉类', '平', '甘、咸', '脾、胃、肾', '滋阴润燥，补中益气', 'PINGHE,YINXU', '', 'pork.jpg', 1, '2025-11-05 19:08:56', '2025-11-05 19:08:56');
INSERT INTO `ingredient` VALUES (11, '鸽肉', '肉类', '平', '咸', '肝、肾', '滋肾益气，祛风解毒', 'QIXU,XUEYU', '', 'pigeon.jpg', 1, '2025-11-05 19:08:56', '2025-11-05 19:08:56');
INSERT INTO `ingredient` VALUES (12, '鲫鱼', '水产', '平', '甘', '脾、胃', '健脾利湿，和中开胃', 'QIXU,TANSHI', '', 'crucian_carp.jpg', 1, '2025-11-05 19:08:56', '2025-11-05 19:08:56');
INSERT INTO `ingredient` VALUES (13, '鲤鱼', '水产', '平', '甘', '脾、肾', '健脾开胃，利水消肿', 'QIXU,TANSHI', '', 'carp.jpg', 1, '2025-11-05 19:08:56', '2025-11-05 19:08:56');
INSERT INTO `ingredient` VALUES (14, '黑鱼', '水产', '寒', '甘', '脾、胃', '补脾利水，去瘀生新', 'XUEYU,SHIRE', 'YANGXU', 'snakehead.jpg', 1, '2025-11-05 19:08:56', '2025-11-05 19:08:56');
INSERT INTO `ingredient` VALUES (15, '海参', '水产', '温', '咸', '肾、心', '补肾益精，养血润燥', 'QIXU,YANGXU,YINXU', '', 'sea_cucumber.jpg', 1, '2025-11-05 19:08:56', '2025-11-05 19:08:56');
INSERT INTO `ingredient` VALUES (16, '山药', '蔬菜', '平', '甘', '脾、肺、肾', '补脾养胃，生津益肺', 'QIXU,YINXU,PINGHE', '', 'yam.jpg', 1, '2025-11-05 19:08:56', '2025-11-05 19:08:56');
INSERT INTO `ingredient` VALUES (17, '莲藕', '蔬菜', '寒', '甘', '心、脾、胃', '清热生津，凉血止血', 'YINXU,XUEYU', 'YANGXU', 'lotus_root.jpg', 1, '2025-11-05 19:08:56', '2025-11-05 19:08:56');
INSERT INTO `ingredient` VALUES (18, '白萝卜', '蔬菜', '凉', '甘、辛', '肺、胃', '消食化痰，下气宽中', 'TANSHI,QIYU', 'QIXU', 'white_radish.jpg', 1, '2025-11-05 19:08:56', '2025-11-05 19:08:56');
INSERT INTO `ingredient` VALUES (19, '胡萝卜', '蔬菜', '平', '甘', '肺、脾', '健脾消食，补肝明目', 'PINGHE,QIXU', '', 'carrot.jpg', 1, '2025-11-05 19:08:56', '2025-11-05 19:08:56');
INSERT INTO `ingredient` VALUES (20, '冬瓜', '蔬菜', '凉', '甘、淡', '肺、大肠、膀胱', '利水消肿，清热解毒', 'TANSHI,SHIRE', 'YANGXU', 'winter_melon.jpg', 1, '2025-11-05 19:08:56', '2025-11-05 19:08:56');
INSERT INTO `ingredient` VALUES (21, '南瓜', '蔬菜', '温', '甘', '脾、胃', '补中益气，消炎止痛', 'QIXU,YANGXU', '', 'pumpkin.jpg', 1, '2025-11-05 19:08:56', '2025-11-05 19:08:56');
INSERT INTO `ingredient` VALUES (22, '芹菜', '蔬菜', '凉', '甘、苦', '肝、胃', '平肝清热，祛风利湿', 'SHIRE,QIYU', 'YANGXU', 'celery.jpg', 1, '2025-11-05 19:08:56', '2025-11-05 19:08:56');
INSERT INTO `ingredient` VALUES (23, '菠菜', '蔬菜', '凉', '甘', '肠、胃', '养血止血，润燥滑肠', 'XUEYU,YINXU', '', 'spinach.jpg', 1, '2025-11-05 19:08:56', '2025-11-05 19:08:56');
INSERT INTO `ingredient` VALUES (24, '西红柿', '蔬菜', '微寒', '甘、酸', '肝、脾、胃', '生津止渴，健胃消食', 'YINXU,SHIRE', 'YANGXU', 'tomato.jpg', 1, '2025-11-05 19:08:56', '2025-11-05 19:08:56');
INSERT INTO `ingredient` VALUES (25, '黄豆', '豆类', '平', '甘', '脾、大肠', '健脾宽中，润燥消水', 'QIXU,PINGHE', '', 'soybean.jpg', 1, '2025-11-05 19:08:56', '2025-11-05 19:08:56');
INSERT INTO `ingredient` VALUES (26, '黑豆', '豆类', '平', '甘', '脾、肾', '活血利水，祛风解毒', 'QIXU,XUEYU,YANGXU', '', 'black_bean.jpg', 1, '2025-11-05 19:08:56', '2025-11-05 19:08:56');
INSERT INTO `ingredient` VALUES (27, '红豆', '豆类', '平', '甘、酸', '心、小肠', '利水除湿，和血排脓', 'TANSHI,XUEYU', '', 'red_bean.jpg', 1, '2025-11-05 19:08:56', '2025-11-05 19:08:56');
INSERT INTO `ingredient` VALUES (28, '绿豆', '豆类', '寒', '甘', '心、胃', '清热解毒，消暑利水', 'SHIRE,YINXU', 'YANGXU', 'mung_bean.jpg', 1, '2025-11-05 19:08:56', '2025-11-05 19:08:56');
INSERT INTO `ingredient` VALUES (29, '当归', '药材', '温', '甘、辛', '肝、心、脾', '补血活血，调经止痛', 'XUEYU,QIXU', 'SHIRE', 'angelica.jpg', 1, '2025-11-05 19:08:56', '2025-11-05 19:08:56');
INSERT INTO `ingredient` VALUES (30, '黄芪', '药材', '温', '甘', '脾、肺', '补气升阳，固表止汗', 'QIXU,YANGXU', 'YINXU', 'astragalus.jpg', 1, '2025-11-05 19:08:56', '2025-11-05 19:08:56');
INSERT INTO `ingredient` VALUES (31, '党参', '药材', '平', '甘', '脾、肺', '补中益气，健脾益肺', 'QIXU', '', 'codonopsis.jpg', 1, '2025-11-05 19:08:56', '2025-11-05 19:08:56');
INSERT INTO `ingredient` VALUES (32, '枸杞', '药材', '平', '甘', '肝、肾', '滋补肝肾，益精明目', 'QIXU,YINXU,XUEYU', '', 'goji_berry.jpg', 1, '2025-11-05 19:08:56', '2025-11-05 19:08:56');
INSERT INTO `ingredient` VALUES (33, '红枣', '药材', '温', '甘', '脾、胃', '补中益气，养血安神', 'QIXU,XUEYU', 'TANSHI', 'red_date.jpg', 1, '2025-11-05 19:08:56', '2025-11-05 19:08:56');
INSERT INTO `ingredient` VALUES (34, '桂圆', '药材', '温', '甘', '心、脾', '补益心脾，养血安神', 'QIXU,XUEYU', 'TANSHI,SHIRE', 'longan.jpg', 1, '2025-11-05 19:08:56', '2025-11-05 19:08:56');
INSERT INTO `ingredient` VALUES (35, '莲子', '药材', '平', '甘、涩', '脾、肾、心', '补脾止泻，养心安神', 'QIXU,PINGHE', '', 'lotus_seed.jpg', 1, '2025-11-05 19:08:56', '2025-11-05 19:08:56');
INSERT INTO `ingredient` VALUES (36, '百合', '药材', '寒', '甘', '肺、心', '养阴润肺，清心安神', 'YINXU,QIYU', 'YANGXU', 'lily.jpg', 1, '2025-11-05 19:08:56', '2025-11-05 19:08:56');
INSERT INTO `ingredient` VALUES (37, '银耳', '药材', '平', '甘、淡', '肺、胃', '滋阴润肺，养胃生津', 'YINXU,PINGHE', '', 'tremella.jpg', 1, '2025-11-05 19:08:56', '2025-11-05 19:08:56');
INSERT INTO `ingredient` VALUES (38, '山楂', '药材', '微温', '酸、甘', '脾、胃、肝', '消食化积，活血散瘀', 'TANSHI,XUEYU,QIYU', '', 'hawthorn.jpg', 1, '2025-11-05 19:08:56', '2025-11-05 19:08:56');
INSERT INTO `ingredient` VALUES (39, '陈皮', '药材', '温', '辛、苦', '脾、肺', '理气健脾，燥湿化痰', 'TANSHI,QIYU', '', 'tangerine_peel.jpg', 1, '2025-11-05 19:08:56', '2025-11-05 19:08:56');
INSERT INTO `ingredient` VALUES (40, '茯苓', '药材', '平', '甘、淡', '心、脾、肾', '利水渗湿，健脾宁心', 'TANSHI,QIXU', '', 'poria.jpg', 1, '2025-11-05 19:08:56', '2025-11-05 19:08:56');
INSERT INTO `ingredient` VALUES (41, '核桃', '坚果', '温', '甘', '肾、肺', '补肾温肺，润肠通便', 'QIXU,YANGXU,YINXU', '', 'walnut.jpg', 1, '2025-11-05 19:08:56', '2025-11-05 19:08:56');
INSERT INTO `ingredient` VALUES (42, '花生', '坚果', '平', '甘', '脾、肺', '健脾和胃，润肺化痰', 'QIXU,PINGHE', '', 'peanut.jpg', 1, '2025-11-05 19:08:56', '2025-11-05 19:08:56');
INSERT INTO `ingredient` VALUES (43, '芝麻', '坚果', '平', '甘', '肝、肾', '补肝肾，润五脏', 'YINXU,XUEYU', '', 'sesame.jpg', 1, '2025-11-05 19:08:56', '2025-11-05 19:08:56');
INSERT INTO `ingredient` VALUES (44, '杏仁', '坚果', '温', '苦', '肺、大肠', '止咳平喘，润肠通便', 'QIXU,YINXU', '', 'almond.jpg', 1, '2025-11-05 19:08:56', '2025-11-05 19:08:56');
INSERT INTO `ingredient` VALUES (45, '香菇', '菌菇', '平', '甘', '胃、肝', '补气血，健脾胃', 'QIXU,PINGHE', '', 'shiitake.jpg', 1, '2025-11-05 19:08:56', '2025-11-05 19:08:56');
INSERT INTO `ingredient` VALUES (46, '木耳', '菌菇', '平', '甘', '胃、大肠', '补气养血，润肺止咳', 'QIXU,XUEYU', '', 'wood_ear.jpg', 1, '2025-11-05 19:08:56', '2025-11-05 19:08:56');
INSERT INTO `ingredient` VALUES (47, '银耳', '菌菇', '平', '甘、淡', '肺、胃', '滋阴润肺，养胃生津', 'YINXU,PINGHE', '', 'white_fungus.jpg', 1, '2025-11-05 19:08:56', '2025-11-05 19:08:56');
INSERT INTO `ingredient` VALUES (48, '苹果', '水果', '凉', '甘、酸', '脾、胃', '生津润肺，健脾开胃', 'PINGHE,YINXU', '', 'apple.jpg', 1, '2025-11-05 19:08:56', '2025-11-05 19:08:56');
INSERT INTO `ingredient` VALUES (49, '梨', '水果', '寒', '甘、微酸', '肺、胃', '生津润燥，清热化痰', 'YINXU,SHIRE', 'YANGXU', 'pear.jpg', 1, '2025-11-05 19:08:56', '2025-11-05 19:08:56');
INSERT INTO `ingredient` VALUES (50, '葡萄', '水果', '平', '甘、酸', '肺、脾、肾', '补气血，强筋骨', 'QIXU,XUEYU', '', 'grape.jpg', 1, '2025-11-05 19:08:56', '2025-11-05 19:08:56');

-- ----------------------------
-- Table structure for operation_log
-- ----------------------------
DROP TABLE IF EXISTS `operation_log`;
CREATE TABLE `operation_log`  (
  `id` bigint NOT NULL COMMENT '日志ID',
  `user_id` bigint NULL DEFAULT NULL COMMENT '操作用户ID',
  `username` varchar(50) CHARACTER SET utf8mb4 COLLATE utf8mb4_unicode_ci NULL DEFAULT NULL COMMENT '操作用户名',
  `operation_module` varchar(50) CHARACTER SET utf8mb4 COLLATE utf8mb4_unicode_ci NULL DEFAULT NULL COMMENT '操作模块',
  `operation_type` varchar(20) CHARACTER SET utf8mb4 COLLATE utf8mb4_unicode_ci NULL DEFAULT NULL COMMENT '操作类型(INSERT/UPDATE/DELETE/SELECT)',
  `operation_desc` varchar(200) CHARACTER SET utf8mb4 COLLATE utf8mb4_unicode_ci NULL DEFAULT NULL COMMENT '操作描述',
  `request_method` varchar(10) CHARACTER SET utf8mb4 COLLATE utf8mb4_unicode_ci NULL DEFAULT NULL COMMENT '请求方法(GET/POST/PUT/DELETE)',
  `request_url` varchar(500) CHARACTER SET utf8mb4 COLLATE utf8mb4_unicode_ci NULL DEFAULT NULL COMMENT '请求URL',
  `request_params` text CHARACTER SET utf8mb4 COLLATE utf8mb4_unicode_ci NULL COMMENT '请求参数',
  `response_data` text CHARACTER SET utf8mb4 COLLATE utf8mb4_unicode_ci NULL COMMENT '响应数据',
  `ip_address` varchar(50) CHARACTER SET utf8mb4 COLLATE utf8mb4_unicode_ci NULL DEFAULT NULL COMMENT 'IP地址',
  `user_agent` varchar(500) CHARACTER SET utf8mb4 COLLATE utf8mb4_unicode_ci NULL DEFAULT NULL COMMENT '用户代理',
  `execution_time` int NULL DEFAULT NULL COMMENT '执行时长（毫秒）',
  `status` tinyint NULL DEFAULT 1 COMMENT '状态 0-失败 1-成功',
  `error_msg` text CHARACTER SET utf8mb4 COLLATE utf8mb4_unicode_ci NULL COMMENT '错误信息',
  `created_at` datetime NULL DEFAULT CURRENT_TIMESTAMP COMMENT '创建时间',
  PRIMARY KEY (`id`) USING BTREE,
  INDEX `idx_user_id`(`user_id` ASC) USING BTREE,
  INDEX `idx_operation_module`(`operation_module` ASC) USING BTREE,
  INDEX `idx_operation_type`(`operation_type` ASC) USING BTREE,
  INDEX `idx_status`(`status` ASC) USING BTREE,
  INDEX `idx_created_at`(`created_at` ASC) USING BTREE
) ENGINE = InnoDB CHARACTER SET = utf8mb4 COLLATE = utf8mb4_unicode_ci COMMENT = '操作日志表' ROW_FORMAT = DYNAMIC;

-- ----------------------------
-- Records of operation_log
-- ----------------------------
INSERT INTO `operation_log` VALUES (1, 1, 'admin', 'USER', 'INSERT', '添加用户', 'POST', '/api/system/user', '{\"username\":\"test\"}', '{\"code\":200}', '127.0.0.1', 'Mozilla/5.0', 120, 1, NULL, '2025-11-06 13:35:20');
INSERT INTO `operation_log` VALUES (2, 1, 'admin', 'DOCTOR', 'UPDATE', '更新医生信息', 'PUT', '/api/doctor/update', '{\"id\":1}', '{\"code\":200}', '127.0.0.1', 'Mozilla/5.0', 85, 1, NULL, '2025-11-06 13:35:20');
INSERT INTO `operation_log` VALUES (3, 1, 'admin', 'APPOINTMENT', 'DELETE', '删除预约', 'DELETE', '/api/appointment/1', NULL, '{\"code\":200}', '127.0.0.1', 'Mozilla/5.0', 65, 1, NULL, '2025-11-06 13:35:20');
INSERT INTO `operation_log` VALUES (4, 2, 'doctor01', 'SYSTEM', 'SELECT', '查询系统设置', 'GET', '/api/system/settings', NULL, '{\"code\":200}', '192.168.1.100', 'Mozilla/5.0', 45, 1, NULL, '2025-11-06 13:35:20');
INSERT INTO `operation_log` VALUES (5, 1, 'admin', 'USER', 'DELETE', '删除用户失败', 'DELETE', '/api/system/user/999', NULL, NULL, '127.0.0.1', 'Mozilla/5.0', 30, 0, '用户不存在', '2025-11-06 13:35:20');
INSERT INTO `operation_log` VALUES (1986307376068112386, 1986027188356419205, 'admin', 'DOCTOR', 'INSERT', '添加医生', 'POST', '/api/doctor/add', '[{\"deptId\":\"1\",\"doctorName\":\"李四\",\"phone\":\"17582955871\",\"gender\":2,\"birthday\":\"2001-07-12\",\"title\":\"主治中医师\",\"specialty\":\"博士\",\"introduction\":\"我是博士\",\"consultationFee\":30,\"yearsOfExperience\":2,\"education\":\"博士\",\"certificates\":\"无\",\"rating\":5,\"status\":1}]', '{\"code\":200,\"message\":\"添加成功\",\"timestamp\":\"1762407556921\"}', '0:0:0:0:0:0:0:1', 'Mozilla/5.0 (Windows NT 10.0; Win64; x64) AppleWebKit/537.36 (KHTML, like Gecko) Chrome/141.0.0.0 Safari/537.36', 175, 1, NULL, '2025-11-06 13:39:17');
INSERT INTO `operation_log` VALUES (1986311099670589442, 1986027188356419205, 'admin', 'AUTH', 'UPDATE', '用户退出登录', 'POST', '/api/user/logout', '[null]', '{\"code\":200,\"message\":\"操作成功\",\"data\":true,\"timestamp\":\"1762408444622\"}', '0:0:0:0:0:0:0:1', 'Mozilla/5.0 (Windows NT 10.0; Win64; x64) AppleWebKit/537.36 (KHTML, like Gecko) Chrome/141.0.0.0 Safari/537.36', 50, 1, NULL, '2025-11-06 13:54:05');
INSERT INTO `operation_log` VALUES (1986311247935041538, NULL, NULL, 'AUTH', 'SELECT', '用户登录', 'POST', '/api/user/login', '[{\"username\":\"123\",\"password\":\"123456\"}]', '{\"code\":200,\"message\":\"登录成功\",\"data\":{\"token\":\"eyJhbGciOiJIUzI1NiJ9.eyJzdWIiOiIxMjMiLCJ1c2VySWQiOjE5ODYyOTM5NTM0OTgzMjkwODksInJvbGVUeXBlIjoyLCJpYXQiOjE3NjI0MDg0NzksImV4cCI6MTc2MjQ5NDg3OX0.rpKC9G_Ju_5sk16zff83XhY85PvaXQhg7hmRx6I15do\",\"id\":\"1986293953498329089\",\"username\":\"123\",\"realName\":\"张三\",\"roleType\":2,\"phone\":\"18182187904\",\"doctorId\":\"1986293953716432897\"},\"timestamp\":\"1762408480052\"}', '0:0:0:0:0:0:0:1', 'Mozilla/5.0 (Windows NT 10.0; Win64; x64) AppleWebKit/537.36 (KHTML, like Gecko) Chrome/141.0.0.0 Safari/537.36', 233, 1, NULL, '2025-11-06 13:54:40');
INSERT INTO `operation_log` VALUES (1986328156902035457, 1986293953498329089, '123', 'AUTH', 'UPDATE', '用户退出登录', 'POST', '/api/user/logout', '[null]', '{\"code\":200,\"message\":\"操作成功\",\"data\":true,\"timestamp\":\"1762412511436\"}', '0:0:0:0:0:0:0:1', 'Mozilla/5.0 (Windows NT 10.0; Win64; x64) AppleWebKit/537.36 (KHTML, like Gecko) Chrome/141.0.0.0 Safari/537.36', 34, 1, NULL, '2025-11-06 15:01:51');
INSERT INTO `operation_log` VALUES (1986328194512359425, NULL, NULL, 'AUTH', 'SELECT', '用户登录', 'POST', '/api/user/login', '[{\"username\":\"2330220219\",\"password\":\"123456\"}]', '{\"code\":200,\"message\":\"登录成功\",\"data\":{\"token\":\"eyJhbGciOiJIUzI1NiJ9.eyJzdWIiOiIyMzMwMjIwMjE5IiwidXNlcklkIjoxOTg2MDI3MTg4MzU2NDE5NTg1LCJyb2xlVHlwZSI6MSwiaWF0IjoxNzYyNDEyNTIwLCJleHAiOjE3NjI0OTg5MjB9.FEKOgqdBEc6wztoUNX8FW7XaLzmU8iJzXKg4hav1UY8\",\"id\":\"1986027188356419585\",\"username\":\"2330220219\",\"realName\":\"丁政扬\",\"roleType\":1,\"phone\":\"15972511761\"},\"timestamp\":\"1762412520427\"}', '0:0:0:0:0:0:0:1', 'Mozilla/5.0 (Windows NT 10.0; Win64; x64) AppleWebKit/537.36 (KHTML, like Gecko) Chrome/141.0.0.0 Safari/537.36', 166, 1, NULL, '2025-11-06 15:02:00');
INSERT INTO `operation_log` VALUES (1986328416273600513, 1986027188356419585, '2330220219', 'AUTH', 'UPDATE', '用户退出登录', 'POST', '/api/user/logout', '[null]', '{\"code\":200,\"message\":\"操作成功\",\"data\":true,\"timestamp\":\"1762412573304\"}', '0:0:0:0:0:0:0:1', 'Mozilla/5.0 (Windows NT 10.0; Win64; x64) AppleWebKit/537.36 (KHTML, like Gecko) Chrome/141.0.0.0 Safari/537.36', 9, 1, NULL, '2025-11-06 15:02:53');
INSERT INTO `operation_log` VALUES (1986328427199762434, NULL, NULL, 'AUTH', 'SELECT', '用户登录', 'POST', '/api/user/login', '[{\"username\":\"admin\",\"password\":\"123456\"}]', '{\"code\":200,\"message\":\"登录成功\",\"data\":{\"token\":\"eyJhbGciOiJIUzI1NiJ9.eyJzdWIiOiJhZG1pbiIsInVzZXJJZCI6MTk4NjAyNzE4ODM1NjQxOTIwNSwicm9sZVR5cGUiOjMsImlhdCI6MTc2MjQxMjU3NSwiZXhwIjoxNzYyNDk4OTc1fQ.rHWNt7F2HsrYq6UhPQc9yR_NrL6aIcaj-wrhw2R_wUY\",\"id\":\"1986027188356419205\",\"username\":\"admin\",\"realName\":\"系统管理员\",\"roleType\":3,\"phone\":\"13800138000\"},\"timestamp\":\"1762412575911\"}', '0:0:0:0:0:0:0:1', 'Mozilla/5.0 (Windows NT 10.0; Win64; x64) AppleWebKit/537.36 (KHTML, like Gecko) Chrome/141.0.0.0 Safari/537.36', 84, 1, NULL, '2025-11-06 15:02:56');
INSERT INTO `operation_log` VALUES (1986328619391160321, 1986027188356419205, 'admin', 'SYSTEM', 'SELECT', '导出操作日志', 'GET', '/api/system/logs/export', '[{\"operationModule\":\"\",\"operationType\":\"\"},null]', 'null', '0:0:0:0:0:0:0:1', 'Mozilla/5.0 (Windows NT 10.0; Win64; x64) AppleWebKit/537.36 (KHTML, like Gecko) Chrome/141.0.0.0 Safari/537.36', 2049, 1, NULL, '2025-11-06 15:03:42');
INSERT INTO `operation_log` VALUES (1986328642845708289, 1986027188356419205, 'admin', 'AUTH', 'UPDATE', '用户退出登录', 'POST', '/api/user/logout', '[null]', '{\"code\":200,\"message\":\"操作成功\",\"data\":true,\"timestamp\":\"1762412627321\"}', '0:0:0:0:0:0:0:1', 'Mozilla/5.0 (Windows NT 10.0; Win64; x64) AppleWebKit/537.36 (KHTML, like Gecko) Chrome/141.0.0.0 Safari/537.36', 10, 1, NULL, '2025-11-06 15:03:47');
INSERT INTO `operation_log` VALUES (1986328664895164417, NULL, NULL, 'AUTH', 'SELECT', '用户登录', 'POST', '/api/user/login', '[{\"username\":\"123\",\"password\":\"123456\"}]', '{\"code\":200,\"message\":\"登录成功\",\"data\":{\"token\":\"eyJhbGciOiJIUzI1NiJ9.eyJzdWIiOiIxMjMiLCJ1c2VySWQiOjE5ODYyOTM5NTM0OTgzMjkwODksInJvbGVUeXBlIjoyLCJpYXQiOjE3NjI0MTI2MzIsImV4cCI6MTc2MjQ5OTAzMn0._KjkPmkrHd8-M-oKx3TOIkdPeG_rFHSzx6iJTY-6BPQ\",\"id\":\"1986293953498329089\",\"username\":\"123\",\"realName\":\"张三\",\"roleType\":2,\"phone\":\"18182187904\",\"doctorId\":\"1986293953716432897\"},\"timestamp\":\"1762412632572\"}', '0:0:0:0:0:0:0:1', 'Mozilla/5.0 (Windows NT 10.0; Win64; x64) AppleWebKit/537.36 (KHTML, like Gecko) Chrome/141.0.0.0 Safari/537.36', 104, 1, NULL, '2025-11-06 15:03:53');
INSERT INTO `operation_log` VALUES (1986328862195224578, 1986293953498329089, '123', 'AUTH', 'UPDATE', '用户退出登录', 'POST', '/api/user/logout', '[null]', '{\"code\":200,\"message\":\"操作成功\",\"data\":true,\"timestamp\":\"1762412679616\"}', '0:0:0:0:0:0:0:1', 'Mozilla/5.0 (Windows NT 10.0; Win64; x64) AppleWebKit/537.36 (KHTML, like Gecko) Chrome/141.0.0.0 Safari/537.36', 6, 1, NULL, '2025-11-06 15:04:40');
INSERT INTO `operation_log` VALUES (1986328889013604353, NULL, NULL, 'AUTH', 'SELECT', '用户登录', 'POST', '/api/user/login', '[{\"username\":\"2330220219\",\"password\":\"123456\"}]', '{\"code\":200,\"message\":\"登录成功\",\"data\":{\"token\":\"eyJhbGciOiJIUzI1NiJ9.eyJzdWIiOiIyMzMwMjIwMjE5IiwidXNlcklkIjoxOTg2MDI3MTg4MzU2NDE5NTg1LCJyb2xlVHlwZSI6MSwiaWF0IjoxNzYyNDEyNjg2LCJleHAiOjE3NjI0OTkwODZ9.6PGPwTnzCTy11AY4ZEhB4C1CBhUrubgXgFFF2W4P-bQ\",\"id\":\"1986027188356419585\",\"username\":\"2330220219\",\"realName\":\"丁政扬\",\"roleType\":1,\"phone\":\"15972511761\"},\"timestamp\":\"1762412686015\"}', '0:0:0:0:0:0:0:1', 'Mozilla/5.0 (Windows NT 10.0; Win64; x64) AppleWebKit/537.36 (KHTML, like Gecko) Chrome/141.0.0.0 Safari/537.36', 98, 1, NULL, '2025-11-06 15:04:46');
INSERT INTO `operation_log` VALUES (1986328995800584193, 1986027188356419585, '2330220219', 'AUTH', 'UPDATE', '用户退出登录', 'POST', '/api/user/logout', '[null]', '{\"code\":200,\"message\":\"操作成功\",\"data\":true,\"timestamp\":\"1762412711479\"}', '0:0:0:0:0:0:0:1', 'Mozilla/5.0 (Windows NT 10.0; Win64; x64) AppleWebKit/537.36 (KHTML, like Gecko) Chrome/141.0.0.0 Safari/537.36', 12, 1, NULL, '2025-11-06 15:05:11');
INSERT INTO `operation_log` VALUES (1986329017384472578, NULL, NULL, 'AUTH', 'SELECT', '用户登录', 'POST', '/api/user/login', '[{\"username\":\"123\",\"password\":\"123456\"}]', '{\"code\":200,\"message\":\"登录成功\",\"data\":{\"token\":\"eyJhbGciOiJIUzI1NiJ9.eyJzdWIiOiIxMjMiLCJ1c2VySWQiOjE5ODYyOTM5NTM0OTgzMjkwODksInJvbGVUeXBlIjoyLCJpYXQiOjE3NjI0MTI3MTYsImV4cCI6MTc2MjQ5OTExNn0.QSAlGYGiZzTAV8t9xhJWFRn19mL9WaE1yd6mEtn7Prg\",\"id\":\"1986293953498329089\",\"username\":\"123\",\"realName\":\"张三\",\"roleType\":2,\"phone\":\"18182187904\",\"doctorId\":\"1986293953716432897\"},\"timestamp\":\"1762412716624\"}', '0:0:0:0:0:0:0:1', 'Mozilla/5.0 (Windows NT 10.0; Win64; x64) AppleWebKit/537.36 (KHTML, like Gecko) Chrome/141.0.0.0 Safari/537.36', 78, 1, NULL, '2025-11-06 15:05:17');
INSERT INTO `operation_log` VALUES (1986339838680403970, 1986293953498329089, '123', 'AUTH', 'UPDATE', '用户退出登录', 'POST', '/api/user/logout', '[null]', '{\"code\":200,\"message\":\"操作成功\",\"data\":true,\"timestamp\":\"1762415296617\"}', '0:0:0:0:0:0:0:1', 'Mozilla/5.0 (Windows NT 10.0; Win64; x64) AppleWebKit/537.36 (KHTML, like Gecko) Chrome/141.0.0.0 Safari/537.36', 5, 1, NULL, '2025-11-06 15:48:17');
INSERT INTO `operation_log` VALUES (1986339864433430529, NULL, NULL, 'AUTH', 'SELECT', '用户登录', 'POST', '/api/user/login', '[{\"username\":\"2330220219\",\"password\":\"123456\"}]', '{\"code\":200,\"message\":\"登录成功\",\"data\":{\"token\":\"eyJhbGciOiJIUzI1NiJ9.eyJzdWIiOiIyMzMwMjIwMjE5IiwidXNlcklkIjoxOTg2MDI3MTg4MzU2NDE5NTg1LCJyb2xlVHlwZSI6MSwiaWF0IjoxNzYyNDE1MzAyLCJleHAiOjE3NjI1MDE3MDJ9.WS-cQfl_zNLNrQP24P1A8ToABK9rJd4sye7NcbeGjQQ\",\"id\":\"1986027188356419585\",\"username\":\"2330220219\",\"realName\":\"丁政扬\",\"roleType\":1,\"phone\":\"15972511761\"},\"timestamp\":\"1762415302750\"}', '0:0:0:0:0:0:0:1', 'Mozilla/5.0 (Windows NT 10.0; Win64; x64) AppleWebKit/537.36 (KHTML, like Gecko) Chrome/141.0.0.0 Safari/537.36', 94, 1, NULL, '2025-11-06 15:48:23');
INSERT INTO `operation_log` VALUES (1986340180386156545, 1986027188356419585, '2330220219', 'APPOINTMENT', 'INSERT', '创建预约', 'POST', '/api/appointment/create', '[{\"doctorId\":\"1986307376001003521\",\"deptId\":\"1\",\"scheduleId\":\"1986307458444242946\",\"appointmentDate\":\"2025-11-06\",\"timeSlot\":\"EVENING\",\"consultationFee\":30},null]', '{\"code\":2002,\"message\":\"创建预约失败: \\r\\n### Error updating database.  Cause: java.sql.SQLException: Field \'category_id\' doesn\'t have a default value\\r\\n### The error may exist in com/hospital/mapper/AppointmentMapper.java (best guess)\\r\\n### The error may involve com.hospital.mapper.AppointmentMapper.insert-Inline\\r\\n### The error occurred while setting parameters\\r\\n### SQL: INSERT INTO appointment  ( id, user_id, doctor_id,  schedule_id, appointment_date, time_slot, queue_number, status )  VALUES (  ?, ?, ?,  ?, ?, ?, ?, ?  )\\r\\n### Cause: java.sql.SQLException: Field \'category_id\' doesn\'t have a default value\\n; Field \'category_id\' doesn\'t have a default value; nested exception is java.sql.SQLException: Field \'category_id\' doesn\'t have a default value\",\"timestamp\":\"1762415378082\"}', '0:0:0:0:0:0:0:1', 'Mozilla/5.0 (Windows NT 10.0; Win64; x64) AppleWebKit/537.36 (KHTML, like Gecko) Chrome/141.0.0.0 Safari/537.36', 84, 1, NULL, '2025-11-06 15:49:38');
INSERT INTO `operation_log` VALUES (1986340216851435522, 1986027188356419585, '2330220219', 'APPOINTMENT', 'INSERT', '创建预约', 'POST', '/api/appointment/create', '[{\"doctorId\":\"1986307376001003521\",\"deptId\":\"1\",\"scheduleId\":\"1986307458444242946\",\"appointmentDate\":\"2025-11-06\",\"timeSlot\":\"EVENING\",\"consultationFee\":30},null]', '{\"code\":2002,\"message\":\"创建预约失败: \\r\\n### Error updating database.  Cause: java.sql.SQLException: Field \'category_id\' doesn\'t have a default value\\r\\n### The error may exist in com/hospital/mapper/AppointmentMapper.java (best guess)\\r\\n### The error may involve com.hospital.mapper.AppointmentMapper.insert-Inline\\r\\n### The error occurred while setting parameters\\r\\n### SQL: INSERT INTO appointment  ( id, user_id, doctor_id,  schedule_id, appointment_date, time_slot, queue_number, status )  VALUES (  ?, ?, ?,  ?, ?, ?, ?, ?  )\\r\\n### Cause: java.sql.SQLException: Field \'category_id\' doesn\'t have a default value\\n; Field \'category_id\' doesn\'t have a default value; nested exception is java.sql.SQLException: Field \'category_id\' doesn\'t have a default value\",\"timestamp\":\"1762415386780\"}', '0:0:0:0:0:0:0:1', 'Mozilla/5.0 (Windows NT 10.0; Win64; x64) AppleWebKit/537.36 (KHTML, like Gecko) Chrome/141.0.0.0 Safari/537.36', 31, 1, NULL, '2025-11-06 15:49:47');
INSERT INTO `operation_log` VALUES (1986341366359134209, 1986027188356419585, '2330220219', 'APPOINTMENT', 'INSERT', '创建预约', 'POST', '/api/appointment/create', '[{\"doctorId\":\"1986307376001003521\",\"deptId\":\"1\",\"scheduleId\":\"1986307458444242946\",\"appointmentDate\":\"2025-11-06\",\"timeSlot\":\"EVENING\",\"consultationFee\":30},null]', '{\"code\":200,\"message\":\"操作成功\",\"data\":{\"id\":\"1986341366216527873\",\"patientId\":\"1986027188356419585\",\"doctorId\":\"1986307376001003521\",\"categoryId\":\"1\",\"deptId\":\"1\",\"scheduleId\":\"1986307458444242946\",\"appointmentDate\":\"2025-11-06\",\"timeSlot\":\"EVENING\",\"queueNumber\":1,\"patientName\":\"丁政扬\",\"patientPhone\":\"15972511761\",\"patientIdCard\":\"421221200411296191\",\"status\":\"CONFIRMED\",\"consultationFee\":30},\"timestamp\":\"1762415660818\"}', '0:0:0:0:0:0:0:1', 'Mozilla/5.0 (Windows NT 10.0; Win64; x64) AppleWebKit/537.36 (KHTML, like Gecko) Chrome/141.0.0.0 Safari/537.36', 468, 1, NULL, '2025-11-06 15:54:21');
INSERT INTO `operation_log` VALUES (1986357556624355329, 1986027188356419585, '2330220219', 'AUTH', 'UPDATE', '用户退出登录', 'POST', '/api/user/logout', '[null]', '{\"code\":200,\"message\":\"操作成功\",\"data\":true,\"timestamp\":\"1762419520885\"}', '0:0:0:0:0:0:0:1', 'Mozilla/5.0 (Windows NT 10.0; Win64; x64) AppleWebKit/537.36 (KHTML, like Gecko) Chrome/141.0.0.0 Safari/537.36', 23, 1, NULL, '2025-11-06 16:58:41');
INSERT INTO `operation_log` VALUES (1986357588324904961, NULL, NULL, 'AUTH', 'SELECT', '用户登录', 'POST', '/api/user/login', '[{\"username\":\"admin\",\"password\":\"123456\"}]', '{\"code\":200,\"message\":\"登录成功\",\"data\":{\"token\":\"eyJhbGciOiJIUzI1NiJ9.eyJzdWIiOiJhZG1pbiIsInVzZXJJZCI6MTk4NjAyNzE4ODM1NjQxOTIwNSwicm9sZVR5cGUiOjMsImlhdCI6MTc2MjQxOTUyOCwiZXhwIjoxNzYyNTA1OTI4fQ.FjiX8q2yoxtJZXV-ZebkGsz6UUaDBKBguaBlqrBP_QQ\",\"id\":\"1986027188356419205\",\"username\":\"admin\",\"realName\":\"系统管理员\",\"roleType\":3,\"phone\":\"13800138000\"},\"timestamp\":\"1762419528459\"}', '0:0:0:0:0:0:0:1', 'Mozilla/5.0 (Windows NT 10.0; Win64; x64) AppleWebKit/537.36 (KHTML, like Gecko) Chrome/141.0.0.0 Safari/537.36', 117, 1, NULL, '2025-11-06 16:58:48');
INSERT INTO `operation_log` VALUES (1986357745120571394, 1986027188356419205, 'admin', 'AUTH', 'UPDATE', '用户退出登录', 'POST', '/api/user/logout', '[null]', '{\"code\":200,\"message\":\"操作成功\",\"data\":true,\"timestamp\":\"1762419565845\"}', '0:0:0:0:0:0:0:1', 'Mozilla/5.0 (Windows NT 10.0; Win64; x64) AppleWebKit/537.36 (KHTML, like Gecko) Chrome/141.0.0.0 Safari/537.36', 8, 1, NULL, '2025-11-06 16:59:26');
INSERT INTO `operation_log` VALUES (1986357778289127425, NULL, NULL, 'AUTH', 'SELECT', '用户登录', 'POST', '/api/user/login', '[{\"username\":\"1234\",\"password\":\"123456\"}]', '{\"code\":200,\"message\":\"登录成功\",\"data\":{\"token\":\"eyJhbGciOiJIUzI1NiJ9.eyJzdWIiOiIxMjM0IiwidXNlcklkIjoxOTg2MzA3Mzc1OTQyMjgzMjY2LCJyb2xlVHlwZSI6MiwiaWF0IjoxNzYyNDE5NTczLCJleHAiOjE3NjI1MDU5NzN9.7VhbPja8QBLkqIItfrQzg7zA_zK-DcWZTwcuSCvJyXo\",\"id\":\"1986307375942283266\",\"username\":\"1234\",\"realName\":\"李四\",\"roleType\":2,\"phone\":\"17582955871\",\"doctorId\":\"1986307376001003521\"},\"timestamp\":\"1762419573744\"}', '0:0:0:0:0:0:0:1', 'Mozilla/5.0 (Windows NT 10.0; Win64; x64) AppleWebKit/537.36 (KHTML, like Gecko) Chrome/141.0.0.0 Safari/537.36', 98, 1, NULL, '2025-11-06 16:59:34');
INSERT INTO `operation_log` VALUES (1987110612198981634, NULL, NULL, 'AUTH', 'SELECT', '用户登录', 'POST', '/api/user/login', '[{\"username\":\"2330220219\",\"password\":\"123456\"}]', '{\"code\":200,\"message\":\"登录成功\",\"data\":{\"token\":\"eyJhbGciOiJIUzI1NiJ9.eyJzdWIiOiIyMzMwMjIwMjE5IiwidXNlcklkIjoxOTg2MDI3MTg4MzU2NDE5NTg1LCJyb2xlVHlwZSI6MSwiaWF0IjoxNzYyNTk5MDYyLCJleHAiOjE3NjI2ODU0NjJ9.Kfw0IY-IQPPfhABzDDIjZra9eN1oiOk2B8fXHDHfmqg\",\"id\":\"1986027188356419585\",\"username\":\"2330220219\",\"realName\":\"丁政扬\",\"roleType\":1,\"phone\":\"15972511761\"},\"timestamp\":\"1762599063300\"}', '0:0:0:0:0:0:0:1', 'Mozilla/5.0 (Windows NT 10.0; Win64; x64) AppleWebKit/537.36 (KHTML, like Gecko) Chrome/142.0.0.0 Safari/537.36', 925, 1, NULL, '2025-11-08 18:51:03');
INSERT INTO `operation_log` VALUES (1987110776502452225, NULL, NULL, 'AUTH', 'SELECT', '用户登录', 'POST', '/api/user/login', '[{\"username\":\"2330220219\",\"password\":\"123456\"}]', '{\"code\":200,\"message\":\"登录成功\",\"data\":{\"token\":\"eyJhbGciOiJIUzI1NiJ9.eyJzdWIiOiIyMzMwMjIwMjE5IiwidXNlcklkIjoxOTg2MDI3MTg4MzU2NDE5NTg1LCJyb2xlVHlwZSI6MSwiaWF0IjoxNzYyNTk5MTAyLCJleHAiOjE3NjI2ODU1MDJ9.asWrv_Yq9lfy6CUUNSLoKNcxBsFS8Um1opUJ2dnkHgA\",\"id\":\"1986027188356419585\",\"username\":\"2330220219\",\"realName\":\"丁政扬\",\"roleType\":1,\"phone\":\"15972511761\"},\"timestamp\":\"1762599102513\"}', '0:0:0:0:0:0:0:1', 'Mozilla/5.0 (Windows NT 10.0; Win64; x64) AppleWebKit/537.36 (KHTML, like Gecko) Chrome/142.0.0.0 Safari/537.36', 109, 1, NULL, '2025-11-08 18:51:43');
INSERT INTO `operation_log` VALUES (1987110862884143105, 1986027188356419585, '2330220219', 'AUTH', 'UPDATE', '用户退出登录', 'POST', '/api/user/logout', '[null]', '{\"code\":200,\"message\":\"操作成功\",\"data\":true,\"timestamp\":\"1762599123101\"}', '0:0:0:0:0:0:0:1', 'Mozilla/5.0 (Windows NT 10.0; Win64; x64) AppleWebKit/537.36 (KHTML, like Gecko) Chrome/142.0.0.0 Safari/537.36', 8, 1, NULL, '2025-11-08 18:52:03');
INSERT INTO `operation_log` VALUES (1987111008988528642, NULL, NULL, 'AUTH', 'SELECT', '用户登录', 'POST', '/api/user/login', '[{\"username\":\"123\",\"password\":\"123456\"}]', '{\"code\":200,\"message\":\"登录成功\",\"data\":{\"token\":\"eyJhbGciOiJIUzI1NiJ9.eyJzdWIiOiIxMjMiLCJ1c2VySWQiOjE5ODYyOTM5NTM0OTgzMjkwODksInJvbGVUeXBlIjoyLCJpYXQiOjE3NjI1OTkxNTcsImV4cCI6MTc2MjY4NTU1N30.rLWVtPv1uf5B5zUUh3XGGsX1i756e59gw8J0FnTlDUI\",\"id\":\"1986293953498329089\",\"username\":\"123\",\"realName\":\"张三\",\"roleType\":2,\"phone\":\"18182187904\",\"doctorId\":\"1986293953716432897\"},\"timestamp\":\"1762599157940\"}', '0:0:0:0:0:0:0:1', 'Mozilla/5.0 (Windows NT 10.0; Win64; x64) AppleWebKit/537.36 (KHTML, like Gecko) Chrome/142.0.0.0 Safari/537.36', 87, 1, NULL, '2025-11-08 18:52:38');
INSERT INTO `operation_log` VALUES (1987111053892747265, 1986293953498329089, '123', 'AUTH', 'UPDATE', '用户退出登录', 'POST', '/api/user/logout', '[null]', '{\"code\":200,\"message\":\"操作成功\",\"data\":true,\"timestamp\":\"1762599168654\"}', '0:0:0:0:0:0:0:1', 'Mozilla/5.0 (Windows NT 10.0; Win64; x64) AppleWebKit/537.36 (KHTML, like Gecko) Chrome/142.0.0.0 Safari/537.36', 9, 1, NULL, '2025-11-08 18:52:49');
INSERT INTO `operation_log` VALUES (1987111066244972545, NULL, NULL, 'AUTH', 'SELECT', '用户登录', 'POST', '/api/user/login', '[{\"username\":\"1234\",\"password\":\"123456\"}]', '{\"code\":200,\"message\":\"登录成功\",\"data\":{\"token\":\"eyJhbGciOiJIUzI1NiJ9.eyJzdWIiOiIxMjM0IiwidXNlcklkIjoxOTg2MzA3Mzc1OTQyMjgzMjY2LCJyb2xlVHlwZSI6MiwiaWF0IjoxNzYyNTk5MTcxLCJleHAiOjE3NjI2ODU1NzF9.dFjYghbhGHR2R1Hf_adX5RoAZ7vMXjX_0-eNDnq1LQ8\",\"id\":\"1986307375942283266\",\"username\":\"1234\",\"realName\":\"李四\",\"roleType\":2,\"phone\":\"17582955871\",\"doctorId\":\"1986307376001003521\"},\"timestamp\":\"1762599171592\"}', '0:0:0:0:0:0:0:1', 'Mozilla/5.0 (Windows NT 10.0; Win64; x64) AppleWebKit/537.36 (KHTML, like Gecko) Chrome/142.0.0.0 Safari/537.36', 113, 1, NULL, '2025-11-08 18:52:52');
INSERT INTO `operation_log` VALUES (1987111119462301697, NULL, NULL, 'AUTH', 'SELECT', '用户登录', 'POST', '/api/user/login', '[{\"username\":\"2330220219\",\"password\":\"123456\"}]', '{\"code\":200,\"message\":\"登录成功\",\"data\":{\"token\":\"eyJhbGciOiJIUzI1NiJ9.eyJzdWIiOiIyMzMwMjIwMjE5IiwidXNlcklkIjoxOTg2MDI3MTg4MzU2NDE5NTg1LCJyb2xlVHlwZSI6MSwiaWF0IjoxNzYyNTk5MTg0LCJleHAiOjE3NjI2ODU1ODR9.de3d9TOL5zDIcQJu3CcyZVCk-zTZqoViBDq9KhcowF0\",\"id\":\"1986027188356419585\",\"username\":\"2330220219\",\"realName\":\"丁政扬\",\"roleType\":1,\"phone\":\"15972511761\"},\"timestamp\":\"1762599184277\"}', '0:0:0:0:0:0:0:1', 'Mozilla/5.0 (Windows NT 10.0; Win64; x64) AppleWebKit/537.36 (KHTML, like Gecko) Chrome/142.0.0.0 Safari/537.36 Edg/142.0.0.0', 85, 1, NULL, '2025-11-08 18:53:04');
INSERT INTO `operation_log` VALUES (1987111151599058946, 1986027188356419585, '2330220219', 'APPOINTMENT', 'UPDATE', '取消预约', 'POST', '/api/appointment/cancel/1986341366216527873', '[\"1986341366216527873\"]', '{\"code\":200,\"message\":\"操作成功\",\"data\":true,\"timestamp\":\"1762599191947\"}', '0:0:0:0:0:0:0:1', 'Mozilla/5.0 (Windows NT 10.0; Win64; x64) AppleWebKit/537.36 (KHTML, like Gecko) Chrome/142.0.0.0 Safari/537.36 Edg/142.0.0.0', 50, 1, NULL, '2025-11-08 18:53:12');
INSERT INTO `operation_log` VALUES (1987111205424562177, 1986027188356419585, '2330220219', 'APPOINTMENT', 'INSERT', '创建预约', 'POST', '/api/appointment/create', '[{\"doctorId\":\"1986307376001003521\",\"deptId\":\"1\",\"scheduleId\":\"1986307458507157508\",\"appointmentDate\":\"2025-11-08\",\"timeSlot\":\"EVENING\",\"consultationFee\":30},null]', '{\"code\":200,\"message\":\"操作成功\",\"data\":{\"id\":\"1987111205357453313\",\"patientId\":\"1986027188356419585\",\"doctorId\":\"1986307376001003521\",\"categoryId\":\"1\",\"deptId\":\"1\",\"scheduleId\":\"1986307458507157508\",\"appointmentDate\":\"2025-11-08\",\"timeSlot\":\"EVENING\",\"queueNumber\":1,\"patientName\":\"丁政扬\",\"patientPhone\":\"15972511761\",\"patientIdCard\":\"421221200411296191\",\"status\":\"CONFIRMED\",\"consultationFee\":30},\"timestamp\":\"1762599204765\"}', '0:0:0:0:0:0:0:1', 'Mozilla/5.0 (Windows NT 10.0; Win64; x64) AppleWebKit/537.36 (KHTML, like Gecko) Chrome/142.0.0.0 Safari/537.36 Edg/142.0.0.0', 91, 1, NULL, '2025-11-08 18:53:25');
INSERT INTO `operation_log` VALUES (1987117902478168065, 1986027188356419585, '2330220219', 'APPOINTMENT', 'INSERT', '创建预约', 'POST', '/api/appointment/create', '[{\"doctorId\":\"1986307376001003521\",\"deptId\":\"1\",\"scheduleId\":\"1986307458507157508\",\"appointmentDate\":\"2025-11-08\",\"timeSlot\":\"EVENING\",\"consultationFee\":30},null]', '{\"code\":200,\"message\":\"操作成功\",\"data\":{\"id\":\"1987117902348144642\",\"patientId\":\"1986027188356419585\",\"doctorId\":\"1986307376001003521\",\"categoryId\":\"1\",\"deptId\":\"1\",\"scheduleId\":\"1986307458507157508\",\"appointmentDate\":\"2025-11-08\",\"timeSlot\":\"EVENING\",\"queueNumber\":2,\"patientName\":\"丁政扬\",\"patientPhone\":\"15972511761\",\"patientIdCard\":\"421221200411296191\",\"status\":\"CONFIRMED\",\"consultationFee\":30},\"timestamp\":\"1762600801460\"}', '0:0:0:0:0:0:0:1', 'Mozilla/5.0 (Windows NT 10.0; Win64; x64) AppleWebKit/537.36 (KHTML, like Gecko) Chrome/142.0.0.0 Safari/537.36 Edg/142.0.0.0', 63, 1, NULL, '2025-11-08 19:20:01');
INSERT INTO `operation_log` VALUES (1987121296643174401, 1986027188356419585, '2330220219', 'APPOINTMENT', 'INSERT', '创建预约', 'POST', '/api/appointment/create', '[{\"doctorId\":\"1986307376001003521\",\"deptId\":\"1\",\"scheduleId\":\"1986307458507157508\",\"appointmentDate\":\"2025-11-08\",\"timeSlot\":\"EVENING\",\"consultationFee\":30},null]', '{\"code\":200,\"message\":\"操作成功\",\"data\":{\"id\":\"1987121296458625025\",\"patientId\":\"1986027188356419585\",\"doctorId\":\"1986307376001003521\",\"categoryId\":\"1\",\"deptId\":\"1\",\"scheduleId\":\"1986307458507157508\",\"appointmentDate\":\"2025-11-08\",\"timeSlot\":\"EVENING\",\"queueNumber\":3,\"patientName\":\"丁政扬\",\"patientPhone\":\"15972511761\",\"patientIdCard\":\"421221200411296191\",\"status\":\"CONFIRMED\",\"consultationFee\":30},\"timestamp\":\"1762601610676\"}', '0:0:0:0:0:0:0:1', 'Mozilla/5.0 (Windows NT 10.0; Win64; x64) AppleWebKit/537.36 (KHTML, like Gecko) Chrome/142.0.0.0 Safari/537.36 Edg/142.0.0.0', 116, 1, NULL, '2025-11-08 19:33:31');
INSERT INTO `operation_log` VALUES (1987122206962331650, 1986027188356419585, '2330220219', 'APPOINTMENT', 'INSERT', '创建预约', 'POST', '/api/appointment/create', '[{\"doctorId\":\"1986307376001003521\",\"deptId\":\"1\",\"scheduleId\":\"1986307458507157508\",\"appointmentDate\":\"2025-11-08\",\"timeSlot\":\"EVENING\",\"consultationFee\":30},null]', '{\"code\":200,\"message\":\"操作成功\",\"data\":{\"id\":\"1987122206832308226\",\"patientId\":\"1986027188356419585\",\"doctorId\":\"1986307376001003521\",\"categoryId\":\"1\",\"deptId\":\"1\",\"scheduleId\":\"1986307458507157508\",\"appointmentDate\":\"2025-11-08\",\"timeSlot\":\"EVENING\",\"queueNumber\":4,\"patientName\":\"丁政扬\",\"patientPhone\":\"15972511761\",\"patientIdCard\":\"421221200411296191\",\"status\":\"CONFIRMED\",\"consultationFee\":30},\"timestamp\":\"1762601827721\"}', '0:0:0:0:0:0:0:1', 'Mozilla/5.0 (Windows NT 10.0; Win64; x64) AppleWebKit/537.36 (KHTML, like Gecko) Chrome/142.0.0.0 Safari/537.36 Edg/142.0.0.0', 64, 1, NULL, '2025-11-08 19:37:08');
INSERT INTO `operation_log` VALUES (1987126213759569921, 1986027188356419585, '2330220219', 'APPOINTMENT', 'INSERT', '创建预约', 'POST', '/api/appointment/create', '[{\"doctorId\":\"1986307376001003521\",\"deptId\":\"1\",\"scheduleId\":\"1986307458507157508\",\"appointmentDate\":\"2025-11-08\",\"timeSlot\":\"EVENING\",\"consultationFee\":30},null]', '{\"code\":200,\"message\":\"操作成功\",\"data\":{\"id\":\"1987126213663100929\",\"patientId\":\"1986027188356419585\",\"doctorId\":\"1986307376001003521\",\"categoryId\":\"1\",\"deptId\":\"1\",\"scheduleId\":\"1986307458507157508\",\"appointmentDate\":\"2025-11-08\",\"timeSlot\":\"EVENING\",\"queueNumber\":1,\"patientName\":\"丁政扬\",\"patientPhone\":\"15972511761\",\"patientIdCard\":\"421221200411296191\",\"status\":\"CONFIRMED\",\"consultationFee\":30},\"timestamp\":\"1762602783026\"}', '0:0:0:0:0:0:0:1', 'Mozilla/5.0 (Windows NT 10.0; Win64; x64) AppleWebKit/537.36 (KHTML, like Gecko) Chrome/142.0.0.0 Safari/537.36 Edg/142.0.0.0', 90, 1, NULL, '2025-11-08 19:53:03');
INSERT INTO `operation_log` VALUES (1987131196190482433, 1986027188356419585, '2330220219', 'APPOINTMENT', 'INSERT', '创建预约', 'POST', '/api/appointment/create', '[{\"doctorId\":\"1986307376001003521\",\"deptId\":\"1\",\"scheduleId\":\"1986307458507157508\",\"appointmentDate\":\"2025-11-08\",\"timeSlot\":\"EVENING\",\"consultationFee\":30},null]', '{\"code\":200,\"message\":\"操作成功\",\"data\":{\"id\":\"1987131196026904578\",\"patientId\":\"1986027188356419585\",\"doctorId\":\"1986307376001003521\",\"categoryId\":\"1\",\"deptId\":\"1\",\"scheduleId\":\"1986307458507157508\",\"appointmentDate\":\"2025-11-08\",\"timeSlot\":\"EVENING\",\"queueNumber\":2,\"patientName\":\"丁政扬\",\"patientPhone\":\"15972511761\",\"patientIdCard\":\"421221200411296191\",\"status\":\"CONFIRMED\",\"consultationFee\":30},\"timestamp\":\"1762603970923\"}', '0:0:0:0:0:0:0:1', 'Mozilla/5.0 (Windows NT 10.0; Win64; x64) AppleWebKit/537.36 (KHTML, like Gecko) Chrome/142.0.0.0 Safari/537.36 Edg/142.0.0.0', 134, 1, NULL, '2025-11-08 20:12:51');
INSERT INTO `operation_log` VALUES (1987134168790089730, 1986027188356419585, '2330220219', 'APPOINTMENT', 'INSERT', '创建预约', 'POST', '/api/appointment/create', '[{\"doctorId\":\"1986307376001003521\",\"deptId\":\"1\",\"scheduleId\":\"1986307458507157508\",\"appointmentDate\":\"2025-11-08\",\"timeSlot\":\"EVENING\",\"consultationFee\":30},null]', '{\"code\":200,\"message\":\"操作成功\",\"data\":{\"id\":\"1987134168660066306\",\"patientId\":\"1986027188356419585\",\"doctorId\":\"1986307376001003521\",\"categoryId\":\"1\",\"deptId\":\"1\",\"scheduleId\":\"1986307458507157508\",\"appointmentDate\":\"2025-11-08\",\"timeSlot\":\"EVENING\",\"queueNumber\":3,\"patientName\":\"丁政扬\",\"patientPhone\":\"15972511761\",\"patientIdCard\":\"421221200411296191\",\"status\":\"CONFIRMED\",\"consultationFee\":30},\"timestamp\":\"1762604679650\"}', '0:0:0:0:0:0:0:1', 'Mozilla/5.0 (Windows NT 10.0; Win64; x64) AppleWebKit/537.36 (KHTML, like Gecko) Chrome/142.0.0.0 Safari/537.36 Edg/142.0.0.0', 54, 1, NULL, '2025-11-08 20:24:40');
INSERT INTO `operation_log` VALUES (1987134721582268417, 1986027188356419585, '2330220219', 'APPOINTMENT', 'INSERT', '创建预约', 'POST', '/api/appointment/create', '[{\"doctorId\":\"1986307376001003521\",\"deptId\":\"1\",\"scheduleId\":\"1986307458507157508\",\"appointmentDate\":\"2025-11-08\",\"timeSlot\":\"EVENING\",\"consultationFee\":30},null]', '{\"code\":200,\"message\":\"操作成功\",\"data\":{\"id\":\"1987134721380941826\",\"patientId\":\"1986027188356419585\",\"doctorId\":\"1986307376001003521\",\"categoryId\":\"1\",\"deptId\":\"1\",\"scheduleId\":\"1986307458507157508\",\"appointmentDate\":\"2025-11-08\",\"timeSlot\":\"EVENING\",\"queueNumber\":4,\"patientName\":\"丁政扬\",\"patientPhone\":\"15972511761\",\"patientIdCard\":\"421221200411296191\",\"status\":\"CONFIRMED\",\"consultationFee\":30},\"timestamp\":\"1762604811430\"}', '0:0:0:0:0:0:0:1', 'Mozilla/5.0 (Windows NT 10.0; Win64; x64) AppleWebKit/537.36 (KHTML, like Gecko) Chrome/142.0.0.0 Safari/537.36 Edg/142.0.0.0', 130, 1, NULL, '2025-11-08 20:26:51');
INSERT INTO `operation_log` VALUES (1987140284043362305, 1986027188356419585, '2330220219', 'APPOINTMENT', 'INSERT', '创建预约', 'POST', '/api/appointment/create', '[{\"doctorId\":\"1986307376001003521\",\"deptId\":\"1\",\"scheduleId\":\"1986307458507157508\",\"appointmentDate\":\"2025-11-08\",\"timeSlot\":\"EVENING\",\"consultationFee\":30},null]', '{\"code\":200,\"message\":\"操作成功\",\"data\":{\"id\":\"1987140283930116098\",\"patientId\":\"1986027188356419585\",\"doctorId\":\"1986307376001003521\",\"categoryId\":\"1\",\"deptId\":\"1\",\"scheduleId\":\"1986307458507157508\",\"appointmentDate\":\"2025-11-08\",\"timeSlot\":\"EVENING\",\"queueNumber\":5,\"patientName\":\"丁政扬\",\"patientPhone\":\"15972511761\",\"patientIdCard\":\"421221200411296191\",\"status\":\"CONFIRMED\",\"consultationFee\":30},\"timestamp\":\"1762606137644\"}', '0:0:0:0:0:0:0:1', 'Mozilla/5.0 (Windows NT 10.0; Win64; x64) AppleWebKit/537.36 (KHTML, like Gecko) Chrome/142.0.0.0 Safari/537.36 Edg/142.0.0.0', 117, 1, NULL, '2025-11-08 20:48:58');
INSERT INTO `operation_log` VALUES (1987141487322071041, 1986027188356419585, '2330220219', 'CONSTITUTION', 'INSERT', '提交体质测试', 'POST', '/api/constitution/test/submit', '[{\"answers\":{\"1\":\"3\",\"2\":\"7\",\"3\":\"14\",\"4\":\"17\",\"5\":\"24\",\"6\":\"29\",\"7\":\"32\",\"8\":\"40\",\"9\":\"43\",\"10\":\"47\",\"11\":\"52\",\"12\":\"59\",\"13\":\"64\",\"14\":\"66\",\"15\":\"73\",\"16\":\"79\",\"17\":\"81\",\"18\":\"90\",\"19\":\"91\",\"20\":\"98\",\"21\":\"103\",\"22\":\"109\",\"23\":\"112\",\"24\":\"116\",\"25\":\"125\",\"26\":\"128\",\"27\":\"134\",\"28\":\"139\",\"29\":\"141\",\"30\":\"149\",\"31\":\"153\",\"32\":\"159\",\"33\":\"162\",\"34\":\"169\",\"35\":\"172\",\"36\":\"178\",\"37\":\"183\",\"38\":\"190\",\"39\":\"195\",\"40\":\"196\",\"41\":\"204\",\"42\":\"208\",\"43\":\"212\",\"44\":\"219\",\"45\":\"225\",\"46\":\"230\",\"47\":\"232\",\"48\":\"239\",\"49\":\"243\",\"50\":\"249\",\"51\":\"252\",\"52\":\"259\",\"53\":\"262\",\"54\":\"269\",\"55\":\"275\",\"56\":\"277\",\"57\":\"282\",\"58\":\"290\",\"59\":\"293\",\"60\":\"298\",\"61\":\"303\",\"62\":\"309\",\"63\":\"312\",\"64\":\"317\",\"65\":\"324\",\"66\":\"329\"}},null]', '{\"code\":200,\"message\":\"操作成功\",\"data\":{\"id\":\"1987141487259156482\",\"primaryConstitution\":\"SHIRE\",\"primaryConstitutionName\":\"湿热质\",\"secondaryConstitution\":\"XUEYU\",\"secondaryConstitutionName\":\"血瘀质\",\"scores\":{\"QIXU\":50.0,\"QIYU\":57.14,\"PINGHE\":57.14,\"YINXU\":50.0,\"TEBING\":53.57,\"SHIRE\":60.71,\"YANGXU\":50.0,\"XUEYU\":60.71,\"TANSHI\":56.25},\"testDate\":\"2025-11-08\",\"report\":\"【体质测试报告】\\n\\n您的主要体质是：湿热质\\n得分：60.7分\\n\\n您的次要体质是：血瘀质\\n得分：60.7分\\n\\n【主要特征】\\n面垢油光，易生痤疮，口苦口干，身重困倦，大便黏滞不畅或燥结，小便短黄，男性易阴囊潮湿，女性易带下增多，舌质偏红，苔黄腻，脉滑数\\n\\n【易患疾病】\\n易患疮疖、黄疸、热淋等病\\n\",\"healthSuggestion\":\"【养生建议】\\n\\n饮食调养：\\n少食辛温助热的食物，戒除烟酒\\n\\n运动调养：\\n适合做大强度、大运动量的锻炼，如中长跑、游泳、爬山、各种球类等\\n\\n情志调节：\\n保持心情舒畅，避免熬夜\\n\\n【次要体质建议】\\n饮食：少食肥猪肉等，并保持足够的睡眠\\n\",\"primaryConstitutionDetail\":{\"id\":\"6\",\"typeCode\":\"SHIRE\",\"typeName\":\"湿热质\",\"description\":\"湿热内蕴，以面垢油光、口苦、苔黄腻等湿热表现为主要特征\",\"characteristics\":\"面垢油光，易生痤疮，口苦口干，身重困倦，大便黏滞不畅或燥结，小便短黄，男性易阴囊潮湿，女性易带下增多，舌质偏红，苔黄腻，脉滑数\",\"susceptibleDiseases\":\"易患疮疖、黄疸、热淋等病\",\"healthAdvice\":\"饮食清淡，多吃甘寒、甘平的食物如绿豆、空心菜、苋菜、芹菜、黄瓜、冬瓜、藕、西瓜等\",\"dietAdvice\":\"少食辛温助热的食物，戒除烟酒\",\"exerciseAdvice\":\"适合做大强度、大运动量的锻炼，如中长跑、游泳、爬山、各种球类等\",\"emotionAdvice\":\"保持心情舒畅，避免熬夜\",\"icon\":\"shire.png\",\"color\":\"#13C2C2\",\"sortOrder\":6},\"secondaryConstitutionDetail\":{\"id\":\"7\",\"typeCode\":\"XUEYU\",\"typeName\":\"血瘀质\",\"description\":\"血行不畅，以肤色晦黯、舌质紫黯等血瘀表现为主要特征\",\"characteristics\":\"肤色晦黯，色素沉着，容易出现瘀斑，口唇黯淡，舌黯或有瘀点，舌下络脉紫黯或增粗，脉涩\",\"susceptibleDiseases\":\"易患癥瘕及痛证、血证等\",\"healthAdvice\":\"可多食黑豆、海带、紫菜、萝卜、胡萝卜、山楂、醋、绿茶等具有活血、散结、行气、疏肝解郁作用的食物\",\"dietAdvice\":\"少食肥猪肉等，并保持足够的睡眠\",\"exerciseAdvice\":\"可进行一些有助于促进气血运行的运动项目，如太极拳、太极剑、舞蹈、步行等\",\"emotionAdvice\":\"保持心情舒畅，避免情绪抑郁\",\"icon\":\"xueyu.png\",\"color\":\"#722ED1\",\"sortOrder\":7}},\"timestamp\":\"1762606424531\"}', '0:0:0:0:0:0:0:1', 'Mozilla/5.0 (Windows NT 10.0; Win64; x64) AppleWebKit/537.36 (KHTML, like Gecko) Chrome/142.0.0.0 Safari/537.36 Edg/142.0.0.0', 67, 1, NULL, '2025-11-08 20:53:45');
INSERT INTO `operation_log` VALUES (1987145618425917442, 1986027188356419585, '2330220219', 'APPOINTMENT', 'INSERT', '创建预约', 'POST', '/api/appointment/create', '[{\"doctorId\":\"1986307376001003521\",\"deptId\":\"1\",\"scheduleId\":\"1986307458507157508\",\"appointmentDate\":\"2025-11-08\",\"timeSlot\":\"EVENING\",\"consultationFee\":30},null]', '{\"code\":200,\"message\":\"操作成功\",\"data\":{\"id\":\"1987145618321059842\",\"patientId\":\"1986027188356419585\",\"doctorId\":\"1986307376001003521\",\"categoryId\":\"1\",\"deptId\":\"1\",\"scheduleId\":\"1986307458507157508\",\"appointmentDate\":\"2025-11-08\",\"timeSlot\":\"EVENING\",\"queueNumber\":6,\"patientName\":\"丁政扬\",\"patientPhone\":\"15972511761\",\"patientIdCard\":\"421221200411296191\",\"status\":\"CONFIRMED\",\"consultationFee\":30},\"timestamp\":\"1762607409465\"}', '0:0:0:0:0:0:0:1', 'Mozilla/5.0 (Windows NT 10.0; Win64; x64) AppleWebKit/537.36 (KHTML, like Gecko) Chrome/142.0.0.0 Safari/537.36 Edg/142.0.0.0', 96, 1, NULL, '2025-11-08 21:10:09');
INSERT INTO `operation_log` VALUES (1987149655762284546, NULL, NULL, 'AUTH', 'SELECT', '用户登录', 'POST', '/api/user/login', '[{\"username\":\"2330220219\",\"password\":\"123456\"}]', '{\"code\":200,\"message\":\"登录成功\",\"data\":{\"token\":\"eyJhbGciOiJIUzI1NiJ9.eyJzdWIiOiIyMzMwMjIwMjE5IiwidXNlcklkIjoxOTg2MDI3MTg4MzU2NDE5NTg1LCJyb2xlVHlwZSI6MSwiaWF0IjoxNzYyNjA4MzcyLCJleHAiOjE3NjI2OTQ3NzJ9.-b7a808lUqQyVB9ycgOHt1DSuZa1ZD-wfcr_dpwgMgs\",\"id\":\"1986027188356419585\",\"username\":\"2330220219\",\"realName\":\"丁政扬\",\"roleType\":1,\"phone\":\"15972511761\"},\"timestamp\":\"1762608372047\"}', '0:0:0:0:0:0:0:1', 'python-requests/2.32.3', 130, 1, NULL, '2025-11-08 21:26:12');
INSERT INTO `operation_log` VALUES (1987149656613728258, 1986027188356419585, '2330220219', 'CONSTITUTION', 'INSERT', '提交体质测试', 'POST', '/api/constitution/test/submit', '[{\"answers\":{\"1\":\"5\",\"2\":\"7\",\"3\":\"14\",\"4\":\"16\",\"5\":\"24\",\"6\":\"28\",\"7\":\"32\",\"8\":\"37\",\"9\":\"45\",\"10\":\"46\",\"11\":\"52\",\"12\":\"58\",\"13\":\"62\",\"14\":\"68\",\"15\":\"75\",\"16\":\"78\",\"17\":\"84\",\"18\":\"87\",\"19\":\"91\",\"20\":\"100\",\"21\":\"102\",\"22\":\"110\",\"23\":\"111\",\"24\":\"116\",\"25\":\"124\",\"26\":\"129\",\"27\":\"131\",\"28\":\"140\",\"29\":\"144\",\"30\":\"150\",\"31\":\"152\",\"32\":\"158\",\"33\":\"165\",\"34\":\"169\",\"35\":\"175\",\"36\":\"178\",\"37\":\"184\",\"38\":\"186\",\"39\":\"194\",\"40\":\"200\",\"41\":\"203\",\"42\":\"207\",\"43\":\"212\",\"44\":\"216\",\"45\":\"224\",\"46\":\"228\",\"47\":\"233\",\"48\":\"240\",\"49\":\"244\",\"50\":\"247\",\"51\":\"253\",\"52\":\"258\",\"53\":\"264\",\"54\":\"266\",\"55\":\"273\",\"56\":\"280\",\"57\":\"283\",\"58\":\"289\",\"59\":\"294\",\"60\":\"299\",\"61\":\"303\",\"62\":\"306\",\"63\":\"314\",\"64\":\"317\",\"65\":\"323\",\"66\":\"330\"},\"appointmentId\":\"1987145618321059842\"},null]', '{\"code\":200,\"message\":\"操作成功\",\"data\":{\"id\":\"1987149656550813697\",\"primaryConstitution\":\"PINGHE\",\"primaryConstitutionName\":\"平和质\",\"secondaryConstitution\":\"QIYU\",\"secondaryConstitutionName\":\"气郁质\",\"scores\":{\"QIXU\":46.88,\"QIYU\":60.71,\"PINGHE\":64.29,\"YINXU\":53.13,\"TEBING\":53.57,\"SHIRE\":50.0,\"YANGXU\":53.57,\"XUEYU\":57.14,\"TANSHI\":59.38},\"testDate\":\"2025-11-08\",\"report\":\"【体质测试报告】\\n\\n您的主要体质是：平和质\\n得分：64.3分\\n\\n您的次要体质是：气郁质\\n得分：60.7分\\n\\n【主要特征】\\n体形匀称健壮，面色、肤色润泽，头发稠密有光泽，目光有神，不易疲劳，精力充沛，耐受寒热，睡眠良好，胃纳佳，二便正常\\n\\n【易患疾病】\\n较少生病\\n\",\"healthSuggestion\":\"【养生建议】\\n\\n饮食调养：\\n饮食有节制，不要过饥过饱，不要常吃过冷过热或不干净的食物，粗细粮食要合理搭配，多吃五谷杂粮、蔬菜瓜果\\n\\n运动调养：\\n可选择散步、慢跑、太极拳、八段锦等运动\\n\\n情志调节：\\n保持心情舒畅，情绪稳定\\n\\n【次要体质建议】\\n饮食：少食收敛酸涩之物，如乌梅、泡菜、石榴、青梅、杨梅、草莓、杨桃、酸枣、李子、柠檬等\\n\",\"primaryConstitutionDetail\":{\"id\":\"1\",\"typeCode\":\"PINGHE\",\"typeName\":\"平和质\",\"description\":\"阴阳气血调和，体态适中，面色红润，精力充沛\",\"characteristics\":\"体形匀称健壮，面色、肤色润泽，头发稠密有光泽，目光有神，不易疲劳，精力充沛，耐受寒热，睡眠良好，胃纳佳，二便正常\",\"susceptibleDiseases\":\"较少生病\",\"healthAdvice\":\"保持良好的生活习惯，饮食有节，起居有常，不妄作劳\",\"dietAdvice\":\"饮食有节制，不要过饥过饱，不要常吃过冷过热或不干净的食物，粗细粮食要合理搭配，多吃五谷杂粮、蔬菜瓜果\",\"exerciseAdvice\":\"可选择散步、慢跑、太极拳、八段锦等运动\",\"emotionAdvice\":\"保持心情舒畅，情绪稳定\",\"icon\":\"pinghe.png\",\"color\":\"#52C41A\",\"sortOrder\":1},\"secondaryConstitutionDetail\":{\"id\":\"8\",\"typeCode\":\"QIYU\",\"typeName\":\"气郁质\",\"description\":\"气机郁滞，以神情抑郁、忧虑脆弱等气郁表现为主要特征\",\"characteristics\":\"神情抑郁，情感脆弱，烦闷不乐，舌淡红，苔薄白，脉弦\",\"susceptibleDiseases\":\"易患脏躁、梅核气、百合病及郁证等\",\"healthAdvice\":\"多吃小麦、海带、海藻、萝卜、金橘、山楂等具有行气、解郁、消食、醒神的食物\",\"dietAdvice\":\"少食收敛酸涩之物，如乌梅、泡菜、石榴、青梅、杨梅、草莓、杨桃、酸枣、李子、柠檬等\",\"exerciseAdvice\":\"尽量增加户外活动，可坚持较大量的运动锻炼\",\"emotionAdvice\":\"保持心情舒畅，多参加社会活动，多听音乐\",\"icon\":\"qiyu.png\",\"color\":\"#EB2F96\",\"sortOrder\":8}},\"timestamp\":\"1762608372252\"}', '0:0:0:0:0:0:0:1', 'python-requests/2.32.3', 99, 1, NULL, '2025-11-08 21:26:12');
INSERT INTO `operation_log` VALUES (1987151612585455618, 1986027188356419585, '2330220219', 'AUTH', 'UPDATE', '用户退出登录', 'POST', '/api/user/logout', '[null]', '{\"code\":200,\"message\":\"操作成功\",\"data\":true,\"timestamp\":\"1762608838592\"}', '0:0:0:0:0:0:0:1', 'Mozilla/5.0 (Windows NT 10.0; Win64; x64) AppleWebKit/537.36 (KHTML, like Gecko) Chrome/142.0.0.0 Safari/537.36 Edg/142.0.0.0', 8, 1, NULL, '2025-11-08 21:33:59');
INSERT INTO `operation_log` VALUES (1987151618457481217, NULL, NULL, 'AUTH', 'SELECT', '用户登录', 'POST', '/api/user/login', '[{\"username\":\"2330220219\",\"password\":\"123456\"}]', '{\"code\":200,\"message\":\"登录成功\",\"data\":{\"token\":\"eyJhbGciOiJIUzI1NiJ9.eyJzdWIiOiIyMzMwMjIwMjE5IiwidXNlcklkIjoxOTg2MDI3MTg4MzU2NDE5NTg1LCJyb2xlVHlwZSI6MSwiaWF0IjoxNzYyNjA4ODM5LCJleHAiOjE3NjI2OTUyMzl9.__oqJpMm75EFzcA9JVug0S6VzJNqjmfPYEKujiOZaV0\",\"id\":\"1986027188356419585\",\"username\":\"2330220219\",\"realName\":\"丁政扬\",\"roleType\":1,\"phone\":\"15972511761\"},\"timestamp\":\"1762608839988\"}', '0:0:0:0:0:0:0:1', 'Mozilla/5.0 (Windows NT 10.0; Win64; x64) AppleWebKit/537.36 (KHTML, like Gecko) Chrome/142.0.0.0 Safari/537.36 Edg/142.0.0.0', 90, 1, NULL, '2025-11-08 21:34:00');
INSERT INTO `operation_log` VALUES (1987154024427687937, 1986027188356419585, '2330220219', 'AUTH', 'UPDATE', '用户退出登录', 'POST', '/api/user/logout', '[null]', '{\"code\":200,\"message\":\"操作成功\",\"data\":true,\"timestamp\":\"1762609413603\"}', '0:0:0:0:0:0:0:1', 'Mozilla/5.0 (Windows NT 10.0; Win64; x64) AppleWebKit/537.36 (KHTML, like Gecko) Chrome/142.0.0.0 Safari/537.36 Edg/142.0.0.0', 42, 1, NULL, '2025-11-08 21:43:34');
INSERT INTO `operation_log` VALUES (1987154045764112385, NULL, NULL, 'AUTH', 'SELECT', '用户登录', 'POST', '/api/user/login', '[{\"username\":\"admin\",\"password\":\"123456\"}]', '{\"code\":200,\"message\":\"登录成功\",\"data\":{\"token\":\"eyJhbGciOiJIUzI1NiJ9.eyJzdWIiOiJhZG1pbiIsInVzZXJJZCI6MTk4NjAyNzE4ODM1NjQxOTIwNSwicm9sZVR5cGUiOjMsImlhdCI6MTc2MjYwOTQxOCwiZXhwIjoxNzYyNjk1ODE4fQ.HRvjFYY_QhZ_m8kFl6txxKDorijTlB5jzyC_TBMe5hg\",\"id\":\"1986027188356419205\",\"username\":\"admin\",\"realName\":\"系统管理员\",\"roleType\":3,\"phone\":\"13800138000\"},\"timestamp\":\"1762609418702\"}', '0:0:0:0:0:0:0:1', 'Mozilla/5.0 (Windows NT 10.0; Win64; x64) AppleWebKit/537.36 (KHTML, like Gecko) Chrome/142.0.0.0 Safari/537.36 Edg/142.0.0.0', 106, 1, NULL, '2025-11-08 21:43:39');
INSERT INTO `operation_log` VALUES (1987167523128229890, NULL, NULL, 'AUTH', 'SELECT', '用户登录', 'POST', '/api/user/login', '[{\"username\":\"2330220219\",\"password\":\"123456\"}]', '{\"code\":200,\"message\":\"登录成功\",\"data\":{\"token\":\"eyJhbGciOiJIUzI1NiJ9.eyJzdWIiOiIyMzMwMjIwMjE5IiwidXNlcklkIjoxOTg2MDI3MTg4MzU2NDE5NTg1LCJyb2xlVHlwZSI6MSwiaWF0IjoxNzYyNjEyNjMxLCJleHAiOjE3NjI2OTkwMzF9.CwEpuKSC-9pR8eFYrjC53dM80oKI4ac_b3-h0cDb1GY\",\"id\":\"1986027188356419585\",\"username\":\"2330220219\",\"realName\":\"丁政扬\",\"roleType\":1,\"phone\":\"15972511761\"},\"timestamp\":\"1762612631939\"}', '0:0:0:0:0:0:0:1', 'Mozilla/5.0 (Windows NT 10.0; Win64; x64) AppleWebKit/537.36 (KHTML, like Gecko) Chrome/142.0.0.0 Safari/537.36 Edg/142.0.0.0', 183, 1, NULL, '2025-11-08 22:37:12');
INSERT INTO `operation_log` VALUES (1987167836040085506, 1986027188356419585, '2330220219', 'APPOINTMENT', 'INSERT', '创建预约', 'POST', '/api/appointment/create', '[{\"doctorId\":\"1986307376001003521\",\"deptId\":\"1\",\"scheduleId\":\"1986307458507157508\",\"appointmentDate\":\"2025-11-08\",\"timeSlot\":\"EVENING\",\"consultationFee\":30},null]', '{\"code\":200,\"message\":\"操作成功\",\"data\":{\"id\":\"1987167835910062081\",\"patientId\":\"1986027188356419585\",\"doctorId\":\"1986307376001003521\",\"categoryId\":\"1\",\"deptId\":\"1\",\"scheduleId\":\"1986307458507157508\",\"appointmentDate\":\"2025-11-08\",\"timeSlot\":\"EVENING\",\"queueNumber\":7,\"patientName\":\"丁政扬\",\"patientPhone\":\"15972511761\",\"patientIdCard\":\"421221200411296191\",\"status\":\"CONFIRMED\",\"consultationFee\":30},\"timestamp\":\"1762612706556\"}', '0:0:0:0:0:0:0:1', 'Mozilla/5.0 (Windows NT 10.0; Win64; x64) AppleWebKit/537.36 (KHTML, like Gecko) Chrome/142.0.0.0 Safari/537.36 Edg/142.0.0.0', 89, 1, NULL, '2025-11-08 22:38:27');
INSERT INTO `operation_log` VALUES (1987167884941475842, NULL, NULL, 'AUTH', 'SELECT', '用户登录', 'POST', '/api/user/login', '[{\"username\":\"123\",\"password\":\"123456\"}]', '{\"code\":200,\"message\":\"登录成功\",\"data\":{\"token\":\"eyJhbGciOiJIUzI1NiJ9.eyJzdWIiOiIxMjMiLCJ1c2VySWQiOjE5ODYyOTM5NTM0OTgzMjkwODksInJvbGVUeXBlIjoyLCJpYXQiOjE3NjI2MTI3MTgsImV4cCI6MTc2MjY5OTExOH0.BWQNfE_-BhtxqhLyqBj6du_iWa0sIU2cwacIiQ0N9eg\",\"id\":\"1986293953498329089\",\"username\":\"123\",\"realName\":\"张三\",\"roleType\":2,\"phone\":\"18182187904\",\"doctorId\":\"1986293953716432897\"},\"timestamp\":\"1762612718222\"}', '0:0:0:0:0:0:0:1', 'Mozilla/5.0 (Windows NT 10.0; Win64; x64) AppleWebKit/537.36 (KHTML, like Gecko) Chrome/142.0.0.0 Safari/537.36', 107, 1, NULL, '2025-11-08 22:38:38');
INSERT INTO `operation_log` VALUES (1987167925374566401, 1986293953498329089, '123', 'AUTH', 'UPDATE', '用户退出登录', 'POST', '/api/user/logout', '[null]', '{\"code\":200,\"message\":\"操作成功\",\"data\":true,\"timestamp\":\"1762612727875\"}', '0:0:0:0:0:0:0:1', 'Mozilla/5.0 (Windows NT 10.0; Win64; x64) AppleWebKit/537.36 (KHTML, like Gecko) Chrome/142.0.0.0 Safari/537.36', 6, 1, NULL, '2025-11-08 22:38:48');
INSERT INTO `operation_log` VALUES (1987167936413974530, NULL, NULL, 'AUTH', 'SELECT', '用户登录', 'POST', '/api/user/login', '[{\"username\":\"1234\",\"password\":\"123456\"}]', '{\"code\":200,\"message\":\"登录成功\",\"data\":{\"token\":\"eyJhbGciOiJIUzI1NiJ9.eyJzdWIiOiIxMjM0IiwidXNlcklkIjoxOTg2MzA3Mzc1OTQyMjgzMjY2LCJyb2xlVHlwZSI6MiwiaWF0IjoxNzYyNjEyNzMwLCJleHAiOjE3NjI2OTkxMzB9.EWtaJT-UAc2Ki8iwWIIFcF3-IfILEbNkxGLw_jDUKbc\",\"id\":\"1986307375942283266\",\"username\":\"1234\",\"realName\":\"李四\",\"roleType\":2,\"phone\":\"17582955871\",\"doctorId\":\"1986307376001003521\"},\"timestamp\":\"1762612730501\"}', '0:0:0:0:0:0:0:1', 'Mozilla/5.0 (Windows NT 10.0; Win64; x64) AppleWebKit/537.36 (KHTML, like Gecko) Chrome/142.0.0.0 Safari/537.36', 132, 1, NULL, '2025-11-08 22:38:51');
INSERT INTO `operation_log` VALUES (1987168218803879937, NULL, NULL, 'AUTH', 'SELECT', '用户登录', 'POST', '/api/user/login', '[{\"username\":\"2330220219\",\"password\":\"123456\"}]', '{\"code\":200,\"message\":\"登录成功\",\"data\":{\"token\":\"eyJhbGciOiJIUzI1NiJ9.eyJzdWIiOiIyMzMwMjIwMjE5IiwidXNlcklkIjoxOTg2MDI3MTg4MzU2NDE5NTg1LCJyb2xlVHlwZSI6MSwiaWF0IjoxNzYyNjEyNzk3LCJleHAiOjE3NjI2OTkxOTd9.3zq2C2eQmjxdy6VVfRJAYircjQSYLKyScKgTGsfYGFo\",\"id\":\"1986027188356419585\",\"username\":\"2330220219\",\"realName\":\"丁政扬\",\"roleType\":1,\"phone\":\"15972511761\"},\"timestamp\":\"1762612797831\"}', '0:0:0:0:0:0:0:1', 'python-requests/2.32.3', 90, 1, NULL, '2025-11-08 22:39:58');
INSERT INTO `operation_log` VALUES (1987168219328167937, 1986027188356419585, '2330220219', 'CONSTITUTION', 'INSERT', '提交体质测试', 'POST', '/api/constitution/test/submit', '[{\"answers\":{\"1\":\"1\",\"2\":\"6\",\"3\":\"11\",\"4\":\"17\",\"5\":\"21\",\"6\":\"27\",\"7\":\"32\",\"8\":\"36\",\"9\":\"41\",\"10\":\"46\",\"11\":\"51\",\"12\":\"56\",\"13\":\"61\",\"14\":\"66\",\"15\":\"71\",\"16\":\"76\",\"17\":\"81\",\"18\":\"86\",\"19\":\"91\",\"20\":\"96\",\"21\":\"101\",\"22\":\"106\",\"23\":\"112\",\"24\":\"116\",\"25\":\"121\",\"26\":\"127\",\"27\":\"132\",\"28\":\"137\",\"29\":\"141\",\"30\":\"146\",\"31\":\"151\",\"32\":\"157\",\"33\":\"162\",\"34\":\"166\",\"35\":\"172\",\"36\":\"176\",\"37\":\"181\",\"38\":\"186\",\"39\":\"191\",\"40\":\"197\",\"41\":\"201\",\"42\":\"206\",\"43\":\"212\",\"44\":\"217\",\"45\":\"221\",\"46\":\"226\",\"47\":\"232\",\"48\":\"236\",\"49\":\"242\",\"50\":\"246\",\"51\":\"252\",\"52\":\"256\",\"53\":\"261\",\"54\":\"266\",\"55\":\"271\",\"56\":\"276\",\"57\":\"282\",\"58\":\"286\",\"59\":\"292\",\"60\":\"296\",\"61\":\"301\",\"62\":\"307\",\"63\":\"311\",\"64\":\"317\",\"65\":\"321\",\"66\":\"327\"},\"appointmentId\":\"1987167835910062081\"},null]', '{\"code\":200,\"message\":\"操作成功\",\"data\":{\"id\":\"1987168219261059073\",\"primaryConstitution\":\"PINGHE\",\"primaryConstitutionName\":\"平和质\",\"scores\":{\"QIXU\":0.0,\"QIYU\":7.14,\"PINGHE\":67.86,\"YINXU\":12.5,\"TEBING\":10.71,\"SHIRE\":10.71,\"YANGXU\":0.0,\"XUEYU\":10.71,\"TANSHI\":9.38},\"testDate\":\"2025-11-08\",\"report\":\"【体质测试报告】\\n\\n您的主要体质是：平和质\\n得分：67.9分\\n\\n【主要特征】\\n体形匀称健壮，面色、肤色润泽，头发稠密有光泽，目光有神，不易疲劳，精力充沛，耐受寒热，睡眠良好，胃纳佳，二便正常\\n\\n【易患疾病】\\n较少生病\\n\",\"healthSuggestion\":\"【养生建议】\\n\\n饮食调养：\\n饮食有节制，不要过饥过饱，不要常吃过冷过热或不干净的食物，粗细粮食要合理搭配，多吃五谷杂粮、蔬菜瓜果\\n\\n运动调养：\\n可选择散步、慢跑、太极拳、八段锦等运动\\n\\n情志调节：\\n保持心情舒畅，情绪稳定\\n\",\"primaryConstitutionDetail\":{\"id\":\"1\",\"typeCode\":\"PINGHE\",\"typeName\":\"平和质\",\"description\":\"阴阳气血调和，体态适中，面色红润，精力充沛\",\"characteristics\":\"体形匀称健壮，面色、肤色润泽，头发稠密有光泽，目光有神，不易疲劳，精力充沛，耐受寒热，睡眠良好，胃纳佳，二便正常\",\"susceptibleDiseases\":\"较少生病\",\"healthAdvice\":\"保持良好的生活习惯，饮食有节，起居有常，不妄作劳\",\"dietAdvice\":\"饮食有节制，不要过饥过饱，不要常吃过冷过热或不干净的食物，粗细粮食要合理搭配，多吃五谷杂粮、蔬菜瓜果\",\"exerciseAdvice\":\"可选择散步、慢跑、太极拳、八段锦等运动\",\"emotionAdvice\":\"保持心情舒畅，情绪稳定\",\"icon\":\"pinghe.png\",\"color\":\"#52C41A\",\"sortOrder\":1}},\"timestamp\":\"1762612797940\"}', '0:0:0:0:0:0:0:1', 'python-requests/2.32.3', 55, 1, NULL, '2025-11-08 22:39:58');
INSERT INTO `operation_log` VALUES (1987369920773959681, NULL, NULL, 'AUTH', 'SELECT', '用户登录', 'POST', '/api/user/login', '[{\"username\":\"1234\",\"password\":\"123456\"}]', '{\"code\":200,\"message\":\"登录成功\",\"data\":{\"token\":\"eyJhbGciOiJIUzI1NiJ9.eyJzdWIiOiIxMjM0IiwidXNlcklkIjoxOTg2MzA3Mzc1OTQyMjgzMjY2LCJyb2xlVHlwZSI6MiwiaWF0IjoxNzYyNjYwODg3LCJleHAiOjE3NjI3NDcyODd9.lwBZPUAVoI7rjxUp_npmXGwdFNppy1zuOtx19tGJvkY\",\"id\":\"1986307375942283266\",\"username\":\"1234\",\"realName\":\"李四\",\"roleType\":2,\"phone\":\"17582955871\",\"doctorId\":\"1986307376001003521\"},\"timestamp\":\"1762660887302\"}', '0:0:0:0:0:0:0:1', 'Mozilla/5.0 (Windows NT 10.0; Win64; x64) AppleWebKit/537.36 (KHTML, like Gecko) Chrome/142.0.0.0 Safari/537.36', 382, 1, NULL, '2025-11-09 12:01:27');
INSERT INTO `operation_log` VALUES (1987371322120286209, NULL, NULL, 'AUTH', 'SELECT', '用户登录', 'POST', '/api/user/login', '[{\"username\":\"2330220219\",\"password\":\"123456\"}]', '{\"code\":200,\"message\":\"登录成功\",\"data\":{\"token\":\"eyJhbGciOiJIUzI1NiJ9.eyJzdWIiOiIyMzMwMjIwMjE5IiwidXNlcklkIjoxOTg2MDI3MTg4MzU2NDE5NTg1LCJyb2xlVHlwZSI6MSwiaWF0IjoxNzYyNjYxMjIxLCJleHAiOjE3NjI3NDc2MjF9.5Q25JxwIBP1CtcbKGGcjX4VKHMxcJ7dQ4ZMhmXdDK9s\",\"id\":\"1986027188356419585\",\"username\":\"2330220219\",\"realName\":\"丁政扬\",\"roleType\":1,\"phone\":\"15972511761\"},\"timestamp\":\"1762661221410\"}', '0:0:0:0:0:0:0:1', 'Mozilla/5.0 (Windows NT 10.0; Win64; x64) AppleWebKit/537.36 (KHTML, like Gecko) Chrome/142.0.0.0 Safari/537.36 Edg/142.0.0.0', 98, 1, NULL, '2025-11-09 12:07:01');
INSERT INTO `operation_log` VALUES (1987371364604391425, 1986027188356419585, '2330220219', 'APPOINTMENT', 'INSERT', '创建预约', 'POST', '/api/appointment/create', '[{\"doctorId\":\"1986307376001003521\",\"deptId\":\"1\",\"scheduleId\":\"1986307458574266370\",\"appointmentDate\":\"2025-11-09\",\"timeSlot\":\"MORNING\",\"consultationFee\":30},null]', '{\"code\":200,\"message\":\"操作成功\",\"data\":{\"id\":\"1987371364537282561\",\"patientId\":\"1986027188356419585\",\"doctorId\":\"1986307376001003521\",\"categoryId\":\"1\",\"deptId\":\"1\",\"scheduleId\":\"1986307458574266370\",\"appointmentDate\":\"2025-11-09\",\"timeSlot\":\"MORNING\",\"queueNumber\":1,\"patientName\":\"丁政扬\",\"patientPhone\":\"15972511761\",\"patientIdCard\":\"421221200411296191\",\"status\":\"CONFIRMED\",\"consultationFee\":30},\"timestamp\":\"1762661231552\"}', '0:0:0:0:0:0:0:1', 'Mozilla/5.0 (Windows NT 10.0; Win64; x64) AppleWebKit/537.36 (KHTML, like Gecko) Chrome/142.0.0.0 Safari/537.36 Edg/142.0.0.0', 82, 1, NULL, '2025-11-09 12:07:12');
INSERT INTO `operation_log` VALUES (1987371658406998018, NULL, NULL, 'AUTH', 'SELECT', '用户登录', 'POST', '/api/user/login', '[{\"username\":\"2330220219\",\"password\":\"123456\"}]', '{\"code\":200,\"message\":\"登录成功\",\"data\":{\"token\":\"eyJhbGciOiJIUzI1NiJ9.eyJzdWIiOiIyMzMwMjIwMjE5IiwidXNlcklkIjoxOTg2MDI3MTg4MzU2NDE5NTg1LCJyb2xlVHlwZSI6MSwiaWF0IjoxNzYyNjYxMzAxLCJleHAiOjE3NjI3NDc3MDF9.219mWGqdCGilJp4f5XkXB3kAaQUEquuJyeHL8gyTfqY\",\"id\":\"1986027188356419585\",\"username\":\"2330220219\",\"realName\":\"丁政扬\",\"roleType\":1,\"phone\":\"15972511761\"},\"timestamp\":\"1762661301612\"}', '0:0:0:0:0:0:0:1', 'python-requests/2.32.3', 84, 1, NULL, '2025-11-09 12:08:22');
INSERT INTO `operation_log` VALUES (1987371659065503745, 1986027188356419585, '2330220219', 'CONSTITUTION', 'INSERT', '提交体质测试', 'POST', '/api/constitution/test/submit', '[{\"answers\":{\"1\":\"5\",\"2\":\"9\",\"3\":\"14\",\"4\":\"19\",\"5\":\"25\",\"6\":\"30\",\"7\":\"35\",\"8\":\"40\",\"9\":\"44\",\"10\":\"50\",\"11\":\"54\",\"12\":\"59\",\"13\":\"64\",\"14\":\"69\",\"15\":\"75\",\"16\":\"80\",\"17\":\"85\",\"18\":\"89\",\"19\":\"95\",\"20\":\"99\",\"21\":\"104\",\"22\":\"110\",\"23\":\"114\",\"24\":\"120\",\"25\":\"125\",\"26\":\"129\",\"27\":\"135\",\"28\":\"140\",\"29\":\"145\",\"30\":\"149\",\"31\":\"154\",\"32\":\"159\",\"33\":\"164\",\"34\":\"169\",\"35\":\"174\",\"36\":\"179\",\"37\":\"185\",\"38\":\"190\",\"39\":\"195\",\"40\":\"199\",\"41\":\"205\",\"42\":\"209\",\"43\":\"214\",\"44\":\"220\",\"45\":\"224\",\"46\":\"229\",\"47\":\"234\",\"48\":\"240\",\"49\":\"245\",\"50\":\"249\",\"51\":\"254\",\"52\":\"260\",\"53\":\"265\",\"54\":\"269\",\"55\":\"275\",\"56\":\"279\",\"57\":\"285\",\"58\":\"289\",\"59\":\"295\",\"60\":\"299\",\"61\":\"305\",\"62\":\"310\",\"63\":\"315\",\"64\":\"319\",\"65\":\"324\",\"66\":\"330\"},\"appointmentId\":\"1987371364537282561\"},null]', '{\"code\":200,\"message\":\"操作成功\",\"data\":{\"id\":\"1987371658998394882\",\"primaryConstitution\":\"YINXU\",\"primaryConstitutionName\":\"阴虚质\",\"secondaryConstitution\":\"QIYU\",\"secondaryConstitutionName\":\"气郁质\",\"scores\":{\"QIXU\":84.38,\"QIYU\":89.29,\"PINGHE\":39.29,\"YINXU\":90.63,\"TEBING\":89.29,\"SHIRE\":85.71,\"YANGXU\":89.29,\"XUEYU\":85.71,\"TANSHI\":81.25},\"testDate\":\"2025-11-09\",\"report\":\"【体质测试报告】\\n\\n您的主要体质是：阴虚质\\n得分：90.6分\\n\\n您的次要体质是：气郁质\\n得分：89.3分\\n\\n【主要特征】\\n体形偏瘦，面色潮红，有烘热感，手足心热，口燥咽干，喜冷饮，大便干燥，舌红少津，脉细数\\n\\n【易患疾病】\\n易患虚劳、失精、不寐等病；感邪易从热化\\n\",\"healthSuggestion\":\"【养生建议】\\n\\n饮食调养：\\n少食羊肉、狗肉、韭菜、辣椒、葱、蒜、葵花子等性温燥烈的食物\\n\\n运动调养：\\n只适合做中小强度、间断性的身体锻炼，可选择太极拳、太极剑等\\n\\n情志调节：\\n保持心情舒畅，避免情绪激动\\n\\n【次要体质建议】\\n饮食：少食收敛酸涩之物，如乌梅、泡菜、石榴、青梅、杨梅、草莓、杨桃、酸枣、李子、柠檬等\\n\",\"primaryConstitutionDetail\":{\"id\":\"4\",\"typeCode\":\"YINXU\",\"typeName\":\"阴虚质\",\"description\":\"阴液亏少，以口燥咽干、手足心热等虚热表现为主要特征\",\"characteristics\":\"体形偏瘦，面色潮红，有烘热感，手足心热，口燥咽干，喜冷饮，大便干燥，舌红少津，脉细数\",\"susceptibleDiseases\":\"易患虚劳、失精、不寐等病；感邪易从热化\",\"healthAdvice\":\"多吃甘凉滋润的食物，比如瘦猪肉、鸭肉、龟、鳖、绿豆、冬瓜、芝麻、百合等\",\"dietAdvice\":\"少食羊肉、狗肉、韭菜、辣椒、葱、蒜、葵花子等性温燥烈的食物\",\"exerciseAdvice\":\"只适合做中小强度、间断性的身体锻炼，可选择太极拳、太极剑等\",\"emotionAdvice\":\"保持心情舒畅，避免情绪激动\",\"icon\":\"yinxu.png\",\"color\":\"#FA8C16\",\"sortOrder\":4},\"secondaryConstitutionDetail\":{\"id\":\"8\",\"typeCode\":\"QIYU\",\"typeName\":\"气郁质\",\"description\":\"气机郁滞，以神情抑郁、忧虑脆弱等气郁表现为主要特征\",\"characteristics\":\"神情抑郁，情感脆弱，烦闷不乐，舌淡红，苔薄白，脉弦\",\"susceptibleDiseases\":\"易患脏躁、梅核气、百合病及郁证等\",\"healthAdvice\":\"多吃小麦、海带、海藻、萝卜、金橘、山楂等具有行气、解郁、消食、醒神的食物\",\"dietAdvice\":\"少食收敛酸涩之物，如乌梅、泡菜、石榴、青梅、杨梅、草莓、杨桃、酸枣、李子、柠檬等\",\"exerciseAdvice\":\"尽量增加户外活动，可坚持较大量的运动锻炼\",\"emotionAdvice\":\"保持心情舒畅，多参加社会活动，多听音乐\",\"icon\":\"qiyu.png\",\"color\":\"#EB2F96\",\"sortOrder\":8}},\"timestamp\":\"1762661301754\"}', '0:0:0:0:0:0:0:1', 'python-requests/2.32.3', 60, 1, NULL, '2025-11-09 12:08:22');
INSERT INTO `operation_log` VALUES (1987372942900015106, 1986027188356419585, '2330220219', 'APPOINTMENT', 'INSERT', '创建预约', 'POST', '/api/appointment/create', '[{\"doctorId\":\"1986307376001003521\",\"deptId\":\"1\",\"scheduleId\":\"1986307458574266370\",\"appointmentDate\":\"2025-11-09\",\"timeSlot\":\"MORNING\",\"consultationFee\":30},null]', '{\"code\":200,\"message\":\"操作成功\",\"data\":{\"id\":\"1987372942707077121\",\"patientId\":\"1986027188356419585\",\"doctorId\":\"1986307376001003521\",\"categoryId\":\"1\",\"deptId\":\"1\",\"scheduleId\":\"1986307458574266370\",\"appointmentDate\":\"2025-11-09\",\"timeSlot\":\"MORNING\",\"queueNumber\":2,\"patientName\":\"丁政扬\",\"patientPhone\":\"15972511761\",\"patientIdCard\":\"421221200411296191\",\"status\":\"CONFIRMED\",\"consultationFee\":30},\"timestamp\":\"1762661607819\"}', '0:0:0:0:0:0:0:1', 'Mozilla/5.0 (Windows NT 10.0; Win64; x64) AppleWebKit/537.36 (KHTML, like Gecko) Chrome/142.0.0.0 Safari/537.36 Edg/142.0.0.0', 70, 1, NULL, '2025-11-09 12:13:28');
INSERT INTO `operation_log` VALUES (1987379612657090561, NULL, NULL, 'AUTH', 'SELECT', '用户登录', 'POST', '/api/user/login', '[{\"username\":\"1234\",\"password\":\"123456\"}]', '{\"code\":200,\"message\":\"登录成功\",\"data\":{\"token\":\"eyJhbGciOiJIUzI1NiJ9.eyJzdWIiOiIxMjM0IiwidXNlcklkIjoxOTg2MzA3Mzc1OTQyMjgzMjY2LCJyb2xlVHlwZSI6MiwiaWF0IjoxNzYyNjYzMTk3LCJleHAiOjE3NjI3NDk1OTd9.VhHQZ0xY42hD_EqAjqGMa9ryMK4IOBU1OE2X_nEC7zA\",\"id\":\"1986307375942283266\",\"username\":\"1234\",\"realName\":\"李四\",\"roleType\":2,\"phone\":\"17582955871\",\"doctorId\":\"1986307376001003521\"},\"timestamp\":\"1762663198031\"}', '0:0:0:0:0:0:0:1', 'Mozilla/5.0 (Windows NT 10.0; Win64; x64) AppleWebKit/537.36 (KHTML, like Gecko) Chrome/142.0.0.0 Safari/537.36', 131, 1, NULL, '2025-11-09 12:39:58');
INSERT INTO `operation_log` VALUES (1987379803942518786, NULL, NULL, 'AUTH', 'SELECT', '用户登录', 'POST', '/api/user/login', '[{\"username\":\"2330220219\",\"password\":\"123456\"}]', '{\"code\":200,\"message\":\"登录成功\",\"data\":{\"token\":\"eyJhbGciOiJIUzI1NiJ9.eyJzdWIiOiIyMzMwMjIwMjE5IiwidXNlcklkIjoxOTg2MDI3MTg4MzU2NDE5NTg1LCJyb2xlVHlwZSI6MSwiaWF0IjoxNzYyNjYzMjQzLCJleHAiOjE3NjI3NDk2NDN9.eTpXXEIVGH2AVcUJF_etXS-iREmTfjnfTmjGhGONJM8\",\"id\":\"1986027188356419585\",\"username\":\"2330220219\",\"realName\":\"丁政扬\",\"roleType\":1,\"phone\":\"15972511761\"},\"timestamp\":\"1762663243652\"}', '0:0:0:0:0:0:0:1', 'Mozilla/5.0 (Windows NT 10.0; Win64; x64) AppleWebKit/537.36 (KHTML, like Gecko) Chrome/142.0.0.0 Safari/537.36 Edg/142.0.0.0', 88, 1, NULL, '2025-11-09 12:40:44');
INSERT INTO `operation_log` VALUES (1987383688417406977, NULL, NULL, 'AUTH', 'SELECT', '用户登录', 'POST', '/api/user/login', '[{\"username\":\"2330220219\",\"password\":\"123456\"}]', '{\"code\":200,\"message\":\"登录成功\",\"data\":{\"token\":\"eyJhbGciOiJIUzI1NiJ9.eyJzdWIiOiIyMzMwMjIwMjE5IiwidXNlcklkIjoxOTg2MDI3MTg4MzU2NDE5NTg1LCJyb2xlVHlwZSI6MSwiaWF0IjoxNzYyNjY0MTY5LCJleHAiOjE3NjI3NTA1Njl9.dgKX9hcmH-ygU21oUsQf04ZVln3nIGI-fZ590_TJAI4\",\"id\":\"1986027188356419585\",\"username\":\"2330220219\",\"realName\":\"丁政扬\",\"roleType\":1,\"phone\":\"15972511761\"},\"timestamp\":\"1762664169768\"}', '0:0:0:0:0:0:0:1', 'python-requests/2.32.3', 98, 1, NULL, '2025-11-09 12:56:10');
INSERT INTO `operation_log` VALUES (1987383689428234241, 1986027188356419585, '2330220219', 'CONSTITUTION', 'INSERT', '提交体质测试', 'POST', '/api/constitution/test/submit', '[{\"answers\":{\"1\":\"4\",\"2\":\"7\",\"3\":\"14\",\"4\":\"16\",\"5\":\"22\",\"6\":\"26\",\"7\":\"31\",\"8\":\"38\",\"9\":\"45\",\"10\":\"50\",\"11\":\"55\",\"12\":\"58\",\"13\":\"64\",\"14\":\"68\",\"15\":\"72\",\"16\":\"80\",\"17\":\"85\",\"18\":\"86\",\"19\":\"91\",\"20\":\"99\",\"21\":\"104\",\"22\":\"109\",\"23\":\"113\",\"24\":\"119\",\"25\":\"123\",\"26\":\"126\",\"27\":\"133\",\"28\":\"136\",\"29\":\"143\",\"30\":\"146\",\"31\":\"154\",\"32\":\"156\",\"33\":\"161\",\"34\":\"170\",\"35\":\"173\",\"36\":\"180\",\"37\":\"181\",\"38\":\"189\",\"39\":\"192\",\"40\":\"198\",\"41\":\"202\",\"42\":\"210\",\"43\":\"215\",\"44\":\"219\",\"45\":\"225\",\"46\":\"230\",\"47\":\"235\",\"48\":\"238\",\"49\":\"245\",\"50\":\"247\",\"51\":\"253\",\"52\":\"257\",\"53\":\"265\",\"54\":\"267\",\"55\":\"275\",\"56\":\"276\",\"57\":\"285\",\"58\":\"286\",\"59\":\"293\",\"60\":\"299\",\"61\":\"304\",\"62\":\"310\",\"63\":\"311\",\"64\":\"317\",\"65\":\"321\",\"66\":\"326\"}},null]', '{\"code\":200,\"message\":\"操作成功\",\"data\":{\"id\":\"1987383689294016513\",\"primaryConstitution\":\"QIXU\",\"primaryConstitutionName\":\"气虚质\",\"secondaryConstitution\":\"SHIRE\",\"secondaryConstitutionName\":\"湿热质\",\"scores\":{\"QIXU\":68.75,\"QIYU\":53.57,\"PINGHE\":64.29,\"YINXU\":34.38,\"TEBING\":39.29,\"SHIRE\":67.86,\"YANGXU\":60.71,\"XUEYU\":64.29,\"TANSHI\":50.0},\"testDate\":\"2025-11-09\",\"report\":\"【体质测试报告】\\n\\n您的主要体质是：气虚质\\n得分：68.8分\\n\\n您的次要体质是：湿热质\\n得分：67.9分\\n\\n【主要特征】\\n肌肉松软不实，平素语音低弱，气短懒言，容易疲乏，精神不振，易出汗，舌淡红，舌边有齿痕，脉弱\\n\\n【易患疾病】\\n易患感冒、内脏下垂等病；病后康复缓慢\\n\",\"healthSuggestion\":\"【养生建议】\\n\\n饮食调养：\\n宜食性平味甘或甘温之物，宜食营养丰富、容易消化的平补食品\\n\\n运动调养：\\n可做一些柔缓的运动，如散步、打太极拳、做操等，不宜做大负荷运动和大出汗的运动\\n\\n情志调节：\\n保持心情舒畅，避免过度劳累\\n\\n【次要体质建议】\\n饮食：少食辛温助热的食物，戒除烟酒\\n\",\"primaryConstitutionDetail\":{\"id\":\"2\",\"typeCode\":\"QIXU\",\"typeName\":\"气虚质\",\"description\":\"元气不足，以疲乏、气短、自汗等气虚表现为主要特征\",\"characteristics\":\"肌肉松软不实，平素语音低弱，气短懒言，容易疲乏，精神不振，易出汗，舌淡红，舌边有齿痕，脉弱\",\"susceptibleDiseases\":\"易患感冒、内脏下垂等病；病后康复缓慢\",\"healthAdvice\":\"多食具有益气健脾作用的食物，如黄豆、白扁豆、鸡肉、泥鳅、香菇、大枣、桂圆、蜂蜜等\",\"dietAdvice\":\"宜食性平味甘或甘温之物，宜食营养丰富、容易消化的平补食品\",\"exerciseAdvice\":\"可做一些柔缓的运动，如散步、打太极拳、做操等，不宜做大负荷运动和大出汗的运动\",\"emotionAdvice\":\"保持心情舒畅，避免过度劳累\",\"icon\":\"qixu.png\",\"color\":\"#FAAD14\",\"sortOrder\":2},\"secondaryConstitutionDetail\":{\"id\":\"6\",\"typeCode\":\"SHIRE\",\"typeName\":\"湿热质\",\"description\":\"湿热内蕴，以面垢油光、口苦、苔黄腻等湿热表现为主要特征\",\"characteristics\":\"面垢油光，易生痤疮，口苦口干，身重困倦，大便黏滞不畅或燥结，小便短黄，男性易阴囊潮湿，女性易带下增多，舌质偏红，苔黄腻，脉滑数\",\"susceptibleDiseases\":\"易患疮疖、黄疸、热淋等病\",\"healthAdvice\":\"饮食清淡，多吃甘寒、甘平的食物如绿豆、空心菜、苋菜、芹菜、黄瓜、冬瓜、藕、西瓜等\",\"dietAdvice\":\"少食辛温助热的食物，戒除烟酒\",\"exerciseAdvice\":\"适合做大强度、大运动量的锻炼，如中长跑、游泳、爬山、各种球类等\",\"emotionAdvice\":\"保持心情舒畅，避免熬夜\",\"icon\":\"shire.png\",\"color\":\"#13C2C2\",\"sortOrder\":6}},\"timestamp\":\"1762664170013\"}', '0:0:0:0:0:0:0:1', 'python-requests/2.32.3', 78, 1, NULL, '2025-11-09 12:56:10');
INSERT INTO `operation_log` VALUES (1987383872010481666, NULL, NULL, 'AUTH', 'SELECT', '用户登录', 'POST', '/api/user/login', '[{\"username\":\"2330220219\",\"password\":\"123456\"}]', '{\"code\":200,\"message\":\"登录成功\",\"data\":{\"token\":\"eyJhbGciOiJIUzI1NiJ9.eyJzdWIiOiIyMzMwMjIwMjE5IiwidXNlcklkIjoxOTg2MDI3MTg4MzU2NDE5NTg1LCJyb2xlVHlwZSI6MSwiaWF0IjoxNzYyNjY0MjEzLCJleHAiOjE3NjI3NTA2MTN9.9cTc2t1XolpZeG1_wt9mbcYpwGkvIZZA6fQFM922N8o\",\"id\":\"1986027188356419585\",\"username\":\"2330220219\",\"realName\":\"丁政扬\",\"roleType\":1,\"phone\":\"15972511761\"},\"timestamp\":\"1762664213551\"}', '0:0:0:0:0:0:0:1', 'python-requests/2.32.3', 79, 1, NULL, '2025-11-09 12:56:54');
INSERT INTO `operation_log` VALUES (1987383872329248769, 1986027188356419585, '2330220219', 'CONSTITUTION', 'INSERT', '提交体质测试', 'POST', '/api/constitution/test/submit', '[{\"answers\":{\"1\":\"3\",\"2\":\"7\",\"3\":\"12\",\"4\":\"20\",\"5\":\"22\",\"6\":\"30\",\"7\":\"33\",\"8\":\"39\",\"9\":\"45\",\"10\":\"46\",\"11\":\"53\",\"12\":\"56\",\"13\":\"65\",\"14\":\"69\",\"15\":\"75\",\"16\":\"77\",\"17\":\"82\",\"18\":\"90\",\"19\":\"94\",\"20\":\"96\",\"21\":\"103\",\"22\":\"108\",\"23\":\"113\",\"24\":\"116\",\"25\":\"121\",\"26\":\"129\",\"27\":\"131\",\"28\":\"136\",\"29\":\"143\",\"30\":\"147\",\"31\":\"152\",\"32\":\"157\",\"33\":\"163\",\"34\":\"170\",\"35\":\"173\",\"36\":\"176\",\"37\":\"183\",\"38\":\"187\",\"39\":\"192\",\"40\":\"198\",\"41\":\"201\",\"42\":\"208\",\"43\":\"212\",\"44\":\"216\",\"45\":\"224\",\"46\":\"227\",\"47\":\"234\",\"48\":\"237\",\"49\":\"244\",\"50\":\"248\",\"51\":\"253\",\"52\":\"259\",\"53\":\"263\",\"54\":\"268\",\"55\":\"275\",\"56\":\"279\",\"57\":\"283\",\"58\":\"288\",\"59\":\"295\",\"60\":\"297\",\"61\":\"304\",\"62\":\"309\",\"63\":\"311\",\"64\":\"316\",\"65\":\"322\",\"66\":\"327\"},\"appointmentId\":\"1987372942707077121\"},null]', '{\"code\":200,\"message\":\"操作成功\",\"data\":{\"id\":\"1987383872266334210\",\"primaryConstitution\":\"QIYU\",\"primaryConstitutionName\":\"气郁质\",\"secondaryConstitution\":\"QIXU\",\"secondaryConstitutionName\":\"气虚质\",\"scores\":{\"QIXU\":62.5,\"QIYU\":67.86,\"PINGHE\":60.71,\"YINXU\":25.0,\"TEBING\":32.14,\"SHIRE\":32.14,\"YANGXU\":46.43,\"XUEYU\":53.57,\"TANSHI\":40.63},\"testDate\":\"2025-11-09\",\"report\":\"【体质测试报告】\\n\\n您的主要体质是：气郁质\\n得分：67.9分\\n\\n您的次要体质是：气虚质\\n得分：62.5分\\n\\n【主要特征】\\n神情抑郁，情感脆弱，烦闷不乐，舌淡红，苔薄白，脉弦\\n\\n【易患疾病】\\n易患脏躁、梅核气、百合病及郁证等\\n\",\"healthSuggestion\":\"【养生建议】\\n\\n饮食调养：\\n少食收敛酸涩之物，如乌梅、泡菜、石榴、青梅、杨梅、草莓、杨桃、酸枣、李子、柠檬等\\n\\n运动调养：\\n尽量增加户外活动，可坚持较大量的运动锻炼\\n\\n情志调节：\\n保持心情舒畅，多参加社会活动，多听音乐\\n\\n【次要体质建议】\\n饮食：宜食性平味甘或甘温之物，宜食营养丰富、容易消化的平补食品\\n\",\"primaryConstitutionDetail\":{\"id\":\"8\",\"typeCode\":\"QIYU\",\"typeName\":\"气郁质\",\"description\":\"气机郁滞，以神情抑郁、忧虑脆弱等气郁表现为主要特征\",\"characteristics\":\"神情抑郁，情感脆弱，烦闷不乐，舌淡红，苔薄白，脉弦\",\"susceptibleDiseases\":\"易患脏躁、梅核气、百合病及郁证等\",\"healthAdvice\":\"多吃小麦、海带、海藻、萝卜、金橘、山楂等具有行气、解郁、消食、醒神的食物\",\"dietAdvice\":\"少食收敛酸涩之物，如乌梅、泡菜、石榴、青梅、杨梅、草莓、杨桃、酸枣、李子、柠檬等\",\"exerciseAdvice\":\"尽量增加户外活动，可坚持较大量的运动锻炼\",\"emotionAdvice\":\"保持心情舒畅，多参加社会活动，多听音乐\",\"icon\":\"qiyu.png\",\"color\":\"#EB2F96\",\"sortOrder\":8},\"secondaryConstitutionDetail\":{\"id\":\"2\",\"typeCode\":\"QIXU\",\"typeName\":\"气虚质\",\"description\":\"元气不足，以疲乏、气短、自汗等气虚表现为主要特征\",\"characteristics\":\"肌肉松软不实，平素语音低弱，气短懒言，容易疲乏，精神不振，易出汗，舌淡红，舌边有齿痕，脉弱\",\"susceptibleDiseases\":\"易患感冒、内脏下垂等病；病后康复缓慢\",\"healthAdvice\":\"多食具有益气健脾作用的食物，如黄豆、白扁豆、鸡肉、泥鳅、香菇、大枣、桂圆、蜂蜜等\",\"dietAdvice\":\"宜食性平味甘或甘温之物，宜食营养丰富、容易消化的平补食品\",\"exerciseAdvice\":\"可做一些柔缓的运动，如散步、打太极拳、做操等，不宜做大负荷运动和大出汗的运动\",\"emotionAdvice\":\"保持心情舒畅，避免过度劳累\",\"icon\":\"qixu.png\",\"color\":\"#FAAD14\",\"sortOrder\":2}},\"timestamp\":\"1762664213625\"}', '0:0:0:0:0:0:0:1', 'python-requests/2.32.3', 33, 1, NULL, '2025-11-09 12:56:54');
INSERT INTO `operation_log` VALUES (1987384030660030465, 1986307375942283266, '1234', 'AUTH', 'UPDATE', '用户退出登录', 'POST', '/api/user/logout', '[null]', '{\"code\":200,\"message\":\"操作成功\",\"data\":true,\"timestamp\":\"1762664251379\"}', '0:0:0:0:0:0:0:1', 'Mozilla/5.0 (Windows NT 10.0; Win64; x64) AppleWebKit/537.36 (KHTML, like Gecko) Chrome/142.0.0.0 Safari/537.36', 9, 1, NULL, '2025-11-09 12:57:31');
INSERT INTO `operation_log` VALUES (1987384073274159105, NULL, NULL, 'AUTH', 'SELECT', '用户登录', 'POST', '/api/user/login', '[{\"username\":\"admin\",\"password\":\"123456\"}]', '{\"code\":200,\"message\":\"登录成功\",\"data\":{\"token\":\"eyJhbGciOiJIUzI1NiJ9.eyJzdWIiOiJhZG1pbiIsInVzZXJJZCI6MTk4NjAyNzE4ODM1NjQxOTIwNSwicm9sZVR5cGUiOjMsImlhdCI6MTc2MjY2NDI2MSwiZXhwIjoxNzYyNzUwNjYxfQ.LEdfumCRZH5NKmkE5bPxBddNzleuKgZ2Yt0A56t3qWA\",\"id\":\"1986027188356419205\",\"username\":\"admin\",\"realName\":\"系统管理员\",\"roleType\":3,\"phone\":\"13800138000\"},\"timestamp\":\"1762664261535\"}', '0:0:0:0:0:0:0:1', 'Mozilla/5.0 (Windows NT 10.0; Win64; x64) AppleWebKit/537.36 (KHTML, like Gecko) Chrome/142.0.0.0 Safari/537.36', 109, 1, NULL, '2025-11-09 12:57:42');
INSERT INTO `operation_log` VALUES (1987387706275426305, 1986027188356419205, 'admin', 'AUTH', 'UPDATE', '用户退出登录', 'POST', '/api/user/logout', '[null]', '{\"code\":200,\"message\":\"操作成功\",\"data\":true,\"timestamp\":\"1762665127717\"}', '0:0:0:0:0:0:0:1', 'Mozilla/5.0 (Windows NT 10.0; Win64; x64) AppleWebKit/537.36 (KHTML, like Gecko) Chrome/142.0.0.0 Safari/537.36', 9, 1, NULL, '2025-11-09 13:12:08');
INSERT INTO `operation_log` VALUES (1987387723975389186, 1986027188356419585, '2330220219', 'AUTH', 'UPDATE', '用户退出登录', 'POST', '/api/user/logout', '[null]', '{\"code\":200,\"message\":\"操作成功\",\"data\":true,\"timestamp\":\"1762665131931\"}', '0:0:0:0:0:0:0:1', 'Mozilla/5.0 (Windows NT 10.0; Win64; x64) AppleWebKit/537.36 (KHTML, like Gecko) Chrome/142.0.0.0 Safari/537.36 Edg/142.0.0.0', 7, 1, NULL, '2025-11-09 13:12:12');
INSERT INTO `operation_log` VALUES (1987389798792347650, NULL, NULL, 'AUTH', 'SELECT', '用户登录', 'POST', '/api/user/login', '[{\"username\":\"admin\",\"password\":\"123456\"}]', '{\"code\":200,\"message\":\"登录成功\",\"data\":{\"token\":\"eyJhbGciOiJIUzI1NiJ9.eyJzdWIiOiJhZG1pbiIsInVzZXJJZCI6MTk4NjAyNzE4ODM1NjQxOTIwNSwicm9sZVR5cGUiOjMsImlhdCI6MTc2MjY2NTYyNSwiZXhwIjoxNzYyNzUyMDI1fQ.EDxH-rDdeeVzX16V2fRkW63hYosbF6myQuXfkiobh5U\",\"id\":\"1986027188356419205\",\"username\":\"admin\",\"realName\":\"系统管理员\",\"roleType\":3,\"phone\":\"13800138000\"},\"timestamp\":\"1762665626576\"}', '0:0:0:0:0:0:0:1', 'Mozilla/5.0 (Windows NT 10.0; Win64; x64) AppleWebKit/537.36 (KHTML, like Gecko) Chrome/142.0.0.0 Safari/537.36', 844, 1, NULL, '2025-11-09 13:20:27');
INSERT INTO `operation_log` VALUES (1987421421290565634, NULL, NULL, 'AUTH', 'SELECT', '用户登录', 'POST', '/api/user/login', '[{\"username\":\"2330220219\",\"password\":\"123456\"}]', '{\"code\":200,\"message\":\"登录成功\",\"data\":{\"token\":\"eyJhbGciOiJIUzI1NiJ9.eyJzdWIiOiIyMzMwMjIwMjE5IiwidXNlcklkIjoxOTg2MDI3MTg4MzU2NDE5NTg1LCJyb2xlVHlwZSI6MSwiaWF0IjoxNzYyNjczMTY1LCJleHAiOjE3NjI3NTk1NjV9.Ii64_ZrRAWxxfii_XrcQfhR0OcQTvtLVcnwnEuz319o\",\"id\":\"1986027188356419585\",\"username\":\"2330220219\",\"realName\":\"丁政扬\",\"roleType\":1,\"phone\":\"15972511761\"},\"timestamp\":\"1762673165987\"}', '0:0:0:0:0:0:0:1', 'Mozilla/5.0 (Windows NT 10.0; Win64; x64) AppleWebKit/537.36 (KHTML, like Gecko) Chrome/142.0.0.0 Safari/537.36 Edg/142.0.0.0', 126, 1, NULL, '2025-11-09 15:26:06');
INSERT INTO `operation_log` VALUES (1987421558985371650, NULL, NULL, 'AUTH', 'SELECT', '用户登录', 'POST', '/api/user/login', '[{\"username\":\"2330220219\",\"password\":\"123456\"}]', '{\"code\":200,\"message\":\"登录成功\",\"data\":{\"token\":\"eyJhbGciOiJIUzI1NiJ9.eyJzdWIiOiIyMzMwMjIwMjE5IiwidXNlcklkIjoxOTg2MDI3MTg4MzU2NDE5NTg1LCJyb2xlVHlwZSI6MSwiaWF0IjoxNzYyNjczMTk4LCJleHAiOjE3NjI3NTk1OTh9.OiNIpTQpy3vZV-2h9UsjizMmtB1sH01CP1I-1hDrLgU\",\"id\":\"1986027188356419585\",\"username\":\"2330220219\",\"realName\":\"丁政扬\",\"roleType\":1,\"phone\":\"15972511761\"},\"timestamp\":\"1762673198826\"}', '0:0:0:0:0:0:0:1', 'Mozilla/5.0 (Windows NT 10.0; Win64; x64) AppleWebKit/537.36 (KHTML, like Gecko) Chrome/142.0.0.0 Safari/537.36 Edg/142.0.0.0', 87, 1, NULL, '2025-11-09 15:26:39');
INSERT INTO `operation_log` VALUES (1987421605982547969, NULL, NULL, 'AUTH', 'SELECT', '用户登录', 'POST', '/api/user/login', '[{\"username\":\"2330220219\",\"password\":\"123456\"}]', '{\"code\":200,\"message\":\"登录成功\",\"data\":{\"token\":\"eyJhbGciOiJIUzI1NiJ9.eyJzdWIiOiIyMzMwMjIwMjE5IiwidXNlcklkIjoxOTg2MDI3MTg4MzU2NDE5NTg1LCJyb2xlVHlwZSI6MSwiaWF0IjoxNzYyNjczMjEwLCJleHAiOjE3NjI3NTk2MTB9.D2dBjdoeVtwMokGYE-8Dccefy143tSvlC5crTJhIbRM\",\"id\":\"1986027188356419585\",\"username\":\"2330220219\",\"realName\":\"丁政扬\",\"roleType\":1,\"phone\":\"15972511761\"},\"timestamp\":\"1762673210044\"}', '0:0:0:0:0:0:0:1', 'Mozilla/5.0 (Windows NT 10.0; Win64; x64) AppleWebKit/537.36 (KHTML, like Gecko) Chrome/142.0.0.0 Safari/537.36 Edg/142.0.0.0', 84, 1, NULL, '2025-11-09 15:26:50');
INSERT INTO `operation_log` VALUES (1987421696239775746, NULL, NULL, 'AUTH', 'SELECT', '用户登录', 'POST', '/api/user/login', '[{\"username\":\"2330220219\",\"password\":\"123456\"}]', '{\"code\":200,\"message\":\"登录成功\",\"data\":{\"token\":\"eyJhbGciOiJIUzI1NiJ9.eyJzdWIiOiIyMzMwMjIwMjE5IiwidXNlcklkIjoxOTg2MDI3MTg4MzU2NDE5NTg1LCJyb2xlVHlwZSI6MSwiaWF0IjoxNzYyNjczMjMxLCJleHAiOjE3NjI3NTk2MzF9.cKL5wVfkC1kUxraZH0Cm7tktacmmg5_sSKISChQ9jH8\",\"id\":\"1986027188356419585\",\"username\":\"2330220219\",\"realName\":\"丁政扬\",\"roleType\":1,\"phone\":\"15972511761\"},\"timestamp\":\"1762673231562\"}', '0:0:0:0:0:0:0:1', 'Mozilla/5.0 (Windows NT 10.0; Win64; x64) AppleWebKit/537.36 (KHTML, like Gecko) Chrome/142.0.0.0 Safari/537.36 Edg/142.0.0.0', 91, 1, NULL, '2025-11-09 15:27:12');
INSERT INTO `operation_log` VALUES (1987421711913889794, 1986027188356419585, '2330220219', 'AUTH', 'UPDATE', '用户退出登录', 'POST', '/api/user/logout', '[null]', '{\"code\":200,\"message\":\"操作成功\",\"data\":true,\"timestamp\":\"1762673235289\"}', '0:0:0:0:0:0:0:1', 'Mozilla/5.0 (Windows NT 10.0; Win64; x64) AppleWebKit/537.36 (KHTML, like Gecko) Chrome/142.0.0.0 Safari/537.36 Edg/142.0.0.0', 7, 1, NULL, '2025-11-09 15:27:15');
INSERT INTO `operation_log` VALUES (1987421873939853314, 1986027188356419205, 'admin', 'USER', 'UPDATE', '更新用户信息', 'PUT', '/api/system/user', '[{\"id\":\"1986027188356419585\",\"username\":\"2330220219\",\"realName\":\"丁政扬\",\"phone\":\"15972511761\",\"email\":\"2843765601@qq.com\",\"gender\":1,\"birthDate\":\"2004-11-29\",\"idCard\":\"421221200411296191\",\"address\":\"\",\"roleType\":1,\"status\":1},null]', '{\"code\":200,\"message\":\"操作成功\",\"data\":true,\"timestamp\":\"1762673273928\"}', '0:0:0:0:0:0:0:1', 'Mozilla/5.0 (Windows NT 10.0; Win64; x64) AppleWebKit/537.36 (KHTML, like Gecko) Chrome/142.0.0.0 Safari/537.36', 25, 1, NULL, '2025-11-09 15:27:54');
INSERT INTO `operation_log` VALUES (1987421936275599362, 1986027188356419205, 'admin', 'USER', 'UPDATE', '更新用户信息', 'PUT', '/api/system/user', '[{\"id\":\"1986027188356419585\",\"username\":\"2330220219\",\"realName\":\"丁政扬\",\"phone\":\"15972511761\",\"email\":\"2843765601@qq.com\",\"gender\":1,\"birthDate\":\"2004-11-29\",\"idCard\":\"421221200411296191\",\"address\":\"湖北省\",\"roleType\":1,\"status\":1},null]', '{\"code\":200,\"message\":\"操作成功\",\"data\":true,\"timestamp\":\"1762673288785\"}', '0:0:0:0:0:0:0:1', 'Mozilla/5.0 (Windows NT 10.0; Win64; x64) AppleWebKit/537.36 (KHTML, like Gecko) Chrome/142.0.0.0 Safari/537.36', 49, 1, NULL, '2025-11-09 15:28:09');
INSERT INTO `operation_log` VALUES (1987423505641549826, NULL, NULL, 'AUTH', 'SELECT', '用户登录', 'POST', '/api/user/login', '[{\"username\":\"admin\",\"password\":\"123456\"}]', '{\"code\":200,\"message\":\"登录成功\",\"data\":{\"token\":\"eyJhbGciOiJIUzI1NiJ9.eyJzdWIiOiJhZG1pbiIsInVzZXJJZCI6MTk4NjAyNzE4ODM1NjQxOTIwNSwicm9sZVR5cGUiOjMsImlhdCI6MTc2MjY3MzY2MiwiZXhwIjoxNzYyNzYwMDYyfQ.kbdGJET2JVZ6Vj3uu3H_0qOSKECqL5-6LGbbWTKOs-k\",\"id\":\"1986027188356419205\",\"username\":\"admin\",\"realName\":\"系统管理员\",\"roleType\":3,\"phone\":\"13800138000\"},\"timestamp\":\"1762673662950\"}', '0:0:0:0:0:0:0:1', 'Mozilla/5.0 (Windows NT 10.0; Win64; x64) AppleWebKit/537.36 (KHTML, like Gecko) Chrome/142.0.0.0 Safari/537.36', 103, 1, NULL, '2025-11-09 15:34:23');
INSERT INTO `operation_log` VALUES (1987424099185897474, 1986027188356419205, 'admin', 'USER', 'UPDATE', '更新用户信息', 'PUT', '/api/system/user', '[{\"id\":\"1986027188356419585\",\"username\":\"2330220219\",\"realName\":\"丁政扬\",\"phone\":\"15972511761\",\"email\":\"2843765601@qq.com\",\"gender\":1,\"birthDate\":\"2004-11-29\",\"idCard\":\"421221200411296191\",\"address\":\"湖北省武汉市江夏区武汉工程科技学院\",\"roleType\":1,\"status\":1},null]', '{\"code\":200,\"message\":\"操作成功\",\"data\":true,\"timestamp\":\"1762673804457\"}', '0:0:0:0:0:0:0:1', 'Mozilla/5.0 (Windows NT 10.0; Win64; x64) AppleWebKit/537.36 (KHTML, like Gecko) Chrome/142.0.0.0 Safari/537.36', 54, 1, NULL, '2025-11-09 15:36:44');
INSERT INTO `operation_log` VALUES (1987426642809036801, NULL, NULL, 'AUTH', 'SELECT', '用户登录', 'POST', '/api/user/login', '[{\"username\":\"admin\",\"password\":\"123456\"}]', '{\"code\":200,\"message\":\"登录成功\",\"data\":{\"token\":\"eyJhbGciOiJIUzI1NiJ9.eyJzdWIiOiJhZG1pbiIsInVzZXJJZCI6MTk4NjAyNzE4ODM1NjQxOTIwNSwicm9sZVR5cGUiOjMsImlhdCI6MTc2MjY3NDQxMCwiZXhwIjoxNzYyNzYwODEwfQ.Unug6fu_hWnEiUBqPhUjvTZNblp_OabX7zSmWFCTPNc\",\"id\":\"1986027188356419205\",\"username\":\"admin\",\"realName\":\"系统管理员\",\"roleType\":3,\"phone\":\"13800138000\"},\"timestamp\":\"1762674410874\"}', '0:0:0:0:0:0:0:1', 'Mozilla/5.0 (Windows NT 10.0; Win64; x64) AppleWebKit/537.36 (KHTML, like Gecko) Chrome/142.0.0.0 Safari/537.36', 370, 1, NULL, '2025-11-09 15:46:51');
INSERT INTO `operation_log` VALUES (1987459291833032705, NULL, NULL, 'AUTH', 'SELECT', '用户登录', 'POST', '/api/user/login', '[{\"username\":\"admin\",\"password\":\"123456\"}]', '{\"code\":200,\"message\":\"登录成功\",\"data\":{\"token\":\"eyJhbGciOiJIUzI1NiJ9.eyJzdWIiOiJhZG1pbiIsInVzZXJJZCI6MTk4NjAyNzE4ODM1NjQxOTIwNSwicm9sZVR5cGUiOjMsImlhdCI6MTc2MjY4MjE5NCwiZXhwIjoxNzYyNzY4NTk0fQ.fFh_TP8horMr9b-CNn_HinU4Wr9jfFMZdSoWV2qxOMs\",\"id\":\"1986027188356419205\",\"username\":\"admin\",\"realName\":\"系统管理员\",\"roleType\":3,\"phone\":\"13800138000\"},\"timestamp\":\"1762682195005\"}', '0:0:0:0:0:0:0:1', 'Mozilla/5.0 (Windows NT 10.0; Win64; x64) AppleWebKit/537.36 (KHTML, like Gecko) Chrome/142.0.0.0 Safari/537.36', 282, 1, NULL, '2025-11-09 17:56:35');
INSERT INTO `operation_log` VALUES (1987460771617038337, NULL, NULL, 'AUTH', 'SELECT', '用户登录', 'POST', '/api/user/login', '[{\"username\":\"admin\",\"password\":\"123456\"}]', '{\"code\":200,\"message\":\"登录成功\",\"data\":{\"token\":\"eyJhbGciOiJIUzI1NiJ9.eyJzdWIiOiJhZG1pbiIsInVzZXJJZCI6MTk4NjAyNzE4ODM1NjQxOTIwNSwicm9sZVR5cGUiOjMsImlhdCI6MTc2MjY4MjU0NywiZXhwIjoxNzYyNzY4OTQ3fQ.6OMF8pJIIMaq5y3CzIkqctpjBL7cPLS8-KueoPIgIOw\",\"id\":\"1986027188356419205\",\"username\":\"admin\",\"realName\":\"系统管理员\",\"roleType\":3,\"phone\":\"13800138000\"},\"timestamp\":\"1762682547854\"}', '0:0:0:0:0:0:0:1', 'Mozilla/5.0 (Windows NT 10.0; Win64; x64) AppleWebKit/537.36 (KHTML, like Gecko) Chrome/142.0.0.0 Safari/537.36', 80, 1, NULL, '2025-11-09 18:02:28');
INSERT INTO `operation_log` VALUES (1987460956007407618, NULL, NULL, 'AUTH', 'SELECT', '用户登录', 'POST', '/api/user/login', '[{\"username\":\"admin\",\"password\":\"123456\"}]', '{\"code\":200,\"message\":\"登录成功\",\"data\":{\"token\":\"eyJhbGciOiJIUzI1NiJ9.eyJzdWIiOiJhZG1pbiIsInVzZXJJZCI6MTk4NjAyNzE4ODM1NjQxOTIwNSwicm9sZVR5cGUiOjMsImlhdCI6MTc2MjY4MjU5MSwiZXhwIjoxNzYyNzY4OTkxfQ.awdlDrcyqS4modA9q7_s1uLIl9c_QQiQKtA-hhVONTs\",\"id\":\"1986027188356419205\",\"username\":\"admin\",\"realName\":\"系统管理员\",\"roleType\":3,\"phone\":\"13800138000\"},\"timestamp\":\"1762682591768\"}', '0:0:0:0:0:0:0:1', 'Mozilla/5.0 (Windows NT 10.0; Win64; x64) AppleWebKit/537.36 (KHTML, like Gecko) Chrome/142.0.0.0 Safari/537.36', 222, 1, NULL, '2025-11-09 18:03:12');
INSERT INTO `operation_log` VALUES (1987462569774264321, NULL, NULL, 'AUTH', 'SELECT', '用户登录', 'POST', '/api/user/login', '[{\"username\":\"admin\",\"password\":\"123456\"}]', '{\"code\":200,\"message\":\"登录成功\",\"data\":{\"token\":\"eyJhbGciOiJIUzI1NiJ9.eyJzdWIiOiJhZG1pbiIsInVzZXJJZCI6MTk4NjAyNzE4ODM1NjQxOTIwNSwicm9sZVR5cGUiOjMsImlhdCI6MTc2MjY4Mjk3NiwiZXhwIjoxNzYyNzY5Mzc2fQ.ty4A76zudeWtHIW4a_EjozviGmNUjX6Yb0noU-aUTSY\",\"id\":\"1986027188356419205\",\"username\":\"admin\",\"realName\":\"系统管理员\",\"roleType\":3,\"phone\":\"13800138000\"},\"timestamp\":\"1762682976525\"}', '0:0:0:0:0:0:0:1', 'Mozilla/5.0 (Windows NT 10.0; Win64; x64) AppleWebKit/537.36 (KHTML, like Gecko) Chrome/142.0.0.0 Safari/537.36', 234, 1, NULL, '2025-11-09 18:09:37');
INSERT INTO `operation_log` VALUES (1987462667958726658, 1986027188356419205, 'admin', 'AUTH', 'UPDATE', '用户退出登录', 'POST', '/api/user/logout', '[null]', '{\"code\":200,\"message\":\"操作成功\",\"data\":true,\"timestamp\":\"1762682999982\"}', '0:0:0:0:0:0:0:1', 'Mozilla/5.0 (Windows NT 10.0; Win64; x64) AppleWebKit/537.36 (KHTML, like Gecko) Chrome/142.0.0.0 Safari/537.36', 9, 1, NULL, '2025-11-09 18:10:00');
INSERT INTO `operation_log` VALUES (1987462730680348674, NULL, NULL, 'AUTH', 'SELECT', '用户登录', 'POST', '/api/user/login', '[{\"username\":\"2330220219\",\"password\":\"123456\"}]', '{\"code\":200,\"message\":\"登录成功\",\"data\":{\"token\":\"eyJhbGciOiJIUzI1NiJ9.eyJzdWIiOiIyMzMwMjIwMjE5IiwidXNlcklkIjoxOTg2MDI3MTg4MzU2NDE5NTg1LCJyb2xlVHlwZSI6MSwiaWF0IjoxNzYyNjgzMDE0LCJleHAiOjE3NjI3Njk0MTR9.a1RT7g9_Gxu4nwog0fOoJqMOM7B8x4z3LAk1d5Yk35Y\",\"id\":\"1986027188356419585\",\"username\":\"2330220219\",\"realName\":\"丁政扬\",\"roleType\":1,\"phone\":\"15972511761\"},\"timestamp\":\"1762683014925\"}', '0:0:0:0:0:0:0:1', 'Mozilla/5.0 (Windows NT 10.0; Win64; x64) AppleWebKit/537.36 (KHTML, like Gecko) Chrome/142.0.0.0 Safari/537.36', 75, 1, NULL, '2025-11-09 18:10:15');
INSERT INTO `operation_log` VALUES (1987463009488318466, 1986027188356419585, '2330220219', 'AUTH', 'UPDATE', '用户退出登录', 'POST', '/api/user/logout', '[null]', '{\"code\":200,\"message\":\"操作成功\",\"data\":true,\"timestamp\":\"1762683081404\"}', '0:0:0:0:0:0:0:1', 'Mozilla/5.0 (Windows NT 10.0; Win64; x64) AppleWebKit/537.36 (KHTML, like Gecko) Chrome/142.0.0.0 Safari/537.36', 5, 1, NULL, '2025-11-09 18:11:21');
INSERT INTO `operation_log` VALUES (1987807179373436929, NULL, NULL, 'AUTH', 'SELECT', '用户登录', 'POST', '/api/user/login', '[{\"username\":\"admin\",\"password\":\"123456\"}]', '{\"code\":200,\"message\":\"登录成功\",\"data\":{\"token\":\"eyJhbGciOiJIUzI1NiJ9.eyJzdWIiOiJhZG1pbiIsInVzZXJJZCI6MTk4NjAyNzE4ODM1NjQxOTIwNSwicm9sZVR5cGUiOjMsImlhdCI6MTc2Mjc2NTEzNywiZXhwIjoxNzYyODUxNTM3fQ.u-GbyKlZ9KjGz-5LwDG4cbh3aDWladvbeGWZgucvFAg\",\"id\":\"1986027188356419205\",\"username\":\"admin\",\"realName\":\"系统管理员\",\"roleType\":3,\"phone\":\"13800138000\"},\"timestamp\":\"1762765137834\"}', '0:0:0:0:0:0:0:1', 'Mozilla/5.0 (Windows NT 10.0; Win64; x64) AppleWebKit/537.36 (KHTML, like Gecko) Chrome/142.0.0.0 Safari/537.36', 922, 1, NULL, '2025-11-10 16:58:58');
INSERT INTO `operation_log` VALUES (1988445382271025153, NULL, NULL, 'AUTH', 'SELECT', '用户登录', 'POST', '/api/user/login', '[{\"username\":\"2330220219\",\"password\":\"123456\"}]', '{\"code\":200,\"message\":\"登录成功\",\"data\":{\"token\":\"eyJhbGciOiJIUzI1NiJ9.eyJzdWIiOiIyMzMwMjIwMjE5IiwidXNlcklkIjoxOTg2MDI3MTg4MzU2NDE5NTg1LCJyb2xlVHlwZSI6MSwiaWF0IjoxNzYyOTE3Mjk2LCJleHAiOjE3NjMwMDM2OTZ9.OnuQhrUfr_LlqzHYgulb3FyJcrX8uOCMFcfx4tHY5rY\",\"id\":\"1986027188356419585\",\"username\":\"2330220219\",\"realName\":\"丁政扬\",\"roleType\":1,\"phone\":\"15972511761\"},\"timestamp\":\"1762917297280\"}', '0:0:0:0:0:0:0:1', 'Mozilla/5.0 (Windows NT 10.0; Win64; x64) AppleWebKit/537.36 (KHTML, like Gecko) Chrome/142.0.0.0 Safari/537.36', 770, 1, NULL, '2025-11-12 11:14:57');
INSERT INTO `operation_log` VALUES (1988445584558112769, 1986027188356419585, '2330220219', 'FILE', 'INSERT', '上传头像', 'POST', '/api/upload/avatar', '参数序列化失败', '{\"code\":200,\"message\":\"上传成功\",\"data\":\"https://yg-hospital.oss-cn-beijing.aliyuncs.com/avatar/eedccd9e-f44f-4ae6-93cf-c770259a77cf.jpg\",\"timestamp\":\"1762917345551\"}', '0:0:0:0:0:0:0:1', 'Mozilla/5.0 (Windows NT 10.0; Win64; x64) AppleWebKit/537.36 (KHTML, like Gecko) Chrome/142.0.0.0 Safari/537.36', 827, 1, NULL, '2025-11-12 11:15:46');
INSERT INTO `operation_log` VALUES (1988446280326008833, 1986027188356419585, '2330220219', 'FILE', 'INSERT', '上传头像', 'POST', '/api/upload/avatar', '[{\"size\":\"45334\",\"name\":\"file\",\"contentType\":\"image/jpeg\",\"originalFilename\":\"头像.jpg\"}]', '{\"code\":200,\"message\":\"上传成功\",\"data\":\"https://yg-hospital.oss-cn-beijing.aliyuncs.com/avatar/e0bf713c-eb2a-4d59-bbfa-4a658f2d73e3.jpg\",\"timestamp\":\"1762917511342\"}', '0:0:0:0:0:0:0:1', 'Mozilla/5.0 (Windows NT 10.0; Win64; x64) AppleWebKit/537.36 (KHTML, like Gecko) Chrome/142.0.0.0 Safari/537.36', 604, 1, NULL, '2025-11-12 11:18:31');
INSERT INTO `operation_log` VALUES (1988447169677840385, 1986027188356419585, '2330220219', 'FILE', 'INSERT', '上传头像', 'POST', '/api/upload/avatar', '[{\"size\":\"45334\",\"name\":\"file\",\"contentType\":\"image/jpeg\",\"originalFilename\":\"头像.jpg\"}]', '{\"code\":200,\"message\":\"上传成功\",\"data\":\"https://yg-hospital.oss-cn-beijing.aliyuncs.com/avatar/45cb6491-0f63-4030-85f8-d9eb8ad26421.jpg\",\"timestamp\":\"1762917723477\"}', '0:0:0:0:0:0:0:1', 'Mozilla/5.0 (Windows NT 10.0; Win64; x64) AppleWebKit/537.36 (KHTML, like Gecko) Chrome/142.0.0.0 Safari/537.36', 185, 1, NULL, '2025-11-12 11:22:03');
INSERT INTO `operation_log` VALUES (1988447400955957250, 1986027188356419585, '2330220219', 'FILE', 'INSERT', '上传头像', 'POST', '/api/upload/avatar', '[{\"size\":\"45334\",\"name\":\"file\",\"contentType\":\"image/jpeg\",\"originalFilename\":\"头像.jpg\"}]', '{\"code\":200,\"message\":\"上传成功\",\"data\":\"https://yg-hospital.oss-cn-beijing.aliyuncs.com/avatar/a89fe732-fd82-437e-865d-9464af7dcc08.jpg\",\"timestamp\":\"1762917778605\"}', '0:0:0:0:0:0:0:1', 'Mozilla/5.0 (Windows NT 10.0; Win64; x64) AppleWebKit/537.36 (KHTML, like Gecko) Chrome/142.0.0.0 Safari/537.36', 236, 1, NULL, '2025-11-12 11:22:59');
INSERT INTO `operation_log` VALUES (1988450139219836929, 1986027188356419585, '2330220219', 'FILE', 'INSERT', '上传头像', 'POST', '/api/upload/avatar', '[{\"size\":\"45334\",\"name\":\"file\",\"contentType\":\"image/jpeg\",\"originalFilename\":\"头像.jpg\"}]', '{\"code\":200,\"message\":\"上传成功\",\"data\":\"https://yg-hospital.oss-cn-beijing.aliyuncs.com/avatar/6fda2449-af33-44c9-8d1f-1ec7f4035c3b.jpg\",\"timestamp\":\"1762918431386\"}', '0:0:0:0:0:0:0:1', 'Mozilla/5.0 (Windows NT 10.0; Win64; x64) AppleWebKit/537.36 (KHTML, like Gecko) Chrome/142.0.0.0 Safari/537.36', 642, 1, NULL, '2025-11-12 11:33:51');
INSERT INTO `operation_log` VALUES (1988450766423519233, 1986027188356419585, '2330220219', 'FILE', 'INSERT', '上传头像', 'POST', '/api/upload/avatar', '[{\"size\":\"45334\",\"name\":\"file\",\"contentType\":\"image/jpeg\",\"originalFilename\":\"头像.jpg\"}]', '{\"code\":200,\"message\":\"上传成功\",\"data\":\"https://yg-hospital.oss-cn-beijing.aliyuncs.com/avatar/d7fbf90c-b661-43d1-9640-f22cb1808b89.jpg\",\"timestamp\":\"1762918580865\"}', '0:0:0:0:0:0:0:1', 'Mozilla/5.0 (Windows NT 10.0; Win64; x64) AppleWebKit/537.36 (KHTML, like Gecko) Chrome/142.0.0.0 Safari/537.36', 686, 1, NULL, '2025-11-12 11:36:21');
INSERT INTO `operation_log` VALUES (1988451681129918466, 1986027188356419585, '2330220219', 'FILE', 'INSERT', '上传头像', 'POST', '/api/upload/avatar', '[{\"size\":\"45334\",\"name\":\"file\",\"contentType\":\"image/jpeg\",\"originalFilename\":\"头像.jpg\"}]', '{\"code\":200,\"message\":\"上传成功\",\"data\":\"https://yg-hospital.oss-cn-beijing.aliyuncs.com/avatar/e35476a6-c639-42fb-99c6-64f3f86af7b9.jpg\",\"timestamp\":\"1762918799082\"}', '0:0:0:0:0:0:0:1', 'Mozilla/5.0 (Windows NT 10.0; Win64; x64) AppleWebKit/537.36 (KHTML, like Gecko) Chrome/142.0.0.0 Safari/537.36', 261, 1, NULL, '2025-11-12 11:39:59');
INSERT INTO `operation_log` VALUES (1988452592849932290, 1986027188356419585, '2330220219', 'FILE', 'INSERT', '上传头像', 'POST', '/api/upload/avatar', '[{\"size\":\"45334\",\"name\":\"file\",\"contentType\":\"image/jpeg\",\"originalFilename\":\"头像.jpg\"}]', '{\"code\":200,\"message\":\"上传成功\",\"data\":\"https://yg-hospital.oss-cn-beijing.aliyuncs.com/avatar/4fcf972a-a105-435f-a109-81f495161290.jpg\",\"timestamp\":\"1762919016400\"}', '0:0:0:0:0:0:0:1', 'Mozilla/5.0 (Windows NT 10.0; Win64; x64) AppleWebKit/537.36 (KHTML, like Gecko) Chrome/142.0.0.0 Safari/537.36', 589, 1, NULL, '2025-11-12 11:43:36');
INSERT INTO `operation_log` VALUES (1988452641302532098, 1986027188356419585, '2330220219', 'FILE', 'INSERT', '上传头像', 'POST', '/api/upload/avatar', '[{\"size\":\"45334\",\"name\":\"file\",\"contentType\":\"image/jpeg\",\"originalFilename\":\"头像.jpg\"}]', '{\"code\":200,\"message\":\"上传成功\",\"data\":\"https://yg-hospital.oss-cn-beijing.aliyuncs.com/avatar/80b4be81-d06d-4939-823b-14d63e54f2fd.jpg\",\"timestamp\":\"1762919028008\"}', '0:0:0:0:0:0:0:1', 'Mozilla/5.0 (Windows NT 10.0; Win64; x64) AppleWebKit/537.36 (KHTML, like Gecko) Chrome/142.0.0.0 Safari/537.36', 166, 1, NULL, '2025-11-12 11:43:48');
INSERT INTO `operation_log` VALUES (1988452655856766977, 1986027188356419585, '2330220219', 'USER', 'UPDATE', '更新用户信息', 'PUT', '/api/user/info', '[{\"realName\":\"丁政扬\",\"phone\":\"15972511761\",\"gender\":1,\"birthDate\":\"2004-11-29\",\"avatar\":\"https://yg-hospital.oss-cn-beijing.aliyuncs.com/avatar/80b4be81-d06d-4939-823b-14d63e54f2fd.jpg\"},null]', '{\"code\":200,\"message\":\"更新成功\",\"timestamp\":\"1762919031475\"}', '0:0:0:0:0:0:0:1', 'Mozilla/5.0 (Windows NT 10.0; Win64; x64) AppleWebKit/537.36 (KHTML, like Gecko) Chrome/142.0.0.0 Safari/537.36', 70, 1, NULL, '2025-11-12 11:43:51');
INSERT INTO `operation_log` VALUES (1988453946905587714, 1986027188356419585, '2330220219', 'FILE', 'INSERT', '上传头像', 'POST', '/api/upload/avatar', '[{\"size\":\"45334\",\"name\":\"file\",\"contentType\":\"image/jpeg\",\"originalFilename\":\"头像.jpg\"}]', '{\"code\":200,\"message\":\"上传成功\",\"data\":\"https://yg-hospital.oss-cn-beijing.aliyuncs.com/avatar/47c6ff6b-38de-49b7-b84b-539ab5293acb.jpg\",\"timestamp\":\"1762919339207\"}', '0:0:0:0:0:0:0:1', 'Mozilla/5.0 (Windows NT 10.0; Win64; x64) AppleWebKit/537.36 (KHTML, like Gecko) Chrome/142.0.0.0 Safari/537.36', 582, 1, NULL, '2025-11-12 11:48:59');
INSERT INTO `operation_log` VALUES (1988453954878959618, 1986027188356419585, '2330220219', 'USER', 'UPDATE', '更新用户信息', 'PUT', '/api/user/info', '[{\"realName\":\"丁政扬\",\"phone\":\"15972511761\",\"gender\":1,\"birthDate\":\"2004-11-29\",\"avatar\":\"https://yg-hospital.oss-cn-beijing.aliyuncs.com/avatar/47c6ff6b-38de-49b7-b84b-539ab5293acb.jpg\"},null]', '{\"code\":200,\"message\":\"更新成功\",\"timestamp\":\"1762919341160\"}', '0:0:0:0:0:0:0:1', 'Mozilla/5.0 (Windows NT 10.0; Win64; x64) AppleWebKit/537.36 (KHTML, like Gecko) Chrome/142.0.0.0 Safari/537.36', 109, 1, NULL, '2025-11-12 11:49:01');
INSERT INTO `operation_log` VALUES (1988454085854490626, NULL, NULL, 'AUTH', 'SELECT', '用户登录', 'POST', '/api/user/login', '[{\"username\":\"admin\",\"password\":\"123456\"}]', '{\"code\":200,\"message\":\"登录成功\",\"data\":{\"token\":\"eyJhbGciOiJIUzI1NiJ9.eyJzdWIiOiJhZG1pbiIsInVzZXJJZCI6MTk4NjAyNzE4ODM1NjQxOTIwNSwicm9sZVR5cGUiOjMsImlhdCI6MTc2MjkxOTM3MiwiZXhwIjoxNzYzMDA1NzcyfQ.1iMI_oBIvI5o3s88mEPvnM_2mIroZNOOtJgpC78Mjzg\",\"id\":\"1986027188356419205\",\"username\":\"admin\",\"realName\":\"系统管理员\",\"roleType\":3,\"phone\":\"13800138000\"},\"timestamp\":\"1762919372427\"}', '0:0:0:0:0:0:0:1', 'Mozilla/5.0 (Windows NT 10.0; Win64; x64) AppleWebKit/537.36 (KHTML, like Gecko) Chrome/142.0.0.0 Safari/537.36 Edg/142.0.0.0', 103, 1, NULL, '2025-11-12 11:49:32');
INSERT INTO `operation_log` VALUES (1988454350515073026, 1986027188356419585, '2330220219', 'FILE', 'INSERT', '上传头像', 'POST', '/api/upload/avatar', '[{\"size\":\"39361\",\"name\":\"file\",\"contentType\":\"image/jpeg\",\"originalFilename\":\"2.jpg\"}]', '{\"code\":200,\"message\":\"上传成功\",\"data\":\"https://yg-hospital.oss-cn-beijing.aliyuncs.com/avatar/7b9ae539-a0f7-440f-94c4-2ab340cb9c46.jpg\",\"timestamp\":\"1762919435516\"}', '0:0:0:0:0:0:0:1', 'Mozilla/5.0 (Windows NT 10.0; Win64; x64) AppleWebKit/537.36 (KHTML, like Gecko) Chrome/142.0.0.0 Safari/537.36', 186, 1, NULL, '2025-11-12 11:50:36');
INSERT INTO `operation_log` VALUES (1988454377757077505, 1986027188356419585, '2330220219', 'USER', 'UPDATE', '更新用户信息', 'PUT', '/api/user/info', '[{\"realName\":\"丁政扬\",\"phone\":\"15972511761\",\"gender\":1,\"birthDate\":\"2004-11-29\",\"avatar\":\"https://yg-hospital.oss-cn-beijing.aliyuncs.com/avatar/7b9ae539-a0f7-440f-94c4-2ab340cb9c46.jpg\"},null]', '{\"code\":200,\"message\":\"更新成功\",\"timestamp\":\"1762919442007\"}', '0:0:0:0:0:0:0:1', 'Mozilla/5.0 (Windows NT 10.0; Win64; x64) AppleWebKit/537.36 (KHTML, like Gecko) Chrome/142.0.0.0 Safari/537.36', 29, 1, NULL, '2025-11-12 11:50:42');
INSERT INTO `operation_log` VALUES (1988454716036083713, 1986027188356419585, '2330220219', 'FILE', 'INSERT', '上传头像', 'POST', '/api/upload/avatar', '[{\"size\":\"45334\",\"name\":\"file\",\"contentType\":\"image/jpeg\",\"originalFilename\":\"头像.jpg\"}]', '{\"code\":200,\"message\":\"上传成功\",\"data\":\"https://yg-hospital.oss-cn-beijing.aliyuncs.com/avatar/36c31a79-9e19-420c-b31d-fd3f1670138e.jpg\",\"timestamp\":\"1762919522670\"}', '0:0:0:0:0:0:0:1', 'Mozilla/5.0 (Windows NT 10.0; Win64; x64) AppleWebKit/537.36 (KHTML, like Gecko) Chrome/142.0.0.0 Safari/537.36', 188, 1, NULL, '2025-11-12 11:52:03');
INSERT INTO `operation_log` VALUES (1988454754409771010, 1986027188356419585, '2330220219', 'FILE', 'INSERT', '上传头像', 'POST', '/api/upload/avatar', '[{\"size\":\"45334\",\"name\":\"file\",\"contentType\":\"image/jpeg\",\"originalFilename\":\"头像.jpg\"}]', '{\"code\":200,\"message\":\"上传成功\",\"data\":\"https://yg-hospital.oss-cn-beijing.aliyuncs.com/avatar/a159e048-6881-4e20-92fc-1b5d33796757.jpg\",\"timestamp\":\"1762919531818\"}', '0:0:0:0:0:0:0:1', 'Mozilla/5.0 (Windows NT 10.0; Win64; x64) AppleWebKit/537.36 (KHTML, like Gecko) Chrome/142.0.0.0 Safari/537.36', 147, 1, NULL, '2025-11-12 11:52:12');
INSERT INTO `operation_log` VALUES (1988454757807157250, 1986027188356419585, '2330220219', 'USER', 'UPDATE', '更新用户信息', 'PUT', '/api/user/info', '[{\"realName\":\"丁政扬\",\"phone\":\"15972511761\",\"gender\":1,\"birthDate\":\"2004-11-29\",\"avatar\":\"https://yg-hospital.oss-cn-beijing.aliyuncs.com/avatar/a159e048-6881-4e20-92fc-1b5d33796757.jpg\"},null]', '{\"code\":200,\"message\":\"更新成功\",\"timestamp\":\"1762919532621\"}', '0:0:0:0:0:0:0:1', 'Mozilla/5.0 (Windows NT 10.0; Win64; x64) AppleWebKit/537.36 (KHTML, like Gecko) Chrome/142.0.0.0 Safari/537.36', 23, 1, NULL, '2025-11-12 11:52:13');
INSERT INTO `operation_log` VALUES (1988455814226460673, 1986027188356419585, '2330220219', 'FILE', 'INSERT', '上传头像', 'POST', '/api/upload/avatar', '[{\"size\":\"39361\",\"name\":\"file\",\"contentType\":\"image/jpeg\",\"originalFilename\":\"2.jpg\"}]', '{\"code\":200,\"message\":\"上传成功\",\"data\":\"https://yg-hospital.oss-cn-beijing.aliyuncs.com/avatar/18f1914f-7d20-49d7-a966-5804347b0622.jpg\",\"timestamp\":\"1762919784484\"}', '0:0:0:0:0:0:0:1', 'Mozilla/5.0 (Windows NT 10.0; Win64; x64) AppleWebKit/537.36 (KHTML, like Gecko) Chrome/142.0.0.0 Safari/537.36', 566, 1, NULL, '2025-11-12 11:56:24');
INSERT INTO `operation_log` VALUES (1988455831095951361, 1986027188356419585, '2330220219', 'FILE', 'INSERT', '上传头像', 'POST', '/api/upload/avatar', '[{\"size\":\"39361\",\"name\":\"file\",\"contentType\":\"image/jpeg\",\"originalFilename\":\"2.jpg\"}]', '{\"code\":200,\"message\":\"上传成功\",\"data\":\"https://yg-hospital.oss-cn-beijing.aliyuncs.com/avatar/25eede6c-e942-49fb-bea0-afdeda91397a.jpg\",\"timestamp\":\"1762919788524\"}', '0:0:0:0:0:0:0:1', 'Mozilla/5.0 (Windows NT 10.0; Win64; x64) AppleWebKit/537.36 (KHTML, like Gecko) Chrome/142.0.0.0 Safari/537.36', 164, 1, NULL, '2025-11-12 11:56:29');
INSERT INTO `operation_log` VALUES (1988455836452077570, 1986027188356419585, '2330220219', 'USER', 'UPDATE', '更新用户信息', 'PUT', '/api/user/info', '[{\"realName\":\"丁政扬\",\"phone\":\"15972511761\",\"gender\":1,\"birthDate\":\"2004-11-29\",\"avatar\":\"https://yg-hospital.oss-cn-beijing.aliyuncs.com/avatar/25eede6c-e942-49fb-bea0-afdeda91397a.jpg\"},null]', '{\"code\":200,\"message\":\"更新成功\",\"timestamp\":\"1762919789787\"}', '0:0:0:0:0:0:0:1', 'Mozilla/5.0 (Windows NT 10.0; Win64; x64) AppleWebKit/537.36 (KHTML, like Gecko) Chrome/142.0.0.0 Safari/537.36', 55, 1, NULL, '2025-11-12 11:56:30');
INSERT INTO `operation_log` VALUES (1988456489110945793, 1986027188356419585, '2330220219', 'FILE', 'INSERT', '上传头像', 'POST', '/api/upload/avatar', '[{\"size\":\"45334\",\"name\":\"file\",\"contentType\":\"image/jpeg\",\"originalFilename\":\"头像.jpg\"}]', '{\"code\":200,\"message\":\"上传成功\",\"data\":\"https://yg-hospital.oss-cn-beijing.aliyuncs.com/avatar/b802476e-64e6-422e-8586-d4f0f9071706.jpg\",\"timestamp\":\"1762919945397\"}', '0:0:0:0:0:0:0:1', 'Mozilla/5.0 (Windows NT 10.0; Win64; x64) AppleWebKit/537.36 (KHTML, like Gecko) Chrome/142.0.0.0 Safari/537.36', 261, 1, NULL, '2025-11-12 11:59:05');
INSERT INTO `operation_log` VALUES (1988456490750918658, 1986027188356419585, '2330220219', 'USER', 'UPDATE', '更新用户信息', 'PUT', '/api/user/info', '[{\"realName\":\"丁政扬\",\"phone\":\"15972511761\",\"gender\":1,\"birthDate\":\"2004-11-29\",\"avatar\":\"https://yg-hospital.oss-cn-beijing.aliyuncs.com/avatar/b802476e-64e6-422e-8586-d4f0f9071706.jpg\"},null]', '{\"code\":200,\"message\":\"更新成功\",\"timestamp\":\"1762919945786\"}', '0:0:0:0:0:0:0:1', 'Mozilla/5.0 (Windows NT 10.0; Win64; x64) AppleWebKit/537.36 (KHTML, like Gecko) Chrome/142.0.0.0 Safari/537.36', 36, 1, NULL, '2025-11-12 11:59:06');
INSERT INTO `operation_log` VALUES (1988457655022530561, 1986027188356419585, '2330220219', 'FILE', 'INSERT', '上传头像', 'POST', '/api/upload/avatar', '[{\"size\":\"39361\",\"name\":\"file\",\"contentType\":\"image/jpeg\",\"originalFilename\":\"2.jpg\"}]', '{\"code\":200,\"message\":\"上传成功\",\"data\":\"https://yg-hospital.oss-cn-beijing.aliyuncs.com/avatar/35b63004-a291-4f2f-9ff1-4e095c486f5b.jpg\",\"timestamp\":\"1762920223363\"}', '0:0:0:0:0:0:0:1', 'Mozilla/5.0 (Windows NT 10.0; Win64; x64) AppleWebKit/537.36 (KHTML, like Gecko) Chrome/142.0.0.0 Safari/537.36', 516, 1, NULL, '2025-11-12 12:03:43');
INSERT INTO `operation_log` VALUES (1988457659434938369, 1986027188356419585, '2330220219', 'USER', 'UPDATE', '更新用户信息', 'PUT', '/api/user/info', '[{\"realName\":\"丁政扬\",\"phone\":\"15972511761\",\"gender\":1,\"birthDate\":\"2004-11-29\",\"avatar\":\"https://yg-hospital.oss-cn-beijing.aliyuncs.com/avatar/35b63004-a291-4f2f-9ff1-4e095c486f5b.jpg\"},null]', '{\"code\":200,\"message\":\"更新成功\",\"timestamp\":\"1762920224418\"}', '0:0:0:0:0:0:0:1', 'Mozilla/5.0 (Windows NT 10.0; Win64; x64) AppleWebKit/537.36 (KHTML, like Gecko) Chrome/142.0.0.0 Safari/537.36', 125, 1, NULL, '2025-11-12 12:03:44');
INSERT INTO `operation_log` VALUES (1988467321668513793, NULL, NULL, 'AUTH', 'SELECT', '用户登录', 'POST', '/api/user/login', '[{\"username\":\"2330220219\",\"password\":\"123456\"}]', '{\"code\":200,\"message\":\"登录成功\",\"data\":{\"token\":\"eyJhbGciOiJIUzI1NiJ9.eyJzdWIiOiIyMzMwMjIwMjE5IiwidXNlcklkIjoxOTg2MDI3MTg4MzU2NDE5NTg1LCJyb2xlVHlwZSI6MSwiaWF0IjoxNzYyOTIyNTI4LCJleHAiOjE3NjMwMDg5Mjh9.Dlkkzwym9f7b7BJqaR730SiEZzU70GB8Ok5gH-bfW8M\",\"id\":\"1986027188356419585\",\"username\":\"2330220219\",\"realName\":\"丁政扬\",\"roleType\":1,\"phone\":\"15972511761\"},\"timestamp\":\"1762922528057\"}', '0:0:0:0:0:0:0:1', 'Mozilla/5.0 (Windows NT 10.0; Win64; x64) AppleWebKit/537.36 (KHTML, like Gecko) Chrome/142.0.0.0 Safari/537.36', 209, 1, NULL, '2025-11-12 12:42:08');
INSERT INTO `operation_log` VALUES (1988470084666339330, NULL, NULL, 'AUTH', 'SELECT', '用户登录', 'POST', '/api/user/login', '[{\"username\":\"admin\",\"password\":\"123456\"}]', '{\"code\":200,\"message\":\"登录成功\",\"data\":{\"token\":\"eyJhbGciOiJIUzI1NiJ9.eyJzdWIiOiJhZG1pbiIsInVzZXJJZCI6MTk4NjAyNzE4ODM1NjQxOTIwNSwicm9sZVR5cGUiOjMsImlhdCI6MTc2MjkyMzE4NiwiZXhwIjoxNzYzMDA5NTg2fQ.SLxIZSpLLL8h95tcnqhZL-z3SkAWBcTceBzYcKohcoA\",\"id\":\"1986027188356419205\",\"username\":\"admin\",\"realName\":\"系统管理员\",\"roleType\":3,\"phone\":\"13800138000\"},\"timestamp\":\"1762923186765\"}', '0:0:0:0:0:0:0:1', 'Mozilla/5.0 (Windows NT 10.0; Win64; x64) AppleWebKit/537.36 (KHTML, like Gecko) Chrome/142.0.0.0 Safari/537.36 Edg/142.0.0.0', 198, 1, NULL, '2025-11-12 12:53:07');
INSERT INTO `operation_log` VALUES (1988474801635106817, 1986027188356419205, 'admin', 'APPOINTMENT', 'UPDATE', '刷新预约列表缓存', 'POST', '/api/appointment/admin/refresh-cache', NULL, '{\"code\":200,\"message\":\"刷新成功\",\"timestamp\":\"1762924311431\"}', '0:0:0:0:0:0:0:1', 'Mozilla/5.0 (Windows NT 10.0; Win64; x64) AppleWebKit/537.36 (KHTML, like Gecko) Chrome/142.0.0.0 Safari/537.36 Edg/142.0.0.0', 12, 1, NULL, '2025-11-12 13:11:51');
INSERT INTO `operation_log` VALUES (1988474814020886529, 1986027188356419205, 'admin', 'SCHEDULE', 'UPDATE', '刷新排班列表缓存', 'POST', '/api/schedule/admin/refresh-cache', NULL, '{\"code\":200,\"message\":\"刷新成功\",\"timestamp\":\"1762924314404\"}', '0:0:0:0:0:0:0:1', 'Mozilla/5.0 (Windows NT 10.0; Win64; x64) AppleWebKit/537.36 (KHTML, like Gecko) Chrome/142.0.0.0 Safari/537.36 Edg/142.0.0.0', 9, 1, NULL, '2025-11-12 13:11:54');
INSERT INTO `operation_log` VALUES (1988474816659103746, 1986027188356419205, 'admin', 'SCHEDULE', 'UPDATE', '刷新排班列表缓存', 'POST', '/api/schedule/admin/refresh-cache', NULL, '{\"code\":200,\"message\":\"刷新成功\",\"timestamp\":\"1762924315027\"}', '0:0:0:0:0:0:0:1', 'Mozilla/5.0 (Windows NT 10.0; Win64; x64) AppleWebKit/537.36 (KHTML, like Gecko) Chrome/142.0.0.0 Safari/537.36 Edg/142.0.0.0', 9, 1, NULL, '2025-11-12 13:11:55');
INSERT INTO `operation_log` VALUES (1988474892303376386, 1986027188356419585, '2330220219', 'FILE', 'INSERT', '上传头像', 'POST', '/api/upload/avatar', '[{\"size\":\"45334\",\"name\":\"file\",\"contentType\":\"image/jpeg\",\"originalFilename\":\"头像.jpg\"}]', '{\"code\":200,\"message\":\"上传成功\",\"data\":\"https://yg-hospital.oss-cn-beijing.aliyuncs.com/avatar/3155dd79-6f80-4828-a846-4f50985e8fa9.jpg\",\"timestamp\":\"1762924333068\"}', '0:0:0:0:0:0:0:1', 'Mozilla/5.0 (Windows NT 10.0; Win64; x64) AppleWebKit/537.36 (KHTML, like Gecko) Chrome/142.0.0.0 Safari/537.36', 317, 1, NULL, '2025-11-12 13:12:13');
INSERT INTO `operation_log` VALUES (1988474897034551298, 1986027188356419585, '2330220219', 'USER', 'UPDATE', '更新用户信息', 'PUT', '/api/user/info', '[{\"realName\":\"丁政扬\",\"phone\":\"15972511761\",\"gender\":1,\"birthDate\":\"2004-11-29\",\"avatar\":\"https://yg-hospital.oss-cn-beijing.aliyuncs.com/avatar/3155dd79-6f80-4828-a846-4f50985e8fa9.jpg\"},null]', '{\"code\":200,\"message\":\"更新成功\",\"timestamp\":\"1762924334180\"}', '0:0:0:0:0:0:0:1', 'Mozilla/5.0 (Windows NT 10.0; Win64; x64) AppleWebKit/537.36 (KHTML, like Gecko) Chrome/142.0.0.0 Safari/537.36', 33, 1, NULL, '2025-11-12 13:12:14');
INSERT INTO `operation_log` VALUES (1988475063783301122, 1986027188356419205, 'admin', 'DOCTOR', 'UPDATE', '刷新医生列表缓存', 'POST', '/api/doctor/admin/refresh-cache', NULL, '{\"code\":200,\"message\":\"刷新成功\",\"timestamp\":\"1762924373948\"}', '0:0:0:0:0:0:0:1', 'Mozilla/5.0 (Windows NT 10.0; Win64; x64) AppleWebKit/537.36 (KHTML, like Gecko) Chrome/142.0.0.0 Safari/537.36 Edg/142.0.0.0', 67, 1, NULL, '2025-11-12 13:12:54');
INSERT INTO `operation_log` VALUES (1988476389925756930, 1986027188356419585, '2330220219', 'FILE', 'INSERT', '上传头像', 'POST', '/api/upload/avatar', '[{\"size\":\"39361\",\"name\":\"file\",\"contentType\":\"image/jpeg\",\"originalFilename\":\"2.jpg\"}]', '{\"code\":200,\"message\":\"上传成功\",\"data\":\"https://yg-hospital.oss-cn-beijing.aliyuncs.com/avatar/38882544-dd14-4f52-8f13-e46a83f034ba.jpg\",\"timestamp\":\"1762924690122\"}', '0:0:0:0:0:0:0:1', 'Mozilla/5.0 (Windows NT 10.0; Win64; x64) AppleWebKit/537.36 (KHTML, like Gecko) Chrome/142.0.0.0 Safari/537.36', 210, 1, NULL, '2025-11-12 13:18:10');
INSERT INTO `operation_log` VALUES (1988476393667076097, 1986027188356419585, '2330220219', 'USER', 'UPDATE', '更新用户信息', 'PUT', '/api/user/info', '[{\"realName\":\"丁政扬\",\"phone\":\"15972511761\",\"gender\":1,\"birthDate\":\"2004-11-29\",\"avatar\":\"https://yg-hospital.oss-cn-beijing.aliyuncs.com/avatar/38882544-dd14-4f52-8f13-e46a83f034ba.jpg\"},null]', '{\"code\":200,\"message\":\"更新成功\",\"timestamp\":\"1762924691020\"}', '0:0:0:0:0:0:0:1', 'Mozilla/5.0 (Windows NT 10.0; Win64; x64) AppleWebKit/537.36 (KHTML, like Gecko) Chrome/142.0.0.0 Safari/537.36', 14, 1, NULL, '2025-11-12 13:18:11');
INSERT INTO `operation_log` VALUES (1988482122314588162, 1986027188356419205, 'admin', 'USER', 'INSERT', '添加用户', 'POST', '/api/system/user', '[{\"username\":\"test\",\"realName\":\"test\",\"phone\":\"15762855782\",\"email\":\"test@qq.com\",\"gender\":2,\"birthDate\":\"2025-11-12\",\"idCard\":\"421221200488752462\",\"address\":\"上海市上海市长宁区武汉工程科技学院\",\"roleType\":1,\"status\":1},null]', '{\"code\":200,\"message\":\"操作成功\",\"data\":true,\"timestamp\":\"1762926056840\"}', '0:0:0:0:0:0:0:1', 'Mozilla/5.0 (Windows NT 10.0; Win64; x64) AppleWebKit/537.36 (KHTML, like Gecko) Chrome/142.0.0.0 Safari/537.36 Edg/142.0.0.0', 127, 1, NULL, '2025-11-12 13:40:57');
INSERT INTO `operation_log` VALUES (1988482176442081281, 1986027188356419205, 'admin', 'DOCTOR', 'UPDATE', '刷新医生列表缓存', 'POST', '/api/doctor/admin/refresh-cache', NULL, '{\"code\":200,\"message\":\"刷新成功\",\"timestamp\":\"1762926069740\"}', '0:0:0:0:0:0:0:1', 'Mozilla/5.0 (Windows NT 10.0; Win64; x64) AppleWebKit/537.36 (KHTML, like Gecko) Chrome/142.0.0.0 Safari/537.36 Edg/142.0.0.0', 41, 1, NULL, '2025-11-12 13:41:10');
INSERT INTO `operation_log` VALUES (1988482196235001858, 1986027188356419205, 'admin', 'DOCTOR', 'UPDATE', '更新医生状态', 'PUT', '/api/doctor/1986293953716432897/status', '[\"1986293953716432897\",{\"status\":0}]', '{\"code\":200,\"message\":\"禁用成功\",\"timestamp\":\"1762926074458\"}', '0:0:0:0:0:0:0:1', 'Mozilla/5.0 (Windows NT 10.0; Win64; x64) AppleWebKit/537.36 (KHTML, like Gecko) Chrome/142.0.0.0 Safari/537.36 Edg/142.0.0.0', 52, 1, NULL, '2025-11-12 13:41:14');
INSERT INTO `operation_log` VALUES (1988482208088104962, 1986027188356419205, 'admin', 'DOCTOR', 'UPDATE', '更新医生状态', 'PUT', '/api/doctor/1986293953716432897/status', '[\"1986293953716432897\",{\"status\":1}]', '{\"code\":200,\"message\":\"启用成功\",\"timestamp\":\"1762926077282\"}', '0:0:0:0:0:0:0:1', 'Mozilla/5.0 (Windows NT 10.0; Win64; x64) AppleWebKit/537.36 (KHTML, like Gecko) Chrome/142.0.0.0 Safari/537.36 Edg/142.0.0.0', 36, 1, NULL, '2025-11-12 13:41:17');
INSERT INTO `operation_log` VALUES (1988482215650435073, 1986027188356419205, 'admin', 'DOCTOR', 'UPDATE', '更新医生状态', 'PUT', '/api/doctor/1986307376001003521/status', '[\"1986307376001003521\",{\"status\":0}]', '{\"code\":200,\"message\":\"禁用成功\",\"timestamp\":\"1762926079080\"}', '0:0:0:0:0:0:0:1', 'Mozilla/5.0 (Windows NT 10.0; Win64; x64) AppleWebKit/537.36 (KHTML, like Gecko) Chrome/142.0.0.0 Safari/537.36 Edg/142.0.0.0', 30, 1, NULL, '2025-11-12 13:41:19');
INSERT INTO `operation_log` VALUES (1988482223137267714, 1986027188356419205, 'admin', 'DOCTOR', 'UPDATE', '更新医生状态', 'PUT', '/api/doctor/1986307376001003521/status', '[\"1986307376001003521\",{\"status\":1}]', '{\"code\":200,\"message\":\"启用成功\",\"timestamp\":\"1762926080872\"}', '0:0:0:0:0:0:0:1', 'Mozilla/5.0 (Windows NT 10.0; Win64; x64) AppleWebKit/537.36 (KHTML, like Gecko) Chrome/142.0.0.0 Safari/537.36 Edg/142.0.0.0', 39, 1, NULL, '2025-11-12 13:41:21');
INSERT INTO `operation_log` VALUES (1988482255496323073, 1986027188356419205, 'admin', 'DOCTOR', 'UPDATE', '刷新医生列表缓存', 'POST', '/api/doctor/admin/refresh-cache', NULL, '{\"code\":200,\"message\":\"刷新成功\",\"timestamp\":\"1762926088585\"}', '0:0:0:0:0:0:0:1', 'Mozilla/5.0 (Windows NT 10.0; Win64; x64) AppleWebKit/537.36 (KHTML, like Gecko) Chrome/142.0.0.0 Safari/537.36 Edg/142.0.0.0', 33, 1, NULL, '2025-11-12 13:41:29');
INSERT INTO `operation_log` VALUES (1988482276316848129, 1986027188356419205, 'admin', 'SCHEDULE', 'UPDATE', '刷新排班列表缓存', 'POST', '/api/schedule/admin/refresh-cache', NULL, '{\"code\":200,\"message\":\"刷新成功\",\"timestamp\":\"1762926093548\"}', '0:0:0:0:0:0:0:1', 'Mozilla/5.0 (Windows NT 10.0; Win64; x64) AppleWebKit/537.36 (KHTML, like Gecko) Chrome/142.0.0.0 Safari/537.36 Edg/142.0.0.0', 6, 1, NULL, '2025-11-12 13:41:34');
INSERT INTO `operation_log` VALUES (1988486094135926785, 1986027188356419205, 'admin', 'DOCTOR', 'UPDATE', '刷新医生列表缓存', 'POST', '/api/doctor/admin/refresh-cache', NULL, '{\"code\":200,\"message\":\"刷新成功\",\"timestamp\":\"1762927003796\"}', '0:0:0:0:0:0:0:1', 'Mozilla/5.0 (Windows NT 10.0; Win64; x64) AppleWebKit/537.36 (KHTML, like Gecko) Chrome/142.0.0.0 Safari/537.36 Edg/142.0.0.0', 38, 1, NULL, '2025-11-12 13:56:44');
INSERT INTO `operation_log` VALUES (1988486505865584641, 1986027188356419205, 'admin', 'DOCTOR', 'UPDATE', '刷新医生列表缓存', 'POST', '/api/doctor/admin/refresh-cache', NULL, '{\"code\":200,\"message\":\"刷新成功\",\"timestamp\":\"1762927101948\"}', '0:0:0:0:0:0:0:1', 'Mozilla/5.0 (Windows NT 10.0; Win64; x64) AppleWebKit/537.36 (KHTML, like Gecko) Chrome/142.0.0.0 Safari/537.36 Edg/142.0.0.0', 58, 1, NULL, '2025-11-12 13:58:22');
INSERT INTO `operation_log` VALUES (1988488655115116545, 1986027188356419205, 'admin', 'USER', 'UPDATE', '更新用户信息', 'PUT', '/api/system/user', '[{\"id\":\"1988482122251673601\",\"username\":\"test\",\"realName\":\"test\",\"phone\":\"15762855781\",\"email\":\"test@qq.com\",\"gender\":2,\"birthDate\":\"2025-11-12\",\"idCard\":\"421221200488752462\",\"address\":\"上海市上海市长宁区武汉工程科技学院\",\"roleType\":1,\"status\":1},null]', '{\"code\":200,\"message\":\"操作成功\",\"data\":true,\"timestamp\":\"1762927614362\"}', '0:0:0:0:0:0:0:1', 'Mozilla/5.0 (Windows NT 10.0; Win64; x64) AppleWebKit/537.36 (KHTML, like Gecko) Chrome/142.0.0.0 Safari/537.36 Edg/142.0.0.0', 56, 1, NULL, '2025-11-12 14:06:54');
INSERT INTO `operation_log` VALUES (1988491071441068034, 1986027188356419205, 'admin', 'DOCTOR', 'UPDATE', '刷新医生列表缓存', 'POST', '/api/doctor/admin/refresh-cache', NULL, '{\"code\":200,\"message\":\"刷新成功\",\"timestamp\":\"1762928190477\"}', '0:0:0:0:0:0:0:1', 'Mozilla/5.0 (Windows NT 10.0; Win64; x64) AppleWebKit/537.36 (KHTML, like Gecko) Chrome/142.0.0.0 Safari/537.36 Edg/142.0.0.0', 75, 1, NULL, '2025-11-12 14:16:30');
INSERT INTO `operation_log` VALUES (1988491110569730050, 1986027188356419205, 'admin', 'DOCTOR', 'UPDATE', '刷新医生列表缓存', 'POST', '/api/doctor/admin/refresh-cache', NULL, '{\"code\":200,\"message\":\"刷新成功\",\"timestamp\":\"1762928199807\"}', '0:0:0:0:0:0:0:1', 'Mozilla/5.0 (Windows NT 10.0; Win64; x64) AppleWebKit/537.36 (KHTML, like Gecko) Chrome/142.0.0.0 Safari/537.36 Edg/142.0.0.0', 45, 1, NULL, '2025-11-12 14:16:40');
INSERT INTO `operation_log` VALUES (1988491661856464898, 1986027188356419205, 'admin', 'DOCTOR', 'UPDATE', '刷新医生列表缓存', 'POST', '/api/doctor/admin/refresh-cache', NULL, '{\"code\":200,\"message\":\"刷新成功\",\"timestamp\":\"1762928331234\"}', '0:0:0:0:0:0:0:1', 'Mozilla/5.0 (Windows NT 10.0; Win64; x64) AppleWebKit/537.36 (KHTML, like Gecko) Chrome/142.0.0.0 Safari/537.36 Edg/142.0.0.0', 41, 1, NULL, '2025-11-12 14:18:51');
INSERT INTO `operation_log` VALUES (1988496092983451649, 1986027188356419205, 'admin', 'DOCTOR', 'UPDATE', '刷新医生列表缓存', 'POST', '/api/doctor/admin/refresh-cache', NULL, '{\"code\":200,\"message\":\"刷新成功\",\"timestamp\":\"1762929387708\"}', '0:0:0:0:0:0:0:1', 'Mozilla/5.0 (Windows NT 10.0; Win64; x64) AppleWebKit/537.36 (KHTML, like Gecko) Chrome/142.0.0.0 Safari/537.36 Edg/142.0.0.0', 63, 1, NULL, '2025-11-12 14:36:28');
INSERT INTO `operation_log` VALUES (1988496796292734977, 1986027188356419205, 'admin', 'DOCTOR', 'UPDATE', '刷新医生列表缓存', 'POST', '/api/doctor/admin/refresh-cache', NULL, '{\"code\":200,\"message\":\"刷新成功\",\"timestamp\":\"1762929555384\"}', '0:0:0:0:0:0:0:1', 'Mozilla/5.0 (Windows NT 10.0; Win64; x64) AppleWebKit/537.36 (KHTML, like Gecko) Chrome/142.0.0.0 Safari/537.36 Edg/142.0.0.0', 41, 1, NULL, '2025-11-12 14:39:15');
INSERT INTO `operation_log` VALUES (1988497134722736130, 1986027188356419205, 'admin', 'DOCTOR', 'UPDATE', '刷新医生列表缓存', 'POST', '/api/doctor/admin/refresh-cache', NULL, '{\"code\":200,\"message\":\"刷新成功\",\"timestamp\":\"1762929636070\"}', '0:0:0:0:0:0:0:1', 'Mozilla/5.0 (Windows NT 10.0; Win64; x64) AppleWebKit/537.36 (KHTML, like Gecko) Chrome/142.0.0.0 Safari/537.36 Edg/142.0.0.0', 56, 1, NULL, '2025-11-12 14:40:36');
INSERT INTO `operation_log` VALUES (1988497167929040897, 1986027188356419205, 'admin', 'DOCTOR', 'UPDATE', '刷新医生列表缓存', 'POST', '/api/doctor/admin/refresh-cache', NULL, '{\"code\":200,\"message\":\"刷新成功\",\"timestamp\":\"1762929643982\"}', '0:0:0:0:0:0:0:1', 'Mozilla/5.0 (Windows NT 10.0; Win64; x64) AppleWebKit/537.36 (KHTML, like Gecko) Chrome/142.0.0.0 Safari/537.36 Edg/142.0.0.0', 35, 1, NULL, '2025-11-12 14:40:44');
INSERT INTO `operation_log` VALUES (1988497587841785857, 1986027188356419205, 'admin', 'DOCTOR', 'UPDATE', '刷新医生列表缓存', 'POST', '/api/doctor/admin/refresh-cache', NULL, '{\"code\":200,\"message\":\"刷新成功\",\"timestamp\":\"1762929744110\"}', '0:0:0:0:0:0:0:1', 'Mozilla/5.0 (Windows NT 10.0; Win64; x64) AppleWebKit/537.36 (KHTML, like Gecko) Chrome/142.0.0.0 Safari/537.36 Edg/142.0.0.0', 35, 1, NULL, '2025-11-12 14:42:24');
INSERT INTO `operation_log` VALUES (1988497670868033537, 1986027188356419205, 'admin', 'DOCTOR', 'UPDATE', '刷新医生列表缓存', 'POST', '/api/doctor/admin/refresh-cache', NULL, '{\"code\":200,\"message\":\"刷新成功\",\"timestamp\":\"1762929763895\"}', '0:0:0:0:0:0:0:1', 'Mozilla/5.0 (Windows NT 10.0; Win64; x64) AppleWebKit/537.36 (KHTML, like Gecko) Chrome/142.0.0.0 Safari/537.36 Edg/142.0.0.0', 37, 1, NULL, '2025-11-12 14:42:44');
INSERT INTO `operation_log` VALUES (1988497846802309121, 1986027188356419205, 'admin', 'DOCTOR', 'UPDATE', '刷新医生列表缓存', 'POST', '/api/doctor/admin/refresh-cache', NULL, '{\"code\":200,\"message\":\"刷新成功\",\"timestamp\":\"1762929805845\"}', '0:0:0:0:0:0:0:1', 'Mozilla/5.0 (Windows NT 10.0; Win64; x64) AppleWebKit/537.36 (KHTML, like Gecko) Chrome/142.0.0.0 Safari/537.36 Edg/142.0.0.0', 42, 1, NULL, '2025-11-12 14:43:26');
INSERT INTO `operation_log` VALUES (1988497892960624642, 1986027188356419205, 'admin', 'DOCTOR', 'UPDATE', '刷新医生列表缓存', 'POST', '/api/doctor/admin/refresh-cache', NULL, '{\"code\":200,\"message\":\"刷新成功\",\"timestamp\":\"1762929816855\"}', '0:0:0:0:0:0:0:1', 'Mozilla/5.0 (Windows NT 10.0; Win64; x64) AppleWebKit/537.36 (KHTML, like Gecko) Chrome/142.0.0.0 Safari/537.36 Edg/142.0.0.0', 49, 1, NULL, '2025-11-12 14:43:37');
INSERT INTO `operation_log` VALUES (1988497984467755010, 1986027188356419205, 'admin', 'DOCTOR', 'UPDATE', '刷新医生列表缓存', 'POST', '/api/doctor/admin/refresh-cache', NULL, '{\"code\":200,\"message\":\"刷新成功\",\"timestamp\":\"1762929838670\"}', '0:0:0:0:0:0:0:1', 'Mozilla/5.0 (Windows NT 10.0; Win64; x64) AppleWebKit/537.36 (KHTML, like Gecko) Chrome/142.0.0.0 Safari/537.36 Edg/142.0.0.0', 32, 1, NULL, '2025-11-12 14:43:59');
INSERT INTO `operation_log` VALUES (1988498228282646530, 1986027188356419205, 'admin', 'SCHEDULE', 'UPDATE', '刷新排班列表缓存', 'POST', '/api/schedule/admin/refresh-cache', NULL, '{\"code\":200,\"message\":\"刷新成功\",\"timestamp\":\"1762929896798\"}', '0:0:0:0:0:0:0:1', 'Mozilla/5.0 (Windows NT 10.0; Win64; x64) AppleWebKit/537.36 (KHTML, like Gecko) Chrome/142.0.0.0 Safari/537.36 Edg/142.0.0.0', 6, 1, NULL, '2025-11-12 14:44:57');
INSERT INTO `operation_log` VALUES (1988498350705991681, 1986027188356419205, 'admin', 'DOCTOR', 'UPDATE', '刷新医生列表缓存', 'POST', '/api/doctor/admin/refresh-cache', NULL, '{\"code\":200,\"message\":\"刷新成功\",\"timestamp\":\"1762929925990\"}', '0:0:0:0:0:0:0:1', 'Mozilla/5.0 (Windows NT 10.0; Win64; x64) AppleWebKit/537.36 (KHTML, like Gecko) Chrome/142.0.0.0 Safari/537.36 Edg/142.0.0.0', 36, 1, NULL, '2025-11-12 14:45:26');
INSERT INTO `operation_log` VALUES (1988498356183752706, 1986027188356419205, 'admin', 'SCHEDULE', 'UPDATE', '刷新排班列表缓存', 'POST', '/api/schedule/admin/refresh-cache', NULL, '{\"code\":200,\"message\":\"刷新成功\",\"timestamp\":\"1762929927290\"}', '0:0:0:0:0:0:0:1', 'Mozilla/5.0 (Windows NT 10.0; Win64; x64) AppleWebKit/537.36 (KHTML, like Gecko) Chrome/142.0.0.0 Safari/537.36 Edg/142.0.0.0', 8, 1, NULL, '2025-11-12 14:45:27');
INSERT INTO `operation_log` VALUES (1988498389507497986, 1986027188356419205, 'admin', 'APPOINTMENT', 'UPDATE', '刷新预约列表缓存', 'POST', '/api/appointment/admin/refresh-cache', NULL, '{\"code\":200,\"message\":\"刷新成功\",\"timestamp\":\"1762929935230\"}', '0:0:0:0:0:0:0:1', 'Mozilla/5.0 (Windows NT 10.0; Win64; x64) AppleWebKit/537.36 (KHTML, like Gecko) Chrome/142.0.0.0 Safari/537.36 Edg/142.0.0.0', 4, 1, NULL, '2025-11-12 14:45:35');
INSERT INTO `operation_log` VALUES (1988498433715462146, 1986027188356419205, 'admin', 'SCHEDULE', 'UPDATE', '刷新排班列表缓存', 'POST', '/api/schedule/admin/refresh-cache', NULL, '{\"code\":200,\"message\":\"刷新成功\",\"timestamp\":\"1762929945778\"}', '0:0:0:0:0:0:0:1', 'Mozilla/5.0 (Windows NT 10.0; Win64; x64) AppleWebKit/537.36 (KHTML, like Gecko) Chrome/142.0.0.0 Safari/537.36 Edg/142.0.0.0', 6, 1, NULL, '2025-11-12 14:45:46');
INSERT INTO `operation_log` VALUES (1988498588837601281, 1986027188356419205, 'admin', 'APPOINTMENT', 'UPDATE', '刷新预约列表缓存', 'POST', '/api/appointment/admin/refresh-cache', NULL, '{\"code\":200,\"message\":\"刷新成功\",\"timestamp\":\"1762929982754\"}', '0:0:0:0:0:0:0:1', 'Mozilla/5.0 (Windows NT 10.0; Win64; x64) AppleWebKit/537.36 (KHTML, like Gecko) Chrome/142.0.0.0 Safari/537.36 Edg/142.0.0.0', 4, 1, NULL, '2025-11-12 14:46:23');
INSERT INTO `operation_log` VALUES (1988498738263875586, 1986027188356419205, 'admin', 'SCHEDULE', 'UPDATE', '刷新排班列表缓存', 'POST', '/api/schedule/admin/refresh-cache', NULL, '{\"code\":200,\"message\":\"刷新成功\",\"timestamp\":\"1762930018387\"}', '0:0:0:0:0:0:0:1', 'Mozilla/5.0 (Windows NT 10.0; Win64; x64) AppleWebKit/537.36 (KHTML, like Gecko) Chrome/142.0.0.0 Safari/537.36 Edg/142.0.0.0', 8, 1, NULL, '2025-11-12 14:46:58');
INSERT INTO `operation_log` VALUES (1988498744643411969, 1986027188356419205, 'admin', 'SCHEDULE', 'UPDATE', '刷新排班列表缓存', 'POST', '/api/schedule/admin/refresh-cache', NULL, '{\"code\":200,\"message\":\"刷新成功\",\"timestamp\":\"1762930019905\"}', '0:0:0:0:0:0:0:1', 'Mozilla/5.0 (Windows NT 10.0; Win64; x64) AppleWebKit/537.36 (KHTML, like Gecko) Chrome/142.0.0.0 Safari/537.36 Edg/142.0.0.0', 4, 1, NULL, '2025-11-12 14:47:00');
INSERT INTO `operation_log` VALUES (1988498744899264514, 1986027188356419205, 'admin', 'APPOINTMENT', 'UPDATE', '刷新预约列表缓存', 'POST', '/api/appointment/admin/refresh-cache', NULL, '{\"code\":200,\"message\":\"刷新成功\",\"timestamp\":\"1762930019974\"}', '0:0:0:0:0:0:0:1', 'Mozilla/5.0 (Windows NT 10.0; Win64; x64) AppleWebKit/537.36 (KHTML, like Gecko) Chrome/142.0.0.0 Safari/537.36 Edg/142.0.0.0', 4, 1, NULL, '2025-11-12 14:47:00');
INSERT INTO `operation_log` VALUES (1988498752331571201, 1986027188356419205, 'admin', 'SCHEDULE', 'UPDATE', '刷新排班列表缓存', 'POST', '/api/schedule/admin/refresh-cache', NULL, '{\"code\":200,\"message\":\"刷新成功\",\"timestamp\":\"1762930021735\"}', '0:0:0:0:0:0:0:1', 'Mozilla/5.0 (Windows NT 10.0; Win64; x64) AppleWebKit/537.36 (KHTML, like Gecko) Chrome/142.0.0.0 Safari/537.36 Edg/142.0.0.0', 5, 1, NULL, '2025-11-12 14:47:02');
INSERT INTO `operation_log` VALUES (1988500041698369537, 1986027188356419205, 'admin', 'AUTH', 'UPDATE', '用户退出登录', 'POST', '/api/user/logout', '[null]', '{\"code\":200,\"message\":\"操作成功\",\"data\":true,\"timestamp\":\"1762930329151\"}', '0:0:0:0:0:0:0:1', 'Mozilla/5.0 (Windows NT 10.0; Win64; x64) AppleWebKit/537.36 (KHTML, like Gecko) Chrome/142.0.0.0 Safari/537.36 Edg/142.0.0.0', 25, 1, NULL, '2025-11-12 14:52:09');
INSERT INTO `operation_log` VALUES (1988500049738850305, NULL, NULL, 'AUTH', 'SELECT', '用户登录', 'POST', '/api/user/login', '[{\"username\":\"admin\",\"password\":\"123456\"}]', '{\"code\":200,\"message\":\"登录成功\",\"data\":{\"token\":\"eyJhbGciOiJIUzI1NiJ9.eyJzdWIiOiJhZG1pbiIsInVzZXJJZCI6MTk4NjAyNzE4ODM1NjQxOTIwNSwicm9sZVR5cGUiOjMsImlhdCI6MTc2MjkzMDMzMSwiZXhwIjoxNzYzMDE2NzMxfQ.5cZA_e0yk_kI4-Rvh11pDJEl5oBF6GyJlrzqhwM9QaA\",\"id\":\"1986027188356419205\",\"username\":\"admin\",\"realName\":\"系统管理员\",\"roleType\":3,\"phone\":\"13800138000\"},\"timestamp\":\"1762930331068\"}', '0:0:0:0:0:0:0:1', 'Mozilla/5.0 (Windows NT 10.0; Win64; x64) AppleWebKit/537.36 (KHTML, like Gecko) Chrome/142.0.0.0 Safari/537.36 Edg/142.0.0.0', 109, 1, NULL, '2025-11-12 14:52:11');
INSERT INTO `operation_log` VALUES (1988500278160601090, 1986027188356419205, 'admin', 'AUTH', 'UPDATE', '用户退出登录', 'POST', '/api/user/logout', '[null]', '{\"code\":200,\"message\":\"操作成功\",\"data\":true,\"timestamp\":\"1762930385485\"}', '0:0:0:0:0:0:0:1', 'Mozilla/5.0 (Windows NT 10.0; Win64; x64) AppleWebKit/537.36 (KHTML, like Gecko) Chrome/142.0.0.0 Safari/537.36 Edg/142.0.0.0', 152, 1, NULL, '2025-11-12 14:53:06');
INSERT INTO `operation_log` VALUES (1988500310460936194, NULL, NULL, 'AUTH', 'SELECT', '用户登录', 'POST', '/api/user/login', '[{\"username\":\"admin\",\"password\":\"123456\"}]', '{\"code\":200,\"message\":\"登录成功\",\"data\":{\"token\":\"eyJhbGciOiJIUzI1NiJ9.eyJzdWIiOiJhZG1pbiIsInVzZXJJZCI6MTk4NjAyNzE4ODM1NjQxOTIwNSwicm9sZVR5cGUiOjMsImlhdCI6MTc2MjkzMDM5MywiZXhwIjoxNzYzMDE2NzkzfQ.yCFUiCL5n-z6dild2OJ2Xgtb7UlxgKTmRwuyagGHlSc\",\"id\":\"1986027188356419205\",\"username\":\"admin\",\"realName\":\"系统管理员\",\"roleType\":3,\"phone\":\"13800138000\"},\"timestamp\":\"1762930393226\"}', '0:0:0:0:0:0:0:1', 'Mozilla/5.0 (Windows NT 10.0; Win64; x64) AppleWebKit/537.36 (KHTML, like Gecko) Chrome/142.0.0.0 Safari/537.36 Edg/142.0.0.0', 204, 1, NULL, '2025-11-12 14:53:13');
INSERT INTO `operation_log` VALUES (1988500321101885442, 1986027188356419205, 'admin', 'APPOINTMENT', 'UPDATE', '刷新预约列表缓存', 'POST', '/api/appointment/admin/refresh-cache', NULL, '{\"code\":200,\"message\":\"刷新成功\",\"timestamp\":\"1762930395760\"}', '0:0:0:0:0:0:0:1', 'Mozilla/5.0 (Windows NT 10.0; Win64; x64) AppleWebKit/537.36 (KHTML, like Gecko) Chrome/142.0.0.0 Safari/537.36 Edg/142.0.0.0', 8, 1, NULL, '2025-11-12 14:53:16');
INSERT INTO `operation_log` VALUES (1988501604579880961, 1986027188356419585, '2330220219', 'AUTH', 'UPDATE', '用户退出登录', 'POST', '/api/user/logout', '[null]', '{\"code\":200,\"message\":\"操作成功\",\"data\":true,\"timestamp\":\"1762930701758\"}', '0:0:0:0:0:0:0:1', 'Mozilla/5.0 (Windows NT 10.0; Win64; x64) AppleWebKit/537.36 (KHTML, like Gecko) Chrome/142.0.0.0 Safari/537.36', 25, 1, NULL, '2025-11-12 14:58:22');
INSERT INTO `operation_log` VALUES (1988501643305889793, NULL, NULL, 'AUTH', 'SELECT', '用户登录', 'POST', '/api/user/login', '[{\"username\":\"2330220219\",\"password\":\"123456\"}]', '{\"code\":200,\"message\":\"登录成功\",\"data\":{\"token\":\"eyJhbGciOiJIUzI1NiJ9.eyJzdWIiOiIyMzMwMjIwMjE5IiwidXNlcklkIjoxOTg2MDI3MTg4MzU2NDE5NTg1LCJyb2xlVHlwZSI6MSwiaWF0IjoxNzYyOTMwNzEwLCJleHAiOjE3NjMwMTcxMTB9.LUu-68X1KJMF5Ft6pSByH9ciZF1j8iFQ6UWPLVcY1K4\",\"id\":\"1986027188356419585\",\"username\":\"2330220219\",\"realName\":\"丁政扬\",\"roleType\":1,\"phone\":\"15972511761\"},\"timestamp\":\"1762930711004\"}', '0:0:0:0:0:0:0:1', 'Mozilla/5.0 (Windows NT 10.0; Win64; x64) AppleWebKit/537.36 (KHTML, like Gecko) Chrome/142.0.0.0 Safari/537.36', 98, 1, NULL, '2025-11-12 14:58:31');
INSERT INTO `operation_log` VALUES (1988503954690355202, 1986027188356419205, 'admin', 'SCHEDULE', 'UPDATE', '刷新排班列表缓存', 'POST', '/api/schedule/admin/refresh-cache', NULL, '{\"code\":200,\"message\":\"刷新成功\",\"timestamp\":\"1762931262082\"}', '0:0:0:0:0:0:0:1', 'Mozilla/5.0 (Windows NT 10.0; Win64; x64) AppleWebKit/537.36 (KHTML, like Gecko) Chrome/142.0.0.0 Safari/537.36 Edg/142.0.0.0', 7, 1, NULL, '2025-11-12 15:07:42');
INSERT INTO `operation_log` VALUES (1988503958385537026, 1986027188356419205, 'admin', 'APPOINTMENT', 'UPDATE', '刷新预约列表缓存', 'POST', '/api/appointment/admin/refresh-cache', NULL, '{\"code\":200,\"message\":\"刷新成功\",\"timestamp\":\"1762931262960\"}', '0:0:0:0:0:0:0:1', 'Mozilla/5.0 (Windows NT 10.0; Win64; x64) AppleWebKit/537.36 (KHTML, like Gecko) Chrome/142.0.0.0 Safari/537.36 Edg/142.0.0.0', 7, 1, NULL, '2025-11-12 15:07:43');
INSERT INTO `operation_log` VALUES (1988504724609380354, 1986027188356419205, 'admin', 'SYSTEM', 'SELECT', '导出操作日志', 'GET', '/api/system/logs/export', '[{\"operationModule\":\"\",\"operationType\":\"\"},null]', 'null', '0:0:0:0:0:0:0:1', 'Mozilla/5.0 (Windows NT 10.0; Win64; x64) AppleWebKit/537.36 (KHTML, like Gecko) Chrome/142.0.0.0 Safari/537.36 Edg/142.0.0.0', 2158, 1, NULL, '2025-11-12 15:10:46');
INSERT INTO `operation_log` VALUES (1988509186258317314, 1986027188356419585, '2330220219', 'AUTH', 'UPDATE', '用户退出登录', 'POST', '/api/user/logout', '[null]', '{\"code\":200,\"message\":\"操作成功\",\"data\":true,\"timestamp\":\"1762932509369\"}', '0:0:0:0:0:0:0:1', 'Mozilla/5.0 (Windows NT 10.0; Win64; x64) AppleWebKit/537.36 (KHTML, like Gecko) Chrome/142.0.0.0 Safari/537.36', 41, 1, NULL, '2025-11-12 15:28:29');
INSERT INTO `operation_log` VALUES (1988509219179409410, NULL, NULL, 'AUTH', 'SELECT', '用户登录', 'POST', '/api/user/login', '[{\"username\":\"2330220219\",\"password\":\"123456\"}]', '{\"code\":200,\"message\":\"登录成功\",\"data\":{\"token\":\"eyJhbGciOiJIUzI1NiJ9.eyJzdWIiOiIyMzMwMjIwMjE5IiwidXNlcklkIjoxOTg2MDI3MTg4MzU2NDE5NTg1LCJyb2xlVHlwZSI6MSwiaWF0IjoxNzYyOTMyNTE3LCJleHAiOjE3NjMwMTg5MTd9.hnQptYDafxHiUKxcXs371UuZNaZbvv2Q8PIiHiTF_hk\",\"id\":\"1986027188356419585\",\"username\":\"2330220219\",\"realName\":\"丁政扬\",\"roleType\":1,\"phone\":\"15972511761\"},\"timestamp\":\"1762932517224\"}', '0:0:0:0:0:0:0:1', 'Mozilla/5.0 (Windows NT 10.0; Win64; x64) AppleWebKit/537.36 (KHTML, like Gecko) Chrome/142.0.0.0 Safari/537.36', 130, 1, NULL, '2025-11-12 15:28:37');
INSERT INTO `operation_log` VALUES (1988509620695937026, 1986027188356419585, '2330220219', 'AUTH', 'UPDATE', '用户退出登录', 'POST', '/api/user/logout', '[null]', '{\"code\":200,\"message\":\"操作成功\",\"data\":true,\"timestamp\":\"1762932612929\"}', '0:0:0:0:0:0:0:1', 'Mozilla/5.0 (Windows NT 10.0; Win64; x64) AppleWebKit/537.36 (KHTML, like Gecko) Chrome/142.0.0.0 Safari/537.36', 68, 1, NULL, '2025-11-12 15:30:13');
INSERT INTO `operation_log` VALUES (1988509640702767106, NULL, NULL, 'AUTH', 'SELECT', '用户登录', 'POST', '/api/user/login', '[{\"username\":\"2330220219\",\"password\":\"123456\"}]', '{\"code\":200,\"message\":\"登录成功\",\"data\":{\"token\":\"eyJhbGciOiJIUzI1NiJ9.eyJzdWIiOiIyMzMwMjIwMjE5IiwidXNlcklkIjoxOTg2MDI3MTg4MzU2NDE5NTg1LCJyb2xlVHlwZSI6MSwiaWF0IjoxNzYyOTMyNjE3LCJleHAiOjE3NjMwMTkwMTd9.nus7BEXkbo1voelt4OZSNO_Wl20kWxqcqKUbEnDmx-k\",\"id\":\"1986027188356419585\",\"username\":\"2330220219\",\"realName\":\"丁政扬\",\"roleType\":1,\"phone\":\"15972511761\"},\"timestamp\":\"1762932617722\"}', '0:0:0:0:0:0:0:1', 'Mozilla/5.0 (Windows NT 10.0; Win64; x64) AppleWebKit/537.36 (KHTML, like Gecko) Chrome/142.0.0.0 Safari/537.36', 167, 1, NULL, '2025-11-12 15:30:18');
INSERT INTO `operation_log` VALUES (1988513087262949377, 1986027188356419585, '2330220219', 'AUTH', 'UPDATE', '用户退出登录', 'POST', '/api/user/logout', '[null]', '{\"code\":200,\"message\":\"操作成功\",\"data\":true,\"timestamp\":\"1762933439380\"}', '0:0:0:0:0:0:0:1', 'Mozilla/5.0 (Windows NT 10.0; Win64; x64) AppleWebKit/537.36 (KHTML, like Gecko) Chrome/142.0.0.0 Safari/537.36', 252, 1, NULL, '2025-11-12 15:43:59');
INSERT INTO `operation_log` VALUES (1988513131596742657, 1986027188356419585, '2330220219', 'AUTH', 'SELECT', '用户登录', 'POST', '/api/user/login', '[{\"username\":\"2330220219\",\"password\":\"123456\"}]', '{\"code\":200,\"message\":\"登录成功\",\"data\":{\"token\":\"eyJhbGciOiJIUzI1NiJ9.eyJzdWIiOiIyMzMwMjIwMjE5IiwidXNlcklkIjoxOTg2MDI3MTg4MzU2NDE5NTg1LCJyb2xlVHlwZSI6MSwiaWF0IjoxNzYyOTMzNDQ5LCJleHAiOjE3NjMwMTk4NDl9.gBvGUia5eyx3MHflwANLcMHXtcAFpHYaDYWQp7WKjs8\",\"id\":\"1986027188356419585\",\"username\":\"2330220219\",\"realName\":\"丁政扬\",\"roleType\":1,\"phone\":\"15972511761\"},\"timestamp\":\"1762933450014\"}', '0:0:0:0:0:0:0:1', 'Mozilla/5.0 (Windows NT 10.0; Win64; x64) AppleWebKit/537.36 (KHTML, like Gecko) Chrome/142.0.0.0 Safari/537.36', 292, 1, NULL, '2025-11-12 15:44:10');
INSERT INTO `operation_log` VALUES (1988513222332121089, 1986027188356419585, '2330220219', 'AUTH', 'UPDATE', '用户退出登录', 'POST', '/api/user/logout', '[null]', '{\"code\":200,\"message\":\"操作成功\",\"data\":true,\"timestamp\":\"1762933471621\"}', '0:0:0:0:0:0:0:1', 'Mozilla/5.0 (Windows NT 10.0; Win64; x64) AppleWebKit/537.36 (KHTML, like Gecko) Chrome/142.0.0.0 Safari/537.36', 52, 1, NULL, '2025-11-12 15:44:32');
INSERT INTO `operation_log` VALUES (1988513242657718273, 1986027188356419205, 'admin', 'AUTH', 'UPDATE', '用户退出登录', 'POST', '/api/user/logout', '[null]', '{\"code\":200,\"message\":\"操作成功\",\"data\":true,\"timestamp\":\"1762933476474\"}', '0:0:0:0:0:0:0:1', 'Mozilla/5.0 (Windows NT 10.0; Win64; x64) AppleWebKit/537.36 (KHTML, like Gecko) Chrome/142.0.0.0 Safari/537.36 Edg/142.0.0.0', 58, 1, NULL, '2025-11-12 15:44:37');
INSERT INTO `operation_log` VALUES (1988513248206782466, 1986027188356419205, 'admin', 'AUTH', 'SELECT', '用户登录', 'POST', '/api/user/login', '[{\"username\":\"admin\",\"password\":\"123456\"}]', '{\"code\":200,\"message\":\"登录成功\",\"data\":{\"token\":\"eyJhbGciOiJIUzI1NiJ9.eyJzdWIiOiJhZG1pbiIsInVzZXJJZCI6MTk4NjAyNzE4ODM1NjQxOTIwNSwicm9sZVR5cGUiOjMsImlhdCI6MTc2MjkzMzQ3NywiZXhwIjoxNzYzMDE5ODc3fQ.lE4XeHYD03k4-oePWZUywejSZtPtAMedQLlJXsZRrU8\",\"id\":\"1986027188356419205\",\"username\":\"admin\",\"realName\":\"系统管理员\",\"roleType\":3,\"phone\":\"13800138000\"},\"timestamp\":\"1762933477822\"}', '0:0:0:0:0:0:0:1', 'Mozilla/5.0 (Windows NT 10.0; Win64; x64) AppleWebKit/537.36 (KHTML, like Gecko) Chrome/142.0.0.0 Safari/537.36 Edg/142.0.0.0', 233, 1, NULL, '2025-11-12 15:44:38');
INSERT INTO `operation_log` VALUES (1988513359435530242, 1986027188356419205, 'admin', 'AUTH', 'UPDATE', '用户退出登录', 'POST', '/api/user/logout', '[null]', '{\"code\":200,\"message\":\"操作成功\",\"data\":true,\"timestamp\":\"1762933504317\"}', '0:0:0:0:0:0:0:1', 'Mozilla/5.0 (Windows NT 10.0; Win64; x64) AppleWebKit/537.36 (KHTML, like Gecko) Chrome/142.0.0.0 Safari/537.36 Edg/142.0.0.0', 52, 1, NULL, '2025-11-12 15:45:04');
INSERT INTO `operation_log` VALUES (1988513365437579265, 1986027188356419205, 'admin', 'AUTH', 'SELECT', '用户登录', 'POST', '/api/user/login', '[{\"username\":\"admin\",\"password\":\"123456\"}]', '{\"code\":200,\"message\":\"登录成功\",\"data\":{\"token\":\"eyJhbGciOiJIUzI1NiJ9.eyJzdWIiOiJhZG1pbiIsInVzZXJJZCI6MTk4NjAyNzE4ODM1NjQxOTIwNSwicm9sZVR5cGUiOjMsImlhdCI6MTc2MjkzMzUwNSwiZXhwIjoxNzYzMDE5OTA1fQ.Mk6sCdcQGiVfeJ0raQLnsIrhSheN7Pid6By8UVNyWtA\",\"id\":\"1986027188356419205\",\"username\":\"admin\",\"realName\":\"系统管理员\",\"roleType\":3,\"phone\":\"13800138000\"},\"timestamp\":\"1762933505768\"}', '0:0:0:0:0:0:0:1', 'Mozilla/5.0 (Windows NT 10.0; Win64; x64) AppleWebKit/537.36 (KHTML, like Gecko) Chrome/142.0.0.0 Safari/537.36 Edg/142.0.0.0', 268, 1, NULL, '2025-11-12 15:45:06');
INSERT INTO `operation_log` VALUES (1988513500162818050, 1986307375942283266, '1234', 'AUTH', 'SELECT', '用户登录', 'POST', '/api/user/login', '[{\"username\":\"1234\",\"password\":\"123456\"}]', '{\"code\":200,\"message\":\"登录成功\",\"data\":{\"token\":\"eyJhbGciOiJIUzI1NiJ9.eyJzdWIiOiIxMjM0IiwidXNlcklkIjoxOTg2MzA3Mzc1OTQyMjgzMjY2LCJyb2xlVHlwZSI6MiwiaWF0IjoxNzYyOTMzNTM3LCJleHAiOjE3NjMwMTk5Mzd9.JKzVajuMKSfFyWikS-wnkiE1AOVV98p-T-LjnI812LY\",\"id\":\"1986307375942283266\",\"username\":\"1234\",\"realName\":\"李四\",\"roleType\":2,\"phone\":\"17582955871\",\"doctorId\":\"1986307376001003521\"},\"timestamp\":\"1762933537899\"}', '0:0:0:0:0:0:0:1', 'Mozilla/5.0 (Windows NT 10.0; Win64; x64) AppleWebKit/537.36 (KHTML, like Gecko) Chrome/142.0.0.0 Safari/537.36', 194, 1, NULL, '2025-11-12 15:45:38');
INSERT INTO `operation_log` VALUES (1988517470742642690, 1986307375942283266, '1234', 'AUTH', 'UPDATE', '用户退出登录', 'POST', '/api/user/logout', '[null]', '{\"code\":200,\"message\":\"操作成功\",\"data\":true,\"timestamp\":\"1762934484547\"}', '0:0:0:0:0:0:0:1', 'Mozilla/5.0 (Windows NT 10.0; Win64; x64) AppleWebKit/537.36 (KHTML, like Gecko) Chrome/142.0.0.0 Safari/537.36', 20, 1, NULL, '2025-11-12 16:01:25');
INSERT INTO `operation_log` VALUES (1988517498999668737, 1986293953498329089, '123', 'AUTH', 'SELECT', '用户登录', 'POST', '/api/user/login', '[{\"username\":\"123\",\"password\":\"123456\"}]', '{\"code\":200,\"message\":\"登录成功\",\"data\":{\"token\":\"eyJhbGciOiJIUzI1NiJ9.eyJzdWIiOiIxMjMiLCJ1c2VySWQiOjE5ODYyOTM5NTM0OTgzMjkwODksInJvbGVUeXBlIjoyLCJpYXQiOjE3NjI5MzQ0OTEsImV4cCI6MTc2MzAyMDg5MX0.GlEmmLM3ovEJ-cX21mLtAKGaTbc22eIlyjzwVWAAn3A\",\"id\":\"1986293953498329089\",\"username\":\"123\",\"realName\":\"张三\",\"roleType\":2,\"phone\":\"18182187904\",\"doctorId\":\"1986293953716432897\"},\"timestamp\":\"1762934491293\"}', '0:0:0:0:0:0:0:1', 'Mozilla/5.0 (Windows NT 10.0; Win64; x64) AppleWebKit/537.36 (KHTML, like Gecko) Chrome/142.0.0.0 Safari/537.36', 118, 1, NULL, '2025-11-12 16:01:31');
INSERT INTO `operation_log` VALUES (1988517520348676098, 1986293953498329089, '123', 'AUTH', 'UPDATE', '用户退出登录', 'POST', '/api/user/logout', '[null]', '{\"code\":200,\"message\":\"操作成功\",\"data\":true,\"timestamp\":\"1762934496374\"}', '0:0:0:0:0:0:0:1', 'Mozilla/5.0 (Windows NT 10.0; Win64; x64) AppleWebKit/537.36 (KHTML, like Gecko) Chrome/142.0.0.0 Safari/537.36', 26, 1, NULL, '2025-11-12 16:01:36');
INSERT INTO `operation_log` VALUES (1988517540695244802, 1986027188356419585, '2330220219', 'AUTH', 'SELECT', '用户登录', 'POST', '/api/user/login', '[{\"username\":\"2330220219\",\"password\":\"123456\"}]', '{\"code\":200,\"message\":\"登录成功\",\"data\":{\"token\":\"eyJhbGciOiJIUzI1NiJ9.eyJzdWIiOiIyMzMwMjIwMjE5IiwidXNlcklkIjoxOTg2MDI3MTg4MzU2NDE5NTg1LCJyb2xlVHlwZSI6MSwiaWF0IjoxNzYyOTM0NTAxLCJleHAiOjE3NjMwMjA5MDF9.f629YGJB7qjTmRq2rxw3riHzIwwTBJgmiK56Ov9Z9XE\",\"id\":\"1986027188356419585\",\"username\":\"2330220219\",\"realName\":\"丁政扬\",\"roleType\":1,\"phone\":\"15972511761\"},\"timestamp\":\"1762934501241\"}', '0:0:0:0:0:0:0:1', 'Mozilla/5.0 (Windows NT 10.0; Win64; x64) AppleWebKit/537.36 (KHTML, like Gecko) Chrome/142.0.0.0 Safari/537.36', 165, 1, NULL, '2025-11-12 16:01:41');
INSERT INTO `operation_log` VALUES (1988518398107451394, 1986027188356419205, 'admin', 'AUTH', 'UPDATE', '用户退出登录', 'POST', '/api/user/logout', '[null]', '{\"code\":200,\"message\":\"操作成功\",\"data\":true,\"timestamp\":\"1762934705652\"}', '0:0:0:0:0:0:0:1', 'Mozilla/5.0 (Windows NT 10.0; Win64; x64) AppleWebKit/537.36 (KHTML, like Gecko) Chrome/142.0.0.0 Safari/537.36 Edg/142.0.0.0', 25, 1, NULL, '2025-11-12 16:05:06');
INSERT INTO `operation_log` VALUES (1988518402276589569, 1986027188356419205, 'admin', 'AUTH', 'SELECT', '用户登录', 'POST', '/api/user/login', '[{\"username\":\"admin\",\"password\":\"123456\"}]', '{\"code\":200,\"message\":\"登录成功\",\"data\":{\"token\":\"eyJhbGciOiJIUzI1NiJ9.eyJzdWIiOiJhZG1pbiIsInVzZXJJZCI6MTk4NjAyNzE4ODM1NjQxOTIwNSwicm9sZVR5cGUiOjMsImlhdCI6MTc2MjkzNDcwNiwiZXhwIjoxNzYzMDIxMTA2fQ.S385OO6bKfCg_gBYFrzMgnoL-NBZNPvKbojICq5DISk\",\"id\":\"1986027188356419205\",\"username\":\"admin\",\"realName\":\"系统管理员\",\"roleType\":3,\"phone\":\"13800138000\"},\"timestamp\":\"1762934706657\"}', '0:0:0:0:0:0:0:1', 'Mozilla/5.0 (Windows NT 10.0; Win64; x64) AppleWebKit/537.36 (KHTML, like Gecko) Chrome/142.0.0.0 Safari/537.36 Edg/142.0.0.0', 173, 1, NULL, '2025-11-12 16:05:07');
INSERT INTO `operation_log` VALUES (1988518444525813761, 1986027188356419205, 'admin', 'APPOINTMENT', 'UPDATE', '刷新预约列表缓存', 'POST', '/api/appointment/admin/refresh-cache', NULL, '{\"code\":200,\"message\":\"刷新成功\",\"timestamp\":\"1762934716726\"}', '0:0:0:0:0:0:0:1', 'Mozilla/5.0 (Windows NT 10.0; Win64; x64) AppleWebKit/537.36 (KHTML, like Gecko) Chrome/142.0.0.0 Safari/537.36 Edg/142.0.0.0', 7, 1, NULL, '2025-11-12 16:05:17');
INSERT INTO `operation_log` VALUES (1988518446635548674, 1986027188356419205, 'admin', 'SCHEDULE', 'UPDATE', '刷新排班列表缓存', 'POST', '/api/schedule/admin/refresh-cache', NULL, '{\"code\":200,\"message\":\"刷新成功\",\"timestamp\":\"1762934717224\"}', '0:0:0:0:0:0:0:1', 'Mozilla/5.0 (Windows NT 10.0; Win64; x64) AppleWebKit/537.36 (KHTML, like Gecko) Chrome/142.0.0.0 Safari/537.36 Edg/142.0.0.0', 8, 1, NULL, '2025-11-12 16:05:17');
INSERT INTO `operation_log` VALUES (1988518448510402562, 1986027188356419205, 'admin', 'DOCTOR', 'UPDATE', '刷新医生列表缓存', 'POST', '/api/doctor/admin/refresh-cache', NULL, '{\"code\":200,\"message\":\"刷新成功\",\"timestamp\":\"1762934717682\"}', '0:0:0:0:0:0:0:1', 'Mozilla/5.0 (Windows NT 10.0; Win64; x64) AppleWebKit/537.36 (KHTML, like Gecko) Chrome/142.0.0.0 Safari/537.36 Edg/142.0.0.0', 35, 1, NULL, '2025-11-12 16:05:18');
INSERT INTO `operation_log` VALUES (1988518463370821634, 1986027188356419205, 'admin', 'DOCTOR', 'UPDATE', '刷新医生列表缓存', 'POST', '/api/doctor/admin/refresh-cache', NULL, '{\"code\":200,\"message\":\"刷新成功\",\"timestamp\":\"1762934721217\"}', '0:0:0:0:0:0:0:1', 'Mozilla/5.0 (Windows NT 10.0; Win64; x64) AppleWebKit/537.36 (KHTML, like Gecko) Chrome/142.0.0.0 Safari/537.36 Edg/142.0.0.0', 51, 1, NULL, '2025-11-12 16:05:21');
INSERT INTO `operation_log` VALUES (1988518475198758913, 1986027188356419205, 'admin', 'APPOINTMENT', 'UPDATE', '刷新预约列表缓存', 'POST', '/api/appointment/admin/refresh-cache', NULL, '{\"code\":200,\"message\":\"刷新成功\",\"timestamp\":\"1762934724039\"}', '0:0:0:0:0:0:0:1', 'Mozilla/5.0 (Windows NT 10.0; Win64; x64) AppleWebKit/537.36 (KHTML, like Gecko) Chrome/142.0.0.0 Safari/537.36 Edg/142.0.0.0', 6, 1, NULL, '2025-11-12 16:05:24');
INSERT INTO `operation_log` VALUES (1988518504915402753, 1986027188356419205, 'admin', 'SCHEDULE', 'UPDATE', '刷新排班列表缓存', 'POST', '/api/schedule/admin/refresh-cache', NULL, '{\"code\":200,\"message\":\"刷新成功\",\"timestamp\":\"1762934731119\"}', '0:0:0:0:0:0:0:1', 'Mozilla/5.0 (Windows NT 10.0; Win64; x64) AppleWebKit/537.36 (KHTML, like Gecko) Chrome/142.0.0.0 Safari/537.36 Edg/142.0.0.0', 7, 1, NULL, '2025-11-12 16:05:31');
INSERT INTO `operation_log` VALUES (1988518506203054081, 1986027188356419205, 'admin', 'APPOINTMENT', 'UPDATE', '刷新预约列表缓存', 'POST', '/api/appointment/admin/refresh-cache', NULL, '{\"code\":200,\"message\":\"刷新成功\",\"timestamp\":\"1762934731431\"}', '0:0:0:0:0:0:0:1', 'Mozilla/5.0 (Windows NT 10.0; Win64; x64) AppleWebKit/537.36 (KHTML, like Gecko) Chrome/142.0.0.0 Safari/537.36 Edg/142.0.0.0', 3, 1, NULL, '2025-11-12 16:05:31');
INSERT INTO `operation_log` VALUES (1988518508962906114, 1986027188356419205, 'admin', 'SCHEDULE', 'UPDATE', '刷新排班列表缓存', 'POST', '/api/schedule/admin/refresh-cache', NULL, '{\"code\":200,\"message\":\"刷新成功\",\"timestamp\":\"1762934732096\"}', '0:0:0:0:0:0:0:1', 'Mozilla/5.0 (Windows NT 10.0; Win64; x64) AppleWebKit/537.36 (KHTML, like Gecko) Chrome/142.0.0.0 Safari/537.36 Edg/142.0.0.0', 6, 1, NULL, '2025-11-12 16:05:32');
INSERT INTO `operation_log` VALUES (1988518521227051010, 1986027188356419205, 'admin', 'APPOINTMENT', 'UPDATE', '刷新预约列表缓存', 'POST', '/api/appointment/admin/refresh-cache', NULL, '{\"code\":200,\"message\":\"刷新成功\",\"timestamp\":\"1762934735010\"}', '0:0:0:0:0:0:0:1', 'Mozilla/5.0 (Windows NT 10.0; Win64; x64) AppleWebKit/537.36 (KHTML, like Gecko) Chrome/142.0.0.0 Safari/537.36 Edg/142.0.0.0', 7, 1, NULL, '2025-11-12 16:05:35');
INSERT INTO `operation_log` VALUES (1988518558229200897, 1986027188356419205, 'admin', 'DOCTOR', 'UPDATE', '刷新医生列表缓存', 'POST', '/api/doctor/admin/refresh-cache', NULL, '{\"code\":200,\"message\":\"刷新成功\",\"timestamp\":\"1762934743834\"}', '0:0:0:0:0:0:0:1', 'Mozilla/5.0 (Windows NT 10.0; Win64; x64) AppleWebKit/537.36 (KHTML, like Gecko) Chrome/142.0.0.0 Safari/537.36 Edg/142.0.0.0', 35, 1, NULL, '2025-11-12 16:05:44');
INSERT INTO `operation_log` VALUES (1988518669407617026, 1986027188356419205, 'admin', 'DOCTOR', 'UPDATE', '刷新医生列表缓存', 'POST', '/api/doctor/admin/refresh-cache', NULL, '{\"code\":200,\"message\":\"刷新成功\",\"timestamp\":\"1762934770336\"}', '0:0:0:0:0:0:0:1', 'Mozilla/5.0 (Windows NT 10.0; Win64; x64) AppleWebKit/537.36 (KHTML, like Gecko) Chrome/142.0.0.0 Safari/537.36 Edg/142.0.0.0', 41, 1, NULL, '2025-11-12 16:06:10');
INSERT INTO `operation_log` VALUES (1988518701112360961, 1986027188356419205, 'admin', 'SCHEDULE', 'UPDATE', '刷新排班列表缓存', 'POST', '/api/schedule/admin/refresh-cache', NULL, '{\"code\":200,\"message\":\"刷新成功\",\"timestamp\":\"1762934777894\"}', '0:0:0:0:0:0:0:1', 'Mozilla/5.0 (Windows NT 10.0; Win64; x64) AppleWebKit/537.36 (KHTML, like Gecko) Chrome/142.0.0.0 Safari/537.36 Edg/142.0.0.0', 5, 1, NULL, '2025-11-12 16:06:18');
INSERT INTO `operation_log` VALUES (1988518702790082561, 1986027188356419205, 'admin', 'APPOINTMENT', 'UPDATE', '刷新预约列表缓存', 'POST', '/api/appointment/admin/refresh-cache', NULL, '{\"code\":200,\"message\":\"刷新成功\",\"timestamp\":\"1762934778300\"}', '0:0:0:0:0:0:0:1', 'Mozilla/5.0 (Windows NT 10.0; Win64; x64) AppleWebKit/537.36 (KHTML, like Gecko) Chrome/142.0.0.0 Safari/537.36 Edg/142.0.0.0', 3, 1, NULL, '2025-11-12 16:06:18');
INSERT INTO `operation_log` VALUES (1988521589930852354, 1986027188356419205, 'admin', 'APPOINTMENT', 'UPDATE', '刷新预约列表缓存', 'POST', '/api/appointment/admin/refresh-cache', NULL, '{\"code\":200,\"message\":\"刷新成功\",\"timestamp\":\"1762935466643\"}', '0:0:0:0:0:0:0:1', 'Mozilla/5.0 (Windows NT 10.0; Win64; x64) AppleWebKit/537.36 (KHTML, like Gecko) Chrome/142.0.0.0 Safari/537.36 Edg/142.0.0.0', 4, 1, NULL, '2025-11-12 16:17:47');
INSERT INTO `operation_log` VALUES (1988521643416616962, 1986027188356419205, 'admin', 'APPOINTMENT', 'UPDATE', '刷新预约列表缓存', 'POST', '/api/appointment/admin/refresh-cache', NULL, '{\"code\":200,\"message\":\"刷新成功\",\"timestamp\":\"1762935479396\"}', '0:0:0:0:0:0:0:1', 'Mozilla/5.0 (Windows NT 10.0; Win64; x64) AppleWebKit/537.36 (KHTML, like Gecko) Chrome/142.0.0.0 Safari/537.36 Edg/142.0.0.0', 5, 1, NULL, '2025-11-12 16:17:59');
INSERT INTO `operation_log` VALUES (1988521757321330689, 1986027188356419205, 'admin', 'APPOINTMENT', 'UPDATE', '刷新预约列表缓存', 'POST', '/api/appointment/admin/refresh-cache', NULL, '{\"code\":200,\"message\":\"刷新成功\",\"timestamp\":\"1762935506550\"}', '0:0:0:0:0:0:0:1', 'Mozilla/5.0 (Windows NT 10.0; Win64; x64) AppleWebKit/537.36 (KHTML, like Gecko) Chrome/142.0.0.0 Safari/537.36 Edg/142.0.0.0', 4, 1, NULL, '2025-11-12 16:18:27');
INSERT INTO `operation_log` VALUES (1988521772236275714, 1986027188356419205, 'admin', 'SCHEDULE', 'UPDATE', '刷新排班列表缓存', 'POST', '/api/schedule/admin/refresh-cache', NULL, '{\"code\":200,\"message\":\"刷新成功\",\"timestamp\":\"1762935510107\"}', '0:0:0:0:0:0:0:1', 'Mozilla/5.0 (Windows NT 10.0; Win64; x64) AppleWebKit/537.36 (KHTML, like Gecko) Chrome/142.0.0.0 Safari/537.36 Edg/142.0.0.0', 6, 1, NULL, '2025-11-12 16:18:30');
INSERT INTO `operation_log` VALUES (1988521933805060098, 1986027188356419205, 'admin', 'SCHEDULE', 'UPDATE', '刷新排班列表缓存', 'POST', '/api/schedule/admin/refresh-cache', NULL, '{\"code\":200,\"message\":\"刷新成功\",\"timestamp\":\"1762935548635\"}', '0:0:0:0:0:0:0:1', 'Mozilla/5.0 (Windows NT 10.0; Win64; x64) AppleWebKit/537.36 (KHTML, like Gecko) Chrome/142.0.0.0 Safari/537.36 Edg/142.0.0.0', 6, 1, NULL, '2025-11-12 16:19:09');
INSERT INTO `operation_log` VALUES (1988521939844857857, 1986027188356419205, 'admin', 'APPOINTMENT', 'UPDATE', '刷新预约列表缓存', 'POST', '/api/appointment/admin/refresh-cache', NULL, '{\"code\":200,\"message\":\"刷新成功\",\"timestamp\":\"1762935550070\"}', '0:0:0:0:0:0:0:1', 'Mozilla/5.0 (Windows NT 10.0; Win64; x64) AppleWebKit/537.36 (KHTML, like Gecko) Chrome/142.0.0.0 Safari/537.36 Edg/142.0.0.0', 6, 1, NULL, '2025-11-12 16:19:10');
INSERT INTO `operation_log` VALUES (1988522263615766529, 1986027188356419205, 'admin', 'DOCTOR', 'UPDATE', '刷新医生列表缓存', 'POST', '/api/doctor/admin/refresh-cache', NULL, '{\"code\":200,\"message\":\"刷新成功\",\"timestamp\":\"1762935627263\"}', '0:0:0:0:0:0:0:1', 'Mozilla/5.0 (Windows NT 10.0; Win64; x64) AppleWebKit/537.36 (KHTML, like Gecko) Chrome/142.0.0.0 Safari/537.36 Edg/142.0.0.0', 33, 1, NULL, '2025-11-12 16:20:27');
INSERT INTO `operation_log` VALUES (1988522397829300225, 1986027188356419205, 'admin', 'DOCTOR', 'UPDATE', '刷新医生列表缓存', 'POST', '/api/doctor/admin/refresh-cache', NULL, '{\"code\":200,\"message\":\"刷新成功\",\"timestamp\":\"1762935659268\"}', '0:0:0:0:0:0:0:1', 'Mozilla/5.0 (Windows NT 10.0; Win64; x64) AppleWebKit/537.36 (KHTML, like Gecko) Chrome/142.0.0.0 Safari/537.36 Edg/142.0.0.0', 56, 1, NULL, '2025-11-12 16:20:59');
INSERT INTO `operation_log` VALUES (1988523255728046081, 1986027188356419205, 'admin', 'SCHEDULE', 'UPDATE', '刷新排班列表缓存', 'POST', '/api/schedule/admin/refresh-cache', NULL, '{\"code\":200,\"message\":\"刷新成功\",\"timestamp\":\"1762935863797\"}', '0:0:0:0:0:0:0:1', 'Mozilla/5.0 (Windows NT 10.0; Win64; x64) AppleWebKit/537.36 (KHTML, like Gecko) Chrome/142.0.0.0 Safari/537.36 Edg/142.0.0.0', 7, 1, NULL, '2025-11-12 16:24:24');
INSERT INTO `operation_log` VALUES (1988523506790694913, 1986027188356419585, '2330220219', 'AUTH', 'UPDATE', '用户退出登录', 'POST', '/api/user/logout', '[null]', '{\"code\":200,\"message\":\"操作成功\",\"data\":true,\"timestamp\":\"1762935923653\"}', '0:0:0:0:0:0:0:1', 'Mozilla/5.0 (Windows NT 10.0; Win64; x64) AppleWebKit/537.36 (KHTML, like Gecko) Chrome/142.0.0.0 Safari/537.36', 42, 1, NULL, '2025-11-12 16:25:24');
INSERT INTO `operation_log` VALUES (1988523536524115969, 1986307375942283266, '1234', 'AUTH', 'SELECT', '用户登录', 'POST', '/api/user/login', '[{\"username\":\"1234\",\"password\":\"123456\"}]', '{\"code\":200,\"message\":\"登录成功\",\"data\":{\"token\":\"eyJhbGciOiJIUzI1NiJ9.eyJzdWIiOiIxMjM0IiwidXNlcklkIjoxOTg2MzA3Mzc1OTQyMjgzMjY2LCJyb2xlVHlwZSI6MiwiaWF0IjoxNzYyOTM1OTMwLCJleHAiOjE3NjMwMjIzMzB9.PuO7XvPAz0Z4RqowED70AS70PWy-HKuGfFsmxh_nb_s\",\"id\":\"1986307375942283266\",\"username\":\"1234\",\"realName\":\"李四\",\"roleType\":2,\"phone\":\"17582955871\",\"doctorId\":\"1986307376001003521\"},\"timestamp\":\"1762935930745\"}', '0:0:0:0:0:0:0:1', 'Mozilla/5.0 (Windows NT 10.0; Win64; x64) AppleWebKit/537.36 (KHTML, like Gecko) Chrome/142.0.0.0 Safari/537.36', 230, 1, NULL, '2025-11-12 16:25:31');
INSERT INTO `operation_log` VALUES (1988523720574369794, 1986027188356419205, 'admin', 'DOCTOR', 'UPDATE', '刷新医生列表缓存', 'POST', '/api/doctor/admin/refresh-cache', NULL, '{\"code\":200,\"message\":\"刷新成功\",\"timestamp\":\"1762935974625\"}', '0:0:0:0:0:0:0:1', 'Mozilla/5.0 (Windows NT 10.0; Win64; x64) AppleWebKit/537.36 (KHTML, like Gecko) Chrome/142.0.0.0 Safari/537.36 Edg/142.0.0.0', 47, 1, NULL, '2025-11-12 16:26:15');
INSERT INTO `operation_log` VALUES (1988523726962294785, 1986027188356419205, 'admin', 'SCHEDULE', 'UPDATE', '刷新排班列表缓存', 'POST', '/api/schedule/admin/refresh-cache', NULL, '{\"code\":200,\"message\":\"刷新成功\",\"timestamp\":\"1762935976157\"}', '0:0:0:0:0:0:0:1', 'Mozilla/5.0 (Windows NT 10.0; Win64; x64) AppleWebKit/537.36 (KHTML, like Gecko) Chrome/142.0.0.0 Safari/537.36 Edg/142.0.0.0', 7, 1, NULL, '2025-11-12 16:26:16');
INSERT INTO `operation_log` VALUES (1988523740291792897, 1986027188356419205, 'admin', 'APPOINTMENT', 'UPDATE', '刷新预约列表缓存', 'POST', '/api/appointment/admin/refresh-cache', NULL, '{\"code\":200,\"message\":\"刷新成功\",\"timestamp\":\"1762935979330\"}', '0:0:0:0:0:0:0:1', 'Mozilla/5.0 (Windows NT 10.0; Win64; x64) AppleWebKit/537.36 (KHTML, like Gecko) Chrome/142.0.0.0 Safari/537.36 Edg/142.0.0.0', 5, 1, NULL, '2025-11-12 16:26:19');
INSERT INTO `operation_log` VALUES (1988523763532431361, 1986027188356419205, 'admin', 'APPOINTMENT', 'UPDATE', '刷新预约列表缓存', 'POST', '/api/appointment/admin/refresh-cache', NULL, '{\"code\":200,\"message\":\"刷新成功\",\"timestamp\":\"1762935984874\"}', '0:0:0:0:0:0:0:1', 'Mozilla/5.0 (Windows NT 10.0; Win64; x64) AppleWebKit/537.36 (KHTML, like Gecko) Chrome/142.0.0.0 Safari/537.36 Edg/142.0.0.0', 6, 1, NULL, '2025-11-12 16:26:25');
INSERT INTO `operation_log` VALUES (1988524401221828610, 1986027188356419205, 'admin', 'DOCTOR', 'UPDATE', '刷新医生列表缓存', 'POST', '/api/doctor/admin/refresh-cache', NULL, '{\"code\":200,\"message\":\"刷新成功\",\"timestamp\":\"1762936136911\"}', '0:0:0:0:0:0:0:1', 'Mozilla/5.0 (Windows NT 10.0; Win64; x64) AppleWebKit/537.36 (KHTML, like Gecko) Chrome/142.0.0.0 Safari/537.36 Edg/142.0.0.0', 46, 1, NULL, '2025-11-12 16:28:57');
INSERT INTO `operation_log` VALUES (1988524418854682626, 1986027188356419205, 'admin', 'SCHEDULE', 'UPDATE', '刷新排班列表缓存', 'POST', '/api/schedule/admin/refresh-cache', NULL, '{\"code\":200,\"message\":\"刷新成功\",\"timestamp\":\"1762936141109\"}', '0:0:0:0:0:0:0:1', 'Mozilla/5.0 (Windows NT 10.0; Win64; x64) AppleWebKit/537.36 (KHTML, like Gecko) Chrome/142.0.0.0 Safari/537.36 Edg/142.0.0.0', 5, 1, NULL, '2025-11-12 16:29:01');
INSERT INTO `operation_log` VALUES (1988528628698578945, 1986027188356419205, 'admin', 'AUTH', 'UPDATE', '用户退出登录', 'POST', '/api/user/logout', '[null]', '{\"code\":200,\"message\":\"操作成功\",\"data\":true,\"timestamp\":\"1762937144789\"}', '0:0:0:0:0:0:0:1', 'Mozilla/5.0 (Windows NT 10.0; Win64; x64) AppleWebKit/537.36 (KHTML, like Gecko) Chrome/142.0.0.0 Safari/537.36 Edg/142.0.0.0', 56, 1, NULL, '2025-11-12 16:45:45');
INSERT INTO `operation_log` VALUES (1988528639268225025, 1986027188356419585, '2330220219', 'AUTH', 'SELECT', '用户登录', 'POST', '/api/user/login', '[{\"username\":\"2330220219\",\"password\":\"123456\"}]', '{\"code\":200,\"message\":\"登录成功\",\"data\":{\"token\":\"eyJhbGciOiJIUzI1NiJ9.eyJzdWIiOiIyMzMwMjIwMjE5IiwidXNlcklkIjoxOTg2MDI3MTg4MzU2NDE5NTg1LCJyb2xlVHlwZSI6MSwiaWF0IjoxNzYyOTM3MTQ3LCJleHAiOjE3NjMwMjM1NDd9.wVyKTnVNJsg_ljwFl_GUiepZl_1zMcv_cf4f5VoOIrs\",\"id\":\"1986027188356419585\",\"username\":\"2330220219\",\"realName\":\"丁政扬\",\"roleType\":1,\"phone\":\"15972511761\"},\"timestamp\":\"1762937147348\"}', '0:0:0:0:0:0:0:1', 'Mozilla/5.0 (Windows NT 10.0; Win64; x64) AppleWebKit/537.36 (KHTML, like Gecko) Chrome/142.0.0.0 Safari/537.36 Edg/142.0.0.0', 145, 1, NULL, '2025-11-12 16:45:47');
INSERT INTO `operation_log` VALUES (1988528691168542722, 1986307375942283266, '1234', 'FILE', 'INSERT', '上传头像', 'POST', '/api/upload/avatar', '[{\"size\":\"45334\",\"name\":\"file\",\"contentType\":\"image/jpeg\",\"originalFilename\":\"头像.jpg\"}]', '{\"code\":200,\"message\":\"上传成功\",\"data\":\"https://yg-hospital.oss-cn-beijing.aliyuncs.com/avatar/1f776f4d-3f0a-4ba5-aae0-f1cde942eb45.jpg\",\"timestamp\":\"1762937159714\"}', '0:0:0:0:0:0:0:1', 'Mozilla/5.0 (Windows NT 10.0; Win64; x64) AppleWebKit/537.36 (KHTML, like Gecko) Chrome/142.0.0.0 Safari/537.36', 348, 1, NULL, '2025-11-12 16:46:00');
INSERT INTO `operation_log` VALUES (1988528697803931650, 1986307375942283266, '1234', 'DOCTOR', 'UPDATE', '更新医生个人信息', 'PUT', '/api/doctor/profile', '[{\"doctorName\":\"李四\",\"phone\":\"17582955871\",\"gender\":2,\"title\":\"主治中医师\",\"specialty\":\"博士\",\"introduction\":\"我是博士\",\"yearsOfExperience\":2},null]', '{\"code\":200,\"message\":\"更新成功\",\"timestamp\":\"1762937161293\"}', '0:0:0:0:0:0:0:1', 'Mozilla/5.0 (Windows NT 10.0; Win64; x64) AppleWebKit/537.36 (KHTML, like Gecko) Chrome/142.0.0.0 Safari/537.36', 80, 1, NULL, '2025-11-12 16:46:01');
INSERT INTO `operation_log` VALUES (1988529096304754690, 1986307375942283266, '1234', 'AUTH', 'SELECT', '用户登录', 'POST', '/api/user/login', '[{\"username\":\"1234\",\"password\":\"123456\"}]', '{\"code\":200,\"message\":\"登录成功\",\"data\":{\"token\":\"eyJhbGciOiJIUzI1NiJ9.eyJzdWIiOiIxMjM0IiwidXNlcklkIjoxOTg2MzA3Mzc1OTQyMjgzMjY2LCJyb2xlVHlwZSI6MiwiaWF0IjoxNzYyOTM3MjU2LCJleHAiOjE3NjMwMjM2NTZ9.XCf-bkJutwS3Gq7AVVsCYUXbj1N6cVk1ZozI-jxSqKc\",\"id\":\"1986307375942283266\",\"username\":\"1234\",\"realName\":\"李四\",\"roleType\":2,\"phone\":\"17582955871\",\"doctorId\":\"1986307376001003521\"},\"timestamp\":\"1762937256304\"}', '0:0:0:0:0:0:0:1', 'Mozilla/5.0 (Windows NT 10.0; Win64; x64) AppleWebKit/537.36 (KHTML, like Gecko) Chrome/142.0.0.0 Safari/537.36', 236, 1, NULL, '2025-11-12 16:47:36');
INSERT INTO `operation_log` VALUES (1988529220330323969, 1986307375942283266, '1234', 'FILE', 'INSERT', '上传头像', 'POST', '/api/upload/avatar', '[{\"size\":\"45334\",\"name\":\"file\",\"contentType\":\"image/jpeg\",\"originalFilename\":\"头像.jpg\"}]', '{\"code\":200,\"message\":\"上传成功\",\"data\":\"https://yg-hospital.oss-cn-beijing.aliyuncs.com/avatar/dee7f84f-40ed-41ef-b0ae-e26203385ec8.jpg\",\"timestamp\":\"1762937285874\"}', '0:0:0:0:0:0:0:1', 'Mozilla/5.0 (Windows NT 10.0; Win64; x64) AppleWebKit/537.36 (KHTML, like Gecko) Chrome/142.0.0.0 Safari/537.36', 200, 1, NULL, '2025-11-12 16:48:06');
INSERT INTO `operation_log` VALUES (1988529227401920513, 1986307375942283266, '1234', 'DOCTOR', 'UPDATE', '更新医生个人信息', 'PUT', '/api/doctor/profile', '[{\"doctorName\":\"李四\",\"phone\":\"\",\"gender\":1,\"title\":\"主治中医师\",\"specialty\":\"博士\",\"introduction\":\"我是博士\",\"yearsOfExperience\":2},null]', '{\"code\":200,\"message\":\"更新成功\",\"timestamp\":\"1762937287556\"}', '0:0:0:0:0:0:0:1', 'Mozilla/5.0 (Windows NT 10.0; Win64; x64) AppleWebKit/537.36 (KHTML, like Gecko) Chrome/142.0.0.0 Safari/537.36', 89, 1, NULL, '2025-11-12 16:48:08');
INSERT INTO `operation_log` VALUES (1988531238595981313, 1986307375942283266, '1234', 'AUTH', 'SELECT', '用户登录', 'POST', '/api/user/login', '[{\"username\":\"1234\",\"password\":\"123456\"}]', '{\"code\":200,\"message\":\"登录成功\",\"data\":{\"token\":\"eyJhbGciOiJIUzI1NiJ9.eyJzdWIiOiIxMjM0IiwidXNlcklkIjoxOTg2MzA3Mzc1OTQyMjgzMjY2LCJyb2xlVHlwZSI6MiwiaWF0IjoxNzYyOTM3NzY2LCJleHAiOjE3NjMwMjQxNjZ9.taI0mESJlmyTYUSTMfNa2tpO0h97m_p8pmdnV8L1h-A\",\"id\":\"1986307375942283266\",\"username\":\"1234\",\"realName\":\"李四\",\"roleType\":2,\"phone\":\"\",\"doctorId\":\"1986307376001003521\"},\"timestamp\":\"1762937767047\"}', '0:0:0:0:0:0:0:1', 'Mozilla/5.0 (Windows NT 10.0; Win64; x64) AppleWebKit/537.36 (KHTML, like Gecko) Chrome/142.0.0.0 Safari/537.36', 180, 1, NULL, '2025-11-12 16:56:07');
INSERT INTO `operation_log` VALUES (1988531304169730050, 1986307375942283266, '1234', 'FILE', 'INSERT', '上传头像', 'POST', '/api/upload/avatar', '[{\"size\":\"45334\",\"name\":\"file\",\"contentType\":\"image/jpeg\",\"originalFilename\":\"头像.jpg\"}]', '{\"code\":200,\"message\":\"上传成功\",\"data\":\"https://yg-hospital.oss-cn-beijing.aliyuncs.com/avatar/aedcec8b-f588-476b-91e8-fd5c78a40e95.jpg\",\"timestamp\":\"1762937782697\"}', '0:0:0:0:0:0:0:1', 'Mozilla/5.0 (Windows NT 10.0; Win64; x64) AppleWebKit/537.36 (KHTML, like Gecko) Chrome/142.0.0.0 Safari/537.36', 574, 1, NULL, '2025-11-12 16:56:23');
INSERT INTO `operation_log` VALUES (1988531310800924673, 1986307375942283266, '1234', 'DOCTOR', 'UPDATE', '更新医生个人信息', 'PUT', '/api/doctor/profile', '[{\"doctorName\":\"李四\",\"phone\":\"\",\"avatar\":\"https://yg-hospital.oss-cn-beijing.aliyuncs.com/avatar/aedcec8b-f588-476b-91e8-fd5c78a40e95.jpg\",\"gender\":1,\"title\":\"主治中医师\",\"specialty\":\"博士\",\"introduction\":\"我是博士\",\"yearsOfExperience\":2},null]', '{\"code\":200,\"message\":\"更新成功\",\"timestamp\":\"1762937784280\"}', '0:0:0:0:0:0:0:1', 'Mozilla/5.0 (Windows NT 10.0; Win64; x64) AppleWebKit/537.36 (KHTML, like Gecko) Chrome/142.0.0.0 Safari/537.36', 104, 1, NULL, '2025-11-12 16:56:24');
INSERT INTO `operation_log` VALUES (1988531616846704641, 1986027188356419205, 'admin', 'AUTH', 'SELECT', '用户登录', 'POST', '/api/user/login', '[{\"username\":\"admin\",\"password\":\"123456\"}]', '{\"code\":200,\"message\":\"登录成功\",\"data\":{\"token\":\"eyJhbGciOiJIUzI1NiJ9.eyJzdWIiOiJhZG1pbiIsInVzZXJJZCI6MTk4NjAyNzE4ODM1NjQxOTIwNSwicm9sZVR5cGUiOjMsImlhdCI6MTc2MjkzNzg1NywiZXhwIjoxNzYzMDI0MjU3fQ.4k75ngTp7xVWIyWFx4V_cj-UQKp_XxrIHr3DDenubGI\",\"id\":\"1986027188356419205\",\"username\":\"admin\",\"realName\":\"系统管理员\",\"roleType\":3,\"phone\":\"13800138000\"},\"timestamp\":\"1762937857255\"}', '0:0:0:0:0:0:0:1', 'Mozilla/5.0 (Windows NT 10.0; Win64; x64) AppleWebKit/537.36 (KHTML, like Gecko) Chrome/142.0.0.0 Safari/537.36 Edg/142.0.0.0', 104, 1, NULL, '2025-11-12 16:57:37');
INSERT INTO `operation_log` VALUES (1988532475894689793, 1986307375942283266, '1234', 'FILE', 'INSERT', '上传头像', 'POST', '/api/upload/avatar', '[{\"size\":\"45334\",\"name\":\"file\",\"contentType\":\"image/jpeg\",\"originalFilename\":\"头像.jpg\"}]', '{\"code\":200,\"message\":\"上传成功\",\"data\":\"https://yg-hospital.oss-cn-beijing.aliyuncs.com/avatar/697c0c12-a33c-4008-8ff6-af6d11ceea95.jpg\",\"timestamp\":\"1762938062066\"}', '0:0:0:0:0:0:0:1', 'Mozilla/5.0 (Windows NT 10.0; Win64; x64) AppleWebKit/537.36 (KHTML, like Gecko) Chrome/142.0.0.0 Safari/537.36', 234, 1, NULL, '2025-11-12 17:01:02');
INSERT INTO `operation_log` VALUES (1988532479149469698, 1986307375942283266, '1234', 'DOCTOR', 'UPDATE', '更新医生个人信息', 'PUT', '/api/doctor/profile', '[{\"doctorName\":\"李四\",\"phone\":\"\",\"avatar\":\"https://yg-hospital.oss-cn-beijing.aliyuncs.com/avatar/697c0c12-a33c-4008-8ff6-af6d11ceea95.jpg\",\"gender\":2,\"title\":\"主治中医师\",\"specialty\":\"博士\",\"introduction\":\"我是博士\",\"yearsOfExperience\":2},null]', '{\"code\":200,\"message\":\"更新成功\",\"timestamp\":\"1762938062838\"}', '0:0:0:0:0:0:0:1', 'Mozilla/5.0 (Windows NT 10.0; Win64; x64) AppleWebKit/537.36 (KHTML, like Gecko) Chrome/142.0.0.0 Safari/537.36', 71, 1, NULL, '2025-11-12 17:01:03');
INSERT INTO `operation_log` VALUES (1988535852284243969, 1986307375942283266, '1234', 'AUTH', 'UPDATE', '用户退出登录', 'POST', '/api/user/logout', '[null]', '{\"code\":200,\"message\":\"操作成功\",\"data\":true,\"timestamp\":\"1762938867018\"}', '0:0:0:0:0:0:0:1', 'Mozilla/5.0 (Windows NT 10.0; Win64; x64) AppleWebKit/537.36 (KHTML, like Gecko) Chrome/142.0.0.0 Safari/537.36', 47, 1, NULL, '2025-11-12 17:14:27');
INSERT INTO `operation_log` VALUES (1988535896051806210, 1986027188356419585, '2330220219', 'AUTH', 'SELECT', '用户登录', 'POST', '/api/user/login', '[{\"username\":\"2330220219\",\"password\":\"123456\"}]', '{\"code\":200,\"message\":\"登录成功\",\"data\":{\"token\":\"eyJhbGciOiJIUzI1NiJ9.eyJzdWIiOiIyMzMwMjIwMjE5IiwidXNlcklkIjoxOTg2MDI3MTg4MzU2NDE5NTg1LCJyb2xlVHlwZSI6MSwiaWF0IjoxNzYyOTM4ODc3LCJleHAiOjE3NjMwMjUyNzd9.JJa5K6Vxe_68L0R1oisXtdB8lDjmgakl3h_4qXB0SO8\",\"id\":\"1986027188356419585\",\"username\":\"2330220219\",\"realName\":\"丁政扬\",\"roleType\":1,\"phone\":\"15972511761\"},\"timestamp\":\"1762938877495\"}', '0:0:0:0:0:0:0:1', 'Mozilla/5.0 (Windows NT 10.0; Win64; x64) AppleWebKit/537.36 (KHTML, like Gecko) Chrome/142.0.0.0 Safari/537.36', 110, 1, NULL, '2025-11-12 17:14:37');
INSERT INTO `operation_log` VALUES (1988536120430292993, 1986027188356419585, '2330220219', 'APPOINTMENT', 'INSERT', '创建预约', 'POST', '/api/appointment/create', '[{\"doctorId\":\"1986307376001003521\",\"deptId\":\"1\",\"scheduleId\":\"1986307458708484097\",\"appointmentDate\":\"2025-11-12\",\"timeSlot\":\"EVENING\",\"consultationFee\":30},null]', '{\"code\":200,\"message\":\"操作成功\",\"data\":{\"id\":\"1988536120300269570\",\"patientId\":\"1986027188356419585\",\"doctorId\":\"1986307376001003521\",\"categoryId\":\"1\",\"deptId\":\"1\",\"scheduleId\":\"1986307458708484097\",\"appointmentDate\":\"2025-11-12\",\"timeSlot\":\"EVENING\",\"queueNumber\":1,\"patientName\":\"丁政扬\",\"patientPhone\":\"15972511761\",\"patientIdCard\":\"421221200411296191\",\"status\":\"CONFIRMED\",\"consultationFee\":30},\"timestamp\":\"1762938930978\"}', '0:0:0:0:0:0:0:1', 'Mozilla/5.0 (Windows NT 10.0; Win64; x64) AppleWebKit/537.36 (KHTML, like Gecko) Chrome/142.0.0.0 Safari/537.36', 90, 1, NULL, '2025-11-12 17:15:31');
INSERT INTO `operation_log` VALUES (1988536172099923969, 1986027188356419205, 'admin', 'AUTH', 'UPDATE', '用户退出登录', 'POST', '/api/user/logout', '[null]', '{\"code\":200,\"message\":\"操作成功\",\"data\":true,\"timestamp\":\"1762938943269\"}', '0:0:0:0:0:0:0:1', 'Mozilla/5.0 (Windows NT 10.0; Win64; x64) AppleWebKit/537.36 (KHTML, like Gecko) Chrome/142.0.0.0 Safari/537.36 Edg/142.0.0.0', 41, 1, NULL, '2025-11-12 17:15:43');
INSERT INTO `operation_log` VALUES (1988536249170259969, 1986307375942283266, '1234', 'AUTH', 'SELECT', '用户登录', 'POST', '/api/user/login', '[{\"username\":\"1234\",\"password\":\"123456\"}]', '{\"code\":200,\"message\":\"登录成功\",\"data\":{\"token\":\"eyJhbGciOiJIUzI1NiJ9.eyJzdWIiOiIxMjM0IiwidXNlcklkIjoxOTg2MzA3Mzc1OTQyMjgzMjY2LCJyb2xlVHlwZSI6MiwiaWF0IjoxNzYyOTM4OTYxLCJleHAiOjE3NjMwMjUzNjF9.SK2HtUqFB1J4JAuUNnsobwCcc6M_7aJXiJSQOvbuuCk\",\"id\":\"1986307375942283266\",\"username\":\"1234\",\"realName\":\"李四\",\"roleType\":2,\"phone\":\"\",\"doctorId\":\"1986307376001003521\"},\"timestamp\":\"1762938961688\"}', '0:0:0:0:0:0:0:1', 'Mozilla/5.0 (Windows NT 10.0; Win64; x64) AppleWebKit/537.36 (KHTML, like Gecko) Chrome/142.0.0.0 Safari/537.36 Edg/142.0.0.0', 167, 1, NULL, '2025-11-12 17:16:02');
INSERT INTO `operation_log` VALUES (1988536531346255874, 1986027188356419585, '2330220219', 'AUTH', 'SELECT', '用户登录', 'POST', '/api/user/login', '[{\"username\":\"2330220219\",\"password\":\"123456\"}]', '{\"code\":200,\"message\":\"登录成功\",\"data\":{\"token\":\"eyJhbGciOiJIUzI1NiJ9.eyJzdWIiOiIyMzMwMjIwMjE5IiwidXNlcklkIjoxOTg2MDI3MTg4MzU2NDE5NTg1LCJyb2xlVHlwZSI6MSwiaWF0IjoxNzYyOTM5MDI4LCJleHAiOjE3NjMwMjU0Mjh9.RrRKS1Pyn7Vl6g3ZDlB8g71Nvl8VvtAM7UbBkk4H54E\",\"id\":\"1986027188356419585\",\"username\":\"2330220219\",\"realName\":\"丁政扬\",\"roleType\":1,\"phone\":\"15972511761\"},\"timestamp\":\"1762939028953\"}', '0:0:0:0:0:0:0:1', 'python-requests/2.32.3', 162, 1, NULL, '2025-11-12 17:17:09');
INSERT INTO `operation_log` VALUES (1988536531937652738, 1986027188356419585, '2330220219', 'CONSTITUTION', 'INSERT', '提交体质测试', 'POST', '/api/constitution/test/submit', '[{\"answers\":{\"1\":\"4\",\"2\":\"6\",\"3\":\"14\",\"4\":\"18\",\"5\":\"24\",\"6\":\"30\",\"7\":\"32\",\"8\":\"37\",\"9\":\"42\",\"10\":\"47\",\"11\":\"54\",\"12\":\"57\",\"13\":\"63\",\"14\":\"68\",\"15\":\"74\",\"16\":\"77\",\"17\":\"84\",\"18\":\"89\",\"19\":\"95\",\"20\":\"98\",\"21\":\"105\",\"22\":\"107\",\"23\":\"115\",\"24\":\"118\",\"25\":\"122\",\"26\":\"128\",\"27\":\"132\",\"28\":\"137\",\"29\":\"144\",\"30\":\"149\",\"31\":\"153\",\"32\":\"156\",\"33\":\"164\",\"34\":\"169\",\"35\":\"175\",\"36\":\"179\",\"37\":\"185\",\"38\":\"186\",\"39\":\"194\",\"40\":\"197\",\"41\":\"205\",\"42\":\"207\",\"43\":\"214\",\"44\":\"219\",\"45\":\"222\",\"46\":\"227\",\"47\":\"235\",\"48\":\"240\",\"49\":\"244\",\"50\":\"247\",\"51\":\"252\",\"52\":\"256\",\"53\":\"263\",\"54\":\"267\",\"55\":\"273\",\"56\":\"279\",\"57\":\"281\",\"58\":\"288\",\"59\":\"295\",\"60\":\"300\",\"61\":\"305\",\"62\":\"307\",\"63\":\"312\",\"64\":\"320\",\"65\":\"324\",\"66\":\"327\"},\"appointmentId\":\"1988536120300269570\"},null]', '{\"code\":200,\"message\":\"操作成功\",\"data\":{\"id\":\"1988536531874738177\",\"primaryConstitution\":\"PINGHE\",\"primaryConstitutionName\":\"平和质\",\"secondaryConstitution\":\"TEBING\",\"secondaryConstitutionName\":\"特禀质\",\"scores\":{\"QIXU\":43.75,\"QIYU\":50.0,\"PINGHE\":64.29,\"YINXU\":53.13,\"TEBING\":64.29,\"SHIRE\":57.14,\"YANGXU\":64.29,\"XUEYU\":50.0,\"TANSHI\":59.38},\"testDate\":\"2025-11-12\",\"report\":\"【体质测试报告】\\n\\n您的主要体质是：平和质\\n得分：64.3分\\n\\n您的次要体质是：特禀质\\n得分：64.3分\\n\\n【主要特征】\\n体形匀称健壮，面色、肤色润泽，头发稠密有光泽，目光有神，不易疲劳，精力充沛，耐受寒热，睡眠良好，胃纳佳，二便正常\\n\\n【易患疾病】\\n较少生病\\n\",\"healthSuggestion\":\"【养生建议】\\n\\n饮食调养：\\n饮食有节制，不要过饥过饱，不要常吃过冷过热或不干净的食物，粗细粮食要合理搭配，多吃五谷杂粮、蔬菜瓜果\\n\\n运动调养：\\n可选择散步、慢跑、太极拳、八段锦等运动\\n\\n情志调节：\\n保持心情舒畅，情绪稳定\\n\\n【次要体质建议】\\n饮食：少食荞麦、蚕豆、白扁豆、牛肉、鹅肉、茄子、浓茶等辛辣之品、腥膻发物及含致敏物质的食物\\n\",\"primaryConstitutionDetail\":{\"id\":\"1\",\"typeCode\":\"PINGHE\",\"typeName\":\"平和质\",\"description\":\"阴阳气血调和，体态适中，面色红润，精力充沛\",\"characteristics\":\"体形匀称健壮，面色、肤色润泽，头发稠密有光泽，目光有神，不易疲劳，精力充沛，耐受寒热，睡眠良好，胃纳佳，二便正常\",\"susceptibleDiseases\":\"较少生病\",\"healthAdvice\":\"保持良好的生活习惯，饮食有节，起居有常，不妄作劳\",\"dietAdvice\":\"饮食有节制，不要过饥过饱，不要常吃过冷过热或不干净的食物，粗细粮食要合理搭配，多吃五谷杂粮、蔬菜瓜果\",\"exerciseAdvice\":\"可选择散步、慢跑、太极拳、八段锦等运动\",\"emotionAdvice\":\"保持心情舒畅，情绪稳定\",\"icon\":\"pinghe.png\",\"color\":\"#52C41A\",\"sortOrder\":1},\"secondaryConstitutionDetail\":{\"id\":\"9\",\"typeCode\":\"TEBING\",\"typeName\":\"特禀质\",\"description\":\"先天失常，以生理缺陷、过敏反应等为主要特征\",\"characteristics\":\"过敏体质者常见哮喘、风团、咽痒、鼻塞、喷嚏等；患遗传性疾病者有垂直遗传、先天性、家族性特征\",\"susceptibleDiseases\":\"易患哮喘、荨麻疹、花粉症及药物过敏等\",\"healthAdvice\":\"饮食清淡、均衡，粗细搭配适当，荤素配伍合理\",\"dietAdvice\":\"少食荞麦、蚕豆、白扁豆、牛肉、鹅肉、茄子、浓茶等辛辣之品、腥膻发物及含致敏物质的食物\",\"exerciseAdvice\":\"可进行适度的户外活动\",\"emotionAdvice\":\"保持心情舒畅，避免情绪紧张\",\"icon\":\"tebing.png\",\"color\":\"#2F54EB\",\"sortOrder\":9}},\"timestamp\":\"1762939029095\"}', '0:0:0:0:0:0:0:1', 'python-requests/2.32.3', 37, 1, NULL, '2025-11-12 17:17:09');
INSERT INTO `operation_log` VALUES (1988538226792984577, 1986027188356419585, '2330220219', 'AUTH', 'UPDATE', '用户退出登录', 'POST', '/api/user/logout', '[null]', '{\"code\":200,\"message\":\"操作成功\",\"data\":true,\"timestamp\":\"1762939433146\"}', '0:0:0:0:0:0:0:1', 'Mozilla/5.0 (Windows NT 10.0; Win64; x64) AppleWebKit/537.36 (KHTML, like Gecko) Chrome/142.0.0.0 Safari/537.36', 47, 1, NULL, '2025-11-12 17:23:53');
INSERT INTO `operation_log` VALUES (1988538252671840258, 1986027188356419585, '2330220219', 'AUTH', 'SELECT', '用户登录', 'POST', '/api/user/login', '[{\"username\":\"2330220219\",\"password\":\"123456\"}]', '{\"code\":200,\"message\":\"登录成功\",\"data\":{\"token\":\"eyJhbGciOiJIUzI1NiJ9.eyJzdWIiOiIyMzMwMjIwMjE5IiwidXNlcklkIjoxOTg2MDI3MTg4MzU2NDE5NTg1LCJyb2xlVHlwZSI6MSwiaWF0IjoxNzYyOTM5NDM5LCJleHAiOjE3NjMwMjU4Mzl9.HcRqhpsydMtr7ezBID6bsJJb1xWQgixUxWBXQGKlChk\",\"id\":\"1986027188356419585\",\"username\":\"2330220219\",\"realName\":\"丁政扬\",\"roleType\":1,\"phone\":\"15972511761\"},\"timestamp\":\"1762939439353\"}', '0:0:0:0:0:0:0:1', 'Mozilla/5.0 (Windows NT 10.0; Win64; x64) AppleWebKit/537.36 (KHTML, like Gecko) Chrome/142.0.0.0 Safari/537.36', 146, 1, NULL, '2025-11-12 17:23:59');
INSERT INTO `operation_log` VALUES (1988549911381094401, 1986027188356419585, '2330220219', 'APPOINTMENT', 'INSERT', '创建预约', 'POST', '/api/appointment/create', '[{\"doctorId\":\"1986307376001003521\",\"deptId\":\"1\",\"scheduleId\":\"1986307458708484097\",\"appointmentDate\":\"2025-11-12\",\"timeSlot\":\"EVENING\",\"consultationFee\":30},null]', '{\"code\":200,\"message\":\"操作成功\",\"data\":{\"id\":\"1988549911167184897\",\"patientId\":\"1986027188356419585\",\"doctorId\":\"1986307376001003521\",\"categoryId\":\"1\",\"deptId\":\"1\",\"scheduleId\":\"1986307458708484097\",\"appointmentDate\":\"2025-11-12\",\"timeSlot\":\"EVENING\",\"queueNumber\":2,\"patientName\":\"丁政扬\",\"patientPhone\":\"15972511761\",\"patientIdCard\":\"421221200411296191\",\"status\":\"CONFIRMED\",\"consultationFee\":30},\"timestamp\":\"1762942218973\"}', '0:0:0:0:0:0:0:1', 'Mozilla/5.0 (Windows NT 10.0; Win64; x64) AppleWebKit/537.36 (KHTML, like Gecko) Chrome/142.0.0.0 Safari/537.36', 172, 1, NULL, '2025-11-12 18:10:19');
INSERT INTO `operation_log` VALUES (1988568544363036673, 1986027188356419585, '2330220219', 'APPOINTMENT', 'INSERT', '创建预约', 'POST', '/api/appointment/create', '[{\"doctorId\":\"1986307376001003521\",\"deptId\":\"1\",\"scheduleId\":\"1986307458708484097\",\"appointmentDate\":\"2025-11-12\",\"timeSlot\":\"EVENING\",\"consultationFee\":30},null]', '{\"code\":200,\"message\":\"操作成功\",\"data\":{\"id\":\"1988568544224624642\",\"patientId\":\"1986027188356419585\",\"doctorId\":\"1986307376001003521\",\"categoryId\":\"1\",\"deptId\":\"1\",\"scheduleId\":\"1986307458708484097\",\"appointmentDate\":\"2025-11-12\",\"timeSlot\":\"EVENING\",\"queueNumber\":3,\"patientName\":\"丁政扬\",\"patientPhone\":\"15972511761\",\"patientIdCard\":\"421221200411296191\",\"status\":\"CONFIRMED\",\"consultationFee\":30},\"timestamp\":\"1762946661436\"}', '0:0:0:0:0:0:0:1', 'Mozilla/5.0 (Windows NT 10.0; Win64; x64) AppleWebKit/537.36 (KHTML, like Gecko) Chrome/142.0.0.0 Safari/537.36', 107, 1, NULL, '2025-11-12 19:24:21');
INSERT INTO `operation_log` VALUES (1988571113810444290, 1986027188356419585, '2330220219', 'APPOINTMENT', 'INSERT', '创建预约', 'POST', '/api/appointment/create', '[{\"doctorId\":\"1986307376001003521\",\"deptId\":\"1\",\"scheduleId\":\"1986307458708484097\",\"appointmentDate\":\"2025-11-12\",\"timeSlot\":\"EVENING\",\"consultationFee\":30},null]', '{\"code\":200,\"message\":\"操作成功\",\"data\":{\"id\":\"1988571113554591745\",\"patientId\":\"1986027188356419585\",\"doctorId\":\"1986307376001003521\",\"categoryId\":\"1\",\"deptId\":\"1\",\"scheduleId\":\"1986307458708484097\",\"appointmentDate\":\"2025-11-12\",\"timeSlot\":\"EVENING\",\"queueNumber\":4,\"patientName\":\"丁政扬\",\"patientPhone\":\"15972511761\",\"patientIdCard\":\"421221200411296191\",\"status\":\"CONFIRMED\",\"consultationFee\":30},\"timestamp\":\"1762947274014\"}', '0:0:0:0:0:0:0:1', 'Mozilla/5.0 (Windows NT 10.0; Win64; x64) AppleWebKit/537.36 (KHTML, like Gecko) Chrome/142.0.0.0 Safari/537.36', 108, 1, NULL, '2025-11-12 19:34:34');
INSERT INTO `operation_log` VALUES (1988571644884828162, 1986027188356419585, '2330220219', 'APPOINTMENT', 'INSERT', '创建预约', 'POST', '/api/appointment/create', '[{\"doctorId\":\"1986307376001003521\",\"deptId\":\"1\",\"scheduleId\":\"1986307458708484097\",\"appointmentDate\":\"2025-11-12\",\"timeSlot\":\"EVENING\",\"consultationFee\":30},null]', '{\"code\":200,\"message\":\"操作成功\",\"data\":{\"id\":\"1988571644696084482\",\"patientId\":\"1986027188356419585\",\"doctorId\":\"1986307376001003521\",\"categoryId\":\"1\",\"deptId\":\"1\",\"scheduleId\":\"1986307458708484097\",\"appointmentDate\":\"2025-11-12\",\"timeSlot\":\"EVENING\",\"queueNumber\":5,\"patientName\":\"丁政扬\",\"patientPhone\":\"15972511761\",\"patientIdCard\":\"421221200411296191\",\"status\":\"CONFIRMED\",\"consultationFee\":30},\"timestamp\":\"1762947400646\"}', '0:0:0:0:0:0:0:1', 'Mozilla/5.0 (Windows NT 10.0; Win64; x64) AppleWebKit/537.36 (KHTML, like Gecko) Chrome/142.0.0.0 Safari/537.36', 68, 1, NULL, '2025-11-12 19:36:41');
INSERT INTO `operation_log` VALUES (1988573727784583169, 1986027188356419585, '2330220219', 'AUTH', 'UPDATE', '用户退出登录', 'POST', '/api/user/logout', '[null]', '{\"code\":200,\"message\":\"操作成功\",\"data\":true,\"timestamp\":\"1762947897265\"}', '0:0:0:0:0:0:0:1', 'Mozilla/5.0 (Windows NT 10.0; Win64; x64) AppleWebKit/537.36 (KHTML, like Gecko) Chrome/142.0.0.0 Safari/537.36', 61, 1, NULL, '2025-11-12 19:44:57');
INSERT INTO `operation_log` VALUES (1988579282334543873, 1986027188356419585, '2330220219', 'AUTH', 'SELECT', '用户登录', 'POST', '/api/user/login', '[{\"username\":\"2330220219\",\"password\":\"123456\"}]', '{\"code\":200,\"message\":\"登录成功\",\"data\":{\"token\":\"eyJhbGciOiJIUzI1NiJ9.eyJzdWIiOiIyMzMwMjIwMjE5IiwidXNlcklkIjoxOTg2MDI3MTg4MzU2NDE5NTg1LCJyb2xlVHlwZSI6MSwiaWF0IjoxNzYyOTQ5MjIxLCJleHAiOjE3NjMwMzU2MjF9.OuY0cEODR_NVCUgTvWUzguE95xJhDBTs57o2qupaUAw\",\"id\":\"1986027188356419585\",\"username\":\"2330220219\",\"realName\":\"丁政扬\",\"roleType\":1,\"phone\":\"15972511761\"},\"timestamp\":\"1762949221571\"}', '0:0:0:0:0:0:0:1', 'Mozilla/5.0 (Windows NT 10.0; Win64; x64) AppleWebKit/537.36 (KHTML, like Gecko) Chrome/142.0.0.0 Safari/537.36', 715, 1, NULL, '2025-11-12 20:07:02');
INSERT INTO `operation_log` VALUES (1988585554559758337, 1986307375942283266, '1234', 'AUTH', 'SELECT', '用户登录', 'POST', '/api/user/login', '[{\"username\":\"1234\",\"password\":\"123456\"}]', '{\"code\":200,\"message\":\"登录成功\",\"data\":{\"token\":\"eyJhbGciOiJIUzI1NiJ9.eyJzdWIiOiIxMjM0IiwidXNlcklkIjoxOTg2MzA3Mzc1OTQyMjgzMjY2LCJyb2xlVHlwZSI6MiwiaWF0IjoxNzYyOTUwNzE2LCJleHAiOjE3NjMwMzcxMTZ9.JqXrJ7bMFJmWZdfLHDg4KQPXsWkA0QpKYaSTC_Kd_Ow\",\"id\":\"1986307375942283266\",\"username\":\"1234\",\"realName\":\"李四\",\"roleType\":2,\"phone\":\"\",\"doctorId\":\"1986307376001003521\"},\"timestamp\":\"1762950716979\"}', '0:0:0:0:0:0:0:1', 'Mozilla/5.0 (Windows NT 10.0; Win64; x64) AppleWebKit/537.36 (KHTML, like Gecko) Chrome/142.0.0.0 Safari/537.36 Edg/142.0.0.0', 165, 1, NULL, '2025-11-12 20:31:57');
INSERT INTO `operation_log` VALUES (1988585590488166402, 1986027188356419585, '2330220219', 'AUTH', 'SELECT', '用户登录', 'POST', '/api/user/login', '[{\"username\":\"2330220219\",\"password\":\"123456\"}]', '{\"code\":200,\"message\":\"登录成功\",\"data\":{\"token\":\"eyJhbGciOiJIUzI1NiJ9.eyJzdWIiOiIyMzMwMjIwMjE5IiwidXNlcklkIjoxOTg2MDI3MTg4MzU2NDE5NTg1LCJyb2xlVHlwZSI6MSwiaWF0IjoxNzYyOTUwNzI1LCJleHAiOjE3NjMwMzcxMjV9.XAwX73k2xgH1UO7YNYrZRlGg2SYY1puvA-uxZLl2IJM\",\"id\":\"1986027188356419585\",\"username\":\"2330220219\",\"realName\":\"丁政扬\",\"roleType\":1,\"phone\":\"15972511761\"},\"timestamp\":\"1762950725570\"}', '0:0:0:0:0:0:0:1', 'Mozilla/5.0 (Windows NT 10.0; Win64; x64) AppleWebKit/537.36 (KHTML, like Gecko) Chrome/142.0.0.0 Safari/537.36', 140, 1, NULL, '2025-11-12 20:32:06');
INSERT INTO `operation_log` VALUES (1989197799052378114, 1986027188356419585, '2330220219', 'AUTH', 'SELECT', '用户登录', 'POST', '/api/user/login', '[{\"username\":\"2330220219\",\"password\":\"123456\"}]', '{\"code\":200,\"message\":\"登录成功\",\"data\":{\"token\":\"eyJhbGciOiJIUzI1NiJ9.eyJzdWIiOiIyMzMwMjIwMjE5IiwidXNlcklkIjoxOTg2MDI3MTg4MzU2NDE5NTg1LCJyb2xlVHlwZSI6MSwiaWF0IjoxNzYzMDk2Njg2LCJleHAiOjE3NjMxODMwODZ9.la1iRcLRnGJDfC5tSVaxgjACyHHSaBlS0VrWm116J_Q\",\"id\":\"1986027188356419585\",\"username\":\"2330220219\",\"realName\":\"丁政扬\",\"roleType\":1,\"phone\":\"15972511761\"},\"timestamp\":\"1763096687444\"}', '0:0:0:0:0:0:0:1', 'Mozilla/5.0 (Windows NT 10.0; Win64; x64) AppleWebKit/537.36 (KHTML, like Gecko) Chrome/142.0.0.0 Safari/537.36', 1112, 1, NULL, '2025-11-14 13:04:47');
INSERT INTO `operation_log` VALUES (1989198444513820674, 1986027188356419585, '2330220219', 'AUTH', 'UPDATE', '用户退出登录', 'POST', '/api/user/logout', '[null]', '{\"code\":200,\"message\":\"操作成功\",\"data\":true,\"timestamp\":\"1763096841353\"}', '0:0:0:0:0:0:0:1', 'Mozilla/5.0 (Windows NT 10.0; Win64; x64) AppleWebKit/537.36 (KHTML, like Gecko) Chrome/142.0.0.0 Safari/537.36', 34, 1, NULL, '2025-11-14 13:07:21');
INSERT INTO `operation_log` VALUES (1989199323044347905, 1986027188356419585, '2330220219', 'AUTH', 'SELECT', '用户登录', 'POST', '/api/user/login', '[{\"username\":\"2330220219\",\"password\":\"123456\"}]', '{\"code\":200,\"message\":\"登录成功\",\"data\":{\"token\":\"eyJhbGciOiJIUzI1NiJ9.eyJzdWIiOiIyMzMwMjIwMjE5IiwidXNlcklkIjoxOTg2MDI3MTg4MzU2NDE5NTg1LCJyb2xlVHlwZSI6MSwiaWF0IjoxNzYzMDk3MDUwLCJleHAiOjE3NjMxODM0NTB9.B-RMweKw5or47aaWPy7km-eAppmlTdva5mLclqNSx9Y\",\"id\":\"1986027188356419585\",\"username\":\"2330220219\",\"realName\":\"丁政扬\",\"roleType\":1,\"phone\":\"15972511761\"},\"timestamp\":\"1763097050820\"}', '0:0:0:0:0:0:0:1', 'python-requests/2.32.3', 100, 1, NULL, '2025-11-14 13:10:51');
INSERT INTO `operation_log` VALUES (1989199323832877059, 1986027188356419585, '2330220219', 'CONSTITUTION', 'INSERT', '提交体质测试', 'POST', '/api/constitution/test/submit', '[{\"answers\":{\"1\":\"1\",\"2\":\"6\",\"3\":\"13\",\"4\":\"18\",\"5\":\"21\",\"6\":\"27\",\"7\":\"34\",\"8\":\"38\",\"9\":\"41\",\"10\":\"47\",\"11\":\"51\",\"12\":\"60\",\"13\":\"64\",\"14\":\"66\",\"15\":\"73\",\"16\":\"76\",\"17\":\"81\",\"18\":\"86\",\"19\":\"94\",\"20\":\"99\",\"21\":\"104\",\"22\":\"110\",\"23\":\"111\",\"24\":\"117\",\"25\":\"124\",\"26\":\"130\",\"27\":\"132\",\"28\":\"137\",\"29\":\"145\",\"30\":\"147\",\"31\":\"155\",\"32\":\"159\",\"33\":\"162\",\"34\":\"168\",\"35\":\"171\",\"36\":\"178\",\"37\":\"181\",\"38\":\"186\",\"39\":\"194\",\"40\":\"199\",\"41\":\"205\",\"42\":\"210\",\"43\":\"211\",\"44\":\"218\",\"45\":\"224\",\"46\":\"229\",\"47\":\"234\",\"48\":\"239\",\"49\":\"242\",\"50\":\"249\",\"51\":\"252\",\"52\":\"259\",\"53\":\"262\",\"54\":\"268\",\"55\":\"271\",\"56\":\"280\",\"57\":\"283\",\"58\":\"286\",\"59\":\"293\",\"60\":\"297\",\"61\":\"304\",\"62\":\"306\",\"63\":\"311\",\"64\":\"316\",\"65\":\"324\",\"66\":\"329\"},\"appointmentId\":\"1988549911167184897\"},null]', '{\"code\":200,\"message\":\"操作成功\",\"data\":{\"id\":\"1989199323832877058\",\"primaryConstitution\":\"SHIRE\",\"primaryConstitutionName\":\"湿热质\",\"secondaryConstitution\":\"XUEYU\",\"secondaryConstitutionName\":\"血瘀质\",\"scores\":{\"QIXU\":37.5,\"QIYU\":39.29,\"PINGHE\":50.0,\"YINXU\":46.88,\"TEBING\":35.71,\"SHIRE\":67.86,\"YANGXU\":46.43,\"XUEYU\":60.71,\"TANSHI\":37.5},\"testDate\":\"2025-11-14\",\"report\":\"【体质测试报告】\\n\\n您的主要体质是：湿热质\\n得分：67.9分\\n\\n您的次要体质是：血瘀质\\n得分：60.7分\\n\\n【主要特征】\\n面垢油光，易生痤疮，口苦口干，身重困倦，大便黏滞不畅或燥结，小便短黄，男性易阴囊潮湿，女性易带下增多，舌质偏红，苔黄腻，脉滑数\\n\\n【易患疾病】\\n易患疮疖、黄疸、热淋等病\\n\",\"healthSuggestion\":\"【养生建议】\\n\\n饮食调养：\\n少食辛温助热的食物，戒除烟酒\\n\\n运动调养：\\n适合做大强度、大运动量的锻炼，如中长跑、游泳、爬山、各种球类等\\n\\n情志调节：\\n保持心情舒畅，避免熬夜\\n\\n【次要体质建议】\\n饮食：少食肥猪肉等，并保持足够的睡眠\\n\",\"primaryConstitutionDetail\":{\"id\":\"6\",\"typeCode\":\"SHIRE\",\"typeName\":\"湿热质\",\"description\":\"湿热内蕴，以面垢油光、口苦、苔黄腻等湿热表现为主要特征\",\"characteristics\":\"面垢油光，易生痤疮，口苦口干，身重困倦，大便黏滞不畅或燥结，小便短黄，男性易阴囊潮湿，女性易带下增多，舌质偏红，苔黄腻，脉滑数\",\"susceptibleDiseases\":\"易患疮疖、黄疸、热淋等病\",\"healthAdvice\":\"饮食清淡，多吃甘寒、甘平的食物如绿豆、空心菜、苋菜、芹菜、黄瓜、冬瓜、藕、西瓜等\",\"dietAdvice\":\"少食辛温助热的食物，戒除烟酒\",\"exerciseAdvice\":\"适合做大强度、大运动量的锻炼，如中长跑、游泳、爬山、各种球类等\",\"emotionAdvice\":\"保持心情舒畅，避免熬夜\",\"icon\":\"shire.png\",\"color\":\"#13C2C2\",\"sortOrder\":6},\"secondaryConstitutionDetail\":{\"id\":\"7\",\"typeCode\":\"XUEYU\",\"typeName\":\"血瘀质\",\"description\":\"血行不畅，以肤色晦黯、舌质紫黯等血瘀表现为主要特征\",\"characteristics\":\"肤色晦黯，色素沉着，容易出现瘀斑，口唇黯淡，舌黯或有瘀点，舌下络脉紫黯或增粗，脉涩\",\"susceptibleDiseases\":\"易患癥瘕及痛证、血证等\",\"healthAdvice\":\"可多食黑豆、海带、紫菜、萝卜、胡萝卜、山楂、醋、绿茶等具有活血、散结、行气、疏肝解郁作用的食物\",\"dietAdvice\":\"少食肥猪肉等，并保持足够的睡眠\",\"exerciseAdvice\":\"可进行一些有助于促进气血运行的运动项目，如太极拳、太极剑、舞蹈、步行等\",\"emotionAdvice\":\"保持心情舒畅，避免情绪抑郁\",\"icon\":\"xueyu.png\",\"color\":\"#722ED1\",\"sortOrder\":7}},\"timestamp\":\"1763097051003\"}', '0:0:0:0:0:0:0:1', 'python-requests/2.32.3', 64, 1, NULL, '2025-11-14 13:10:51');
INSERT INTO `operation_log` VALUES (1989199324025815042, 1986027188356419585, '2330220219', 'AUTH', 'UPDATE', '用户退出登录', 'POST', '/api/user/logout', '[null]', '{\"code\":200,\"message\":\"操作成功\",\"data\":true,\"timestamp\":\"1763097051043\"}', '0:0:0:0:0:0:0:1', 'python-requests/2.32.3', 13, 1, NULL, '2025-11-14 13:10:51');
INSERT INTO `operation_log` VALUES (1989199419530117122, 1986027188356419585, '2330220219', 'AUTH', 'SELECT', '用户登录', 'POST', '/api/user/login', '[{\"username\":\"2330220219\",\"password\":\"123456\"}]', '{\"code\":200,\"message\":\"登录成功\",\"data\":{\"token\":\"eyJhbGciOiJIUzI1NiJ9.eyJzdWIiOiIyMzMwMjIwMjE5IiwidXNlcklkIjoxOTg2MDI3MTg4MzU2NDE5NTg1LCJyb2xlVHlwZSI6MSwiaWF0IjoxNzYzMDk3MDczLCJleHAiOjE3NjMxODM0NzN9.L-vSc_dVC8nGZzkKa0u9ItcVieoSDCnRkpWdwTazZJc\",\"id\":\"1986027188356419585\",\"username\":\"2330220219\",\"realName\":\"丁政扬\",\"roleType\":1,\"phone\":\"15972511761\"},\"timestamp\":\"1763097073815\"}', '0:0:0:0:0:0:0:1', 'Mozilla/5.0 (Windows NT 10.0; Win64; x64) AppleWebKit/537.36 (KHTML, like Gecko) Chrome/142.0.0.0 Safari/537.36', 172, 1, NULL, '2025-11-14 13:11:14');
INSERT INTO `operation_log` VALUES (1989199677857300482, 1986027188356419585, '2330220219', 'AUTH', 'SELECT', '用户登录', 'POST', '/api/user/login', '[{\"username\":\"2330220219\",\"password\":\"123456\"}]', '{\"code\":200,\"message\":\"登录成功\",\"data\":{\"token\":\"eyJhbGciOiJIUzI1NiJ9.eyJzdWIiOiIyMzMwMjIwMjE5IiwidXNlcklkIjoxOTg2MDI3MTg4MzU2NDE5NTg1LCJyb2xlVHlwZSI6MSwiaWF0IjoxNzYzMDk3MTM1LCJleHAiOjE3NjMxODM1MzV9.ev81A3BMUqRTij8tNrQNAwghaUZ6pqHqRG4jwjj2RaM\",\"id\":\"1986027188356419585\",\"username\":\"2330220219\",\"realName\":\"丁政扬\",\"roleType\":1,\"phone\":\"15972511761\"},\"timestamp\":\"1763097135402\"}', '0:0:0:0:0:0:0:1', 'python-requests/2.32.3', 97, 1, NULL, '2025-11-14 13:12:15');
INSERT INTO `operation_log` VALUES (1989199678184456194, 1986027188356419585, '2330220219', 'CONSTITUTION', 'INSERT', '提交体质测试', 'POST', '/api/constitution/test/submit', '[{\"answers\":{\"1\":\"5\",\"2\":\"7\",\"3\":\"15\",\"4\":\"19\",\"5\":\"24\",\"6\":\"28\",\"7\":\"34\",\"8\":\"36\",\"9\":\"44\",\"10\":\"48\",\"11\":\"54\",\"12\":\"60\",\"13\":\"65\",\"14\":\"70\",\"15\":\"75\",\"16\":\"78\",\"17\":\"84\",\"18\":\"90\",\"19\":\"92\",\"20\":\"99\",\"21\":\"102\",\"22\":\"107\",\"23\":\"111\",\"24\":\"117\",\"25\":\"123\",\"26\":\"127\",\"27\":\"133\",\"28\":\"138\",\"29\":\"141\",\"30\":\"150\",\"31\":\"151\",\"32\":\"156\",\"33\":\"162\",\"34\":\"167\",\"35\":\"173\",\"36\":\"179\",\"37\":\"185\",\"38\":\"187\",\"39\":\"194\",\"40\":\"196\",\"41\":\"204\",\"42\":\"207\",\"43\":\"214\",\"44\":\"220\",\"45\":\"224\",\"46\":\"228\",\"47\":\"232\",\"48\":\"239\",\"49\":\"244\",\"50\":\"246\",\"51\":\"254\",\"52\":\"256\",\"53\":\"263\",\"54\":\"266\",\"55\":\"271\",\"56\":\"278\",\"57\":\"281\",\"58\":\"286\",\"59\":\"291\",\"60\":\"299\",\"61\":\"303\",\"62\":\"309\",\"63\":\"314\",\"64\":\"317\",\"65\":\"324\",\"66\":\"330\"},\"appointmentId\":\"1988568544224624642\"},null]', '{\"code\":200,\"message\":\"操作成功\",\"data\":{\"id\":\"1989199678117347329\",\"primaryConstitution\":\"QIXU\",\"primaryConstitutionName\":\"气虚质\",\"secondaryConstitution\":\"TEBING\",\"secondaryConstitutionName\":\"特禀质\",\"scores\":{\"QIXU\":75.0,\"QIYU\":14.29,\"PINGHE\":42.86,\"YINXU\":37.5,\"TEBING\":67.86,\"SHIRE\":60.71,\"YANGXU\":53.57,\"XUEYU\":42.86,\"TANSHI\":37.5},\"testDate\":\"2025-11-14\",\"report\":\"【体质测试报告】\\n\\n您的主要体质是：气虚质\\n得分：75.0分\\n\\n您的次要体质是：特禀质\\n得分：67.9分\\n\\n【主要特征】\\n肌肉松软不实，平素语音低弱，气短懒言，容易疲乏，精神不振，易出汗，舌淡红，舌边有齿痕，脉弱\\n\\n【易患疾病】\\n易患感冒、内脏下垂等病；病后康复缓慢\\n\",\"healthSuggestion\":\"【养生建议】\\n\\n饮食调养：\\n宜食性平味甘或甘温之物，宜食营养丰富、容易消化的平补食品\\n\\n运动调养：\\n可做一些柔缓的运动，如散步、打太极拳、做操等，不宜做大负荷运动和大出汗的运动\\n\\n情志调节：\\n保持心情舒畅，避免过度劳累\\n\\n【次要体质建议】\\n饮食：少食荞麦、蚕豆、白扁豆、牛肉、鹅肉、茄子、浓茶等辛辣之品、腥膻发物及含致敏物质的食物\\n\",\"primaryConstitutionDetail\":{\"id\":\"2\",\"typeCode\":\"QIXU\",\"typeName\":\"气虚质\",\"description\":\"元气不足，以疲乏、气短、自汗等气虚表现为主要特征\",\"characteristics\":\"肌肉松软不实，平素语音低弱，气短懒言，容易疲乏，精神不振，易出汗，舌淡红，舌边有齿痕，脉弱\",\"susceptibleDiseases\":\"易患感冒、内脏下垂等病；病后康复缓慢\",\"healthAdvice\":\"多食具有益气健脾作用的食物，如黄豆、白扁豆、鸡肉、泥鳅、香菇、大枣、桂圆、蜂蜜等\",\"dietAdvice\":\"宜食性平味甘或甘温之物，宜食营养丰富、容易消化的平补食品\",\"exerciseAdvice\":\"可做一些柔缓的运动，如散步、打太极拳、做操等，不宜做大负荷运动和大出汗的运动\",\"emotionAdvice\":\"保持心情舒畅，避免过度劳累\",\"icon\":\"qixu.png\",\"color\":\"#FAAD14\",\"sortOrder\":2},\"secondaryConstitutionDetail\":{\"id\":\"9\",\"typeCode\":\"TEBING\",\"typeName\":\"特禀质\",\"description\":\"先天失常，以生理缺陷、过敏反应等为主要特征\",\"characteristics\":\"过敏体质者常见哮喘、风团、咽痒、鼻塞、喷嚏等；患遗传性疾病者有垂直遗传、先天性、家族性特征\",\"susceptibleDiseases\":\"易患哮喘、荨麻疹、花粉症及药物过敏等\",\"healthAdvice\":\"饮食清淡、均衡，粗细搭配适当，荤素配伍合理\",\"dietAdvice\":\"少食荞麦、蚕豆、白扁豆、牛肉、鹅肉、茄子、浓茶等辛辣之品、腥膻发物及含致敏物质的食物\",\"exerciseAdvice\":\"可进行适度的户外活动\",\"emotionAdvice\":\"保持心情舒畅，避免情绪紧张\",\"icon\":\"tebing.png\",\"color\":\"#2F54EB\",\"sortOrder\":9}},\"timestamp\":\"1763097135475\"}', '0:0:0:0:0:0:0:1', 'python-requests/2.32.3', 34, 1, NULL, '2025-11-14 13:12:15');
INSERT INTO `operation_log` VALUES (1989199678381588481, 1986027188356419585, '2330220219', 'CONSTITUTION', 'INSERT', '提交体质测试', 'POST', '/api/constitution/test/submit', '[{\"answers\":{\"1\":\"4\",\"2\":\"9\",\"3\":\"11\",\"4\":\"20\",\"5\":\"24\",\"6\":\"27\",\"7\":\"34\",\"8\":\"36\",\"9\":\"45\",\"10\":\"46\",\"11\":\"55\",\"12\":\"56\",\"13\":\"61\",\"14\":\"70\",\"15\":\"71\",\"16\":\"77\",\"17\":\"84\",\"18\":\"89\",\"19\":\"92\",\"20\":\"97\",\"21\":\"101\",\"22\":\"108\",\"23\":\"115\",\"24\":\"117\",\"25\":\"123\",\"26\":\"128\",\"27\":\"133\",\"28\":\"139\",\"29\":\"141\",\"30\":\"147\",\"31\":\"155\",\"32\":\"159\",\"33\":\"163\",\"34\":\"170\",\"35\":\"173\",\"36\":\"176\",\"37\":\"184\",\"38\":\"187\",\"39\":\"193\",\"40\":\"199\",\"41\":\"202\",\"42\":\"210\",\"43\":\"214\",\"44\":\"217\",\"45\":\"221\",\"46\":\"230\",\"47\":\"233\",\"48\":\"238\",\"49\":\"245\",\"50\":\"247\",\"51\":\"254\",\"52\":\"258\",\"53\":\"261\",\"54\":\"270\",\"55\":\"274\",\"56\":\"280\",\"57\":\"281\",\"58\":\"289\",\"59\":\"291\",\"60\":\"297\",\"61\":\"303\",\"62\":\"306\",\"63\":\"311\",\"64\":\"316\",\"65\":\"324\",\"66\":\"330\"},\"appointmentId\":\"1988571113554591745\"},null]', '{\"code\":200,\"message\":\"操作成功\",\"data\":{\"id\":\"1989199678314479618\",\"primaryConstitution\":\"XUEYU\",\"primaryConstitutionName\":\"血瘀质\",\"scores\":{\"QIXU\":37.5,\"QIYU\":50.0,\"PINGHE\":39.29,\"YINXU\":46.88,\"TEBING\":35.71,\"SHIRE\":50.0,\"YANGXU\":39.29,\"XUEYU\":64.29,\"TANSHI\":59.38},\"testDate\":\"2025-11-14\",\"report\":\"【体质测试报告】\\n\\n您的主要体质是：血瘀质\\n得分：64.3分\\n\\n【主要特征】\\n肤色晦黯，色素沉着，容易出现瘀斑，口唇黯淡，舌黯或有瘀点，舌下络脉紫黯或增粗，脉涩\\n\\n【易患疾病】\\n易患癥瘕及痛证、血证等\\n\",\"healthSuggestion\":\"【养生建议】\\n\\n饮食调养：\\n少食肥猪肉等，并保持足够的睡眠\\n\\n运动调养：\\n可进行一些有助于促进气血运行的运动项目，如太极拳、太极剑、舞蹈、步行等\\n\\n情志调节：\\n保持心情舒畅，避免情绪抑郁\\n\",\"primaryConstitutionDetail\":{\"id\":\"7\",\"typeCode\":\"XUEYU\",\"typeName\":\"血瘀质\",\"description\":\"血行不畅，以肤色晦黯、舌质紫黯等血瘀表现为主要特征\",\"characteristics\":\"肤色晦黯，色素沉着，容易出现瘀斑，口唇黯淡，舌黯或有瘀点，舌下络脉紫黯或增粗，脉涩\",\"susceptibleDiseases\":\"易患癥瘕及痛证、血证等\",\"healthAdvice\":\"可多食黑豆、海带、紫菜、萝卜、胡萝卜、山楂、醋、绿茶等具有活血、散结、行气、疏肝解郁作用的食物\",\"dietAdvice\":\"少食肥猪肉等，并保持足够的睡眠\",\"exerciseAdvice\":\"可进行一些有助于促进气血运行的运动项目，如太极拳、太极剑、舞蹈、步行等\",\"emotionAdvice\":\"保持心情舒畅，避免情绪抑郁\",\"icon\":\"xueyu.png\",\"color\":\"#722ED1\",\"sortOrder\":7}},\"timestamp\":\"1763097135523\"}', '0:0:0:0:0:0:0:1', 'python-requests/2.32.3', 34, 1, NULL, '2025-11-14 13:12:16');
INSERT INTO `operation_log` VALUES (1989199678834573315, 1986027188356419585, '2330220219', 'CONSTITUTION', 'INSERT', '提交体质测试', 'POST', '/api/constitution/test/submit', '[{\"answers\":{\"1\":\"3\",\"2\":\"6\",\"3\":\"14\",\"4\":\"20\",\"5\":\"21\",\"6\":\"30\",\"7\":\"34\",\"8\":\"40\",\"9\":\"41\",\"10\":\"46\",\"11\":\"54\",\"12\":\"59\",\"13\":\"65\",\"14\":\"67\",\"15\":\"75\",\"16\":\"76\",\"17\":\"82\",\"18\":\"87\",\"19\":\"92\",\"20\":\"100\",\"21\":\"103\",\"22\":\"108\",\"23\":\"113\",\"24\":\"119\",\"25\":\"124\",\"26\":\"127\",\"27\":\"134\",\"28\":\"140\",\"29\":\"143\",\"30\":\"150\",\"31\":\"152\",\"32\":\"160\",\"33\":\"165\",\"34\":\"168\",\"35\":\"174\",\"36\":\"176\",\"37\":\"182\",\"38\":\"188\",\"39\":\"192\",\"40\":\"196\",\"41\":\"205\",\"42\":\"208\",\"43\":\"212\",\"44\":\"220\",\"45\":\"223\",\"46\":\"230\",\"47\":\"233\",\"48\":\"239\",\"49\":\"243\",\"50\":\"250\",\"51\":\"254\",\"52\":\"256\",\"53\":\"261\",\"54\":\"270\",\"55\":\"273\",\"56\":\"278\",\"57\":\"282\",\"58\":\"286\",\"59\":\"295\",\"60\":\"299\",\"61\":\"303\",\"62\":\"308\",\"63\":\"315\",\"64\":\"320\",\"65\":\"324\",\"66\":\"326\"},\"appointmentId\":\"1988571644696084482\"},null]', '{\"code\":200,\"message\":\"操作成功\",\"data\":{\"id\":\"1989199678834573314\",\"primaryConstitution\":\"YINXU\",\"primaryConstitutionName\":\"阴虚质\",\"secondaryConstitution\":\"TEBING\",\"secondaryConstitutionName\":\"特禀质\",\"scores\":{\"QIXU\":59.38,\"QIYU\":46.43,\"PINGHE\":57.14,\"YINXU\":68.75,\"TEBING\":64.29,\"SHIRE\":50.0,\"YANGXU\":39.29,\"XUEYU\":64.29,\"TANSHI\":53.13},\"testDate\":\"2025-11-14\",\"report\":\"【体质测试报告】\\n\\n您的主要体质是：阴虚质\\n得分：68.8分\\n\\n您的次要体质是：特禀质\\n得分：64.3分\\n\\n【主要特征】\\n体形偏瘦，面色潮红，有烘热感，手足心热，口燥咽干，喜冷饮，大便干燥，舌红少津，脉细数\\n\\n【易患疾病】\\n易患虚劳、失精、不寐等病；感邪易从热化\\n\",\"healthSuggestion\":\"【养生建议】\\n\\n饮食调养：\\n少食羊肉、狗肉、韭菜、辣椒、葱、蒜、葵花子等性温燥烈的食物\\n\\n运动调养：\\n只适合做中小强度、间断性的身体锻炼，可选择太极拳、太极剑等\\n\\n情志调节：\\n保持心情舒畅，避免情绪激动\\n\\n【次要体质建议】\\n饮食：少食荞麦、蚕豆、白扁豆、牛肉、鹅肉、茄子、浓茶等辛辣之品、腥膻发物及含致敏物质的食物\\n\",\"primaryConstitutionDetail\":{\"id\":\"4\",\"typeCode\":\"YINXU\",\"typeName\":\"阴虚质\",\"description\":\"阴液亏少，以口燥咽干、手足心热等虚热表现为主要特征\",\"characteristics\":\"体形偏瘦，面色潮红，有烘热感，手足心热，口燥咽干，喜冷饮，大便干燥，舌红少津，脉细数\",\"susceptibleDiseases\":\"易患虚劳、失精、不寐等病；感邪易从热化\",\"healthAdvice\":\"多吃甘凉滋润的食物，比如瘦猪肉、鸭肉、龟、鳖、绿豆、冬瓜、芝麻、百合等\",\"dietAdvice\":\"少食羊肉、狗肉、韭菜、辣椒、葱、蒜、葵花子等性温燥烈的食物\",\"exerciseAdvice\":\"只适合做中小强度、间断性的身体锻炼，可选择太极拳、太极剑等\",\"emotionAdvice\":\"保持心情舒畅，避免情绪激动\",\"icon\":\"yinxu.png\",\"color\":\"#FA8C16\",\"sortOrder\":4},\"secondaryConstitutionDetail\":{\"id\":\"9\",\"typeCode\":\"TEBING\",\"typeName\":\"特禀质\",\"description\":\"先天失常，以生理缺陷、过敏反应等为主要特征\",\"characteristics\":\"过敏体质者常见哮喘、风团、咽痒、鼻塞、喷嚏等；患遗传性疾病者有垂直遗传、先天性、家族性特征\",\"susceptibleDiseases\":\"易患哮喘、荨麻疹、花粉症及药物过敏等\",\"healthAdvice\":\"饮食清淡、均衡，粗细搭配适当，荤素配伍合理\",\"dietAdvice\":\"少食荞麦、蚕豆、白扁豆、牛肉、鹅肉、茄子、浓茶等辛辣之品、腥膻发物及含致敏物质的食物\",\"exerciseAdvice\":\"可进行适度的户外活动\",\"emotionAdvice\":\"保持心情舒畅，避免情绪紧张\",\"icon\":\"tebing.png\",\"color\":\"#2F54EB\",\"sortOrder\":9}},\"timestamp\":\"1763097135640\"}', '0:0:0:0:0:0:0:1', 'python-requests/2.32.3', 44, 1, NULL, '2025-11-14 13:12:16');
INSERT INTO `operation_log` VALUES (1989199678964596738, 1986027188356419585, '2330220219', 'AUTH', 'UPDATE', '用户退出登录', 'POST', '/api/user/logout', '[null]', '{\"code\":200,\"message\":\"操作成功\",\"data\":true,\"timestamp\":\"1763097135676\"}', '0:0:0:0:0:0:0:1', 'python-requests/2.32.3', 15, 1, NULL, '2025-11-14 13:12:16');
INSERT INTO `operation_log` VALUES (1989200259175251969, 1986307375942283266, '1234', 'AUTH', 'SELECT', '用户登录', 'POST', '/api/user/login', '[{\"username\":\"1234\",\"password\":\"123456\"}]', '{\"code\":200,\"message\":\"登录成功\",\"data\":{\"token\":\"eyJhbGciOiJIUzI1NiJ9.eyJzdWIiOiIxMjM0IiwidXNlcklkIjoxOTg2MzA3Mzc1OTQyMjgzMjY2LCJyb2xlVHlwZSI6MiwiaWF0IjoxNzYzMDk3MjczLCJleHAiOjE3NjMxODM2NzN9.SDgaqsEeCMRfhkiloVn075jA3oMTmmEExA1dIk-gn9k\",\"id\":\"1986307375942283266\",\"username\":\"1234\",\"realName\":\"李四\",\"roleType\":2,\"phone\":\"\",\"doctorId\":\"1986307376001003521\"},\"timestamp\":\"1763097274010\"}', '0:0:0:0:0:0:0:1', 'Mozilla/5.0 (Windows NT 10.0; Win64; x64) AppleWebKit/537.36 (KHTML, like Gecko) Chrome/142.0.0.0 Safari/537.36 Edg/142.0.0.0', 144, 1, NULL, '2025-11-14 13:14:34');
INSERT INTO `operation_log` VALUES (1989205055617728513, 1986027188356419585, '2330220219', 'APPOINTMENT', 'INSERT', '创建预约', 'POST', '/api/appointment/create', '[{\"doctorId\":\"1986307376001003521\",\"deptId\":\"1\",\"scheduleId\":\"1986307458771398658\",\"appointmentDate\":\"2025-11-14\",\"timeSlot\":\"EVENING\",\"consultationFee\":30},null]', '{\"code\":200,\"message\":\"操作成功\",\"data\":{\"id\":\"1989205055550619649\",\"patientId\":\"1986027188356419585\",\"doctorId\":\"1986307376001003521\",\"categoryId\":\"1\",\"deptId\":\"1\",\"scheduleId\":\"1986307458771398658\",\"appointmentDate\":\"2025-11-14\",\"timeSlot\":\"EVENING\",\"queueNumber\":1,\"patientName\":\"丁政扬\",\"patientPhone\":\"15972511761\",\"patientIdCard\":\"421221200411296191\",\"status\":\"CONFIRMED\",\"consultationFee\":30},\"timestamp\":\"1763098417557\"}', '0:0:0:0:0:0:0:1', 'Mozilla/5.0 (Windows NT 10.0; Win64; x64) AppleWebKit/537.36 (KHTML, like Gecko) Chrome/142.0.0.0 Safari/537.36', 82, 1, NULL, '2025-11-14 13:33:38');
INSERT INTO `operation_log` VALUES (1989205118616174593, 1986027188356419585, '2330220219', 'APPOINTMENT', 'UPDATE', '取消预约', 'POST', '/api/appointment/cancel/1989205055550619649', '[\"1989205055550619649\"]', '{\"code\":200,\"message\":\"操作成功\",\"data\":true,\"timestamp\":\"1763098432589\"}', '0:0:0:0:0:0:0:1', 'Mozilla/5.0 (Windows NT 10.0; Win64; x64) AppleWebKit/537.36 (KHTML, like Gecko) Chrome/142.0.0.0 Safari/537.36', 44, 1, NULL, '2025-11-14 13:33:53');
INSERT INTO `operation_log` VALUES (1989205280931545090, 1986307375942283266, '1234', 'AUTH', 'UPDATE', '用户退出登录', 'POST', '/api/user/logout', '[null]', '{\"code\":200,\"message\":\"操作成功\",\"data\":true,\"timestamp\":\"1763098471277\"}', '0:0:0:0:0:0:0:1', 'Mozilla/5.0 (Windows NT 10.0; Win64; x64) AppleWebKit/537.36 (KHTML, like Gecko) Chrome/142.0.0.0 Safari/537.36 Edg/142.0.0.0', 21, 1, NULL, '2025-11-14 13:34:31');
INSERT INTO `operation_log` VALUES (1989205285624971265, 1986307375942283266, '1234', 'AUTH', 'SELECT', '用户登录', 'POST', '/api/user/login', '[{\"username\":\"1234\",\"password\":\"123456\"}]', '{\"code\":200,\"message\":\"登录成功\",\"data\":{\"token\":\"eyJhbGciOiJIUzI1NiJ9.eyJzdWIiOiIxMjM0IiwidXNlcklkIjoxOTg2MzA3Mzc1OTQyMjgzMjY2LCJyb2xlVHlwZSI6MiwiaWF0IjoxNzYzMDk4NDcyLCJleHAiOjE3NjMxODQ4NzJ9.GmNgrXyHgNFlkOdNJDEifB5KZ2-yA6_p3dp6Ri6npbs\",\"id\":\"1986307375942283266\",\"username\":\"1234\",\"realName\":\"李四\",\"roleType\":2,\"phone\":\"\",\"doctorId\":\"1986307376001003521\"},\"timestamp\":\"1763098472399\"}', '0:0:0:0:0:0:0:1', 'Mozilla/5.0 (Windows NT 10.0; Win64; x64) AppleWebKit/537.36 (KHTML, like Gecko) Chrome/142.0.0.0 Safari/537.36 Edg/142.0.0.0', 125, 1, NULL, '2025-11-14 13:34:32');
INSERT INTO `operation_log` VALUES (1989206097084383234, 1986027188356419585, '2330220219', 'APPOINTMENT', 'INSERT', '创建预约', 'POST', '/api/appointment/create', '[{\"doctorId\":\"1986307376001003521\",\"deptId\":\"1\",\"scheduleId\":\"1986307458771398658\",\"appointmentDate\":\"2025-11-14\",\"timeSlot\":\"EVENING\",\"consultationFee\":30},null]', '{\"code\":200,\"message\":\"操作成功\",\"data\":{\"id\":\"1989206097021468674\",\"patientId\":\"1986027188356419585\",\"doctorId\":\"1986307376001003521\",\"categoryId\":\"1\",\"deptId\":\"1\",\"scheduleId\":\"1986307458771398658\",\"appointmentDate\":\"2025-11-14\",\"timeSlot\":\"EVENING\",\"queueNumber\":1,\"patientName\":\"丁政扬\",\"patientPhone\":\"15972511761\",\"patientIdCard\":\"421221200411296191\",\"status\":\"CONFIRMED\",\"consultationFee\":30},\"timestamp\":\"1763098665862\"}', '0:0:0:0:0:0:0:1', 'Mozilla/5.0 (Windows NT 10.0; Win64; x64) AppleWebKit/537.36 (KHTML, like Gecko) Chrome/142.0.0.0 Safari/537.36', 33, 1, NULL, '2025-11-14 13:37:46');
INSERT INTO `operation_log` VALUES (1989206130013863937, 1986027188356419585, '2330220219', 'APPOINTMENT', 'UPDATE', '取消预约', 'POST', '/api/appointment/cancel/1989206097021468674', '[\"1989206097021468674\"]', '{\"code\":200,\"message\":\"操作成功\",\"data\":true,\"timestamp\":\"1763098673715\"}', '0:0:0:0:0:0:0:1', 'Mozilla/5.0 (Windows NT 10.0; Win64; x64) AppleWebKit/537.36 (KHTML, like Gecko) Chrome/142.0.0.0 Safari/537.36', 37, 1, NULL, '2025-11-14 13:37:54');
INSERT INTO `operation_log` VALUES (1989207815209660417, 1986027188356419585, '2330220219', 'APPOINTMENT', 'INSERT', '创建预约', 'POST', '/api/appointment/create', '[{\"doctorId\":\"1986307376001003521\",\"deptId\":\"1\",\"scheduleId\":\"1986307458771398658\",\"appointmentDate\":\"2025-11-14\",\"timeSlot\":\"EVENING\",\"consultationFee\":30},null]', '{\"code\":200,\"message\":\"操作成功\",\"data\":{\"id\":\"1989207814958002178\",\"patientId\":\"1986027188356419585\",\"doctorId\":\"1986307376001003521\",\"categoryId\":\"1\",\"deptId\":\"1\",\"scheduleId\":\"1986307458771398658\",\"appointmentDate\":\"2025-11-14\",\"timeSlot\":\"EVENING\",\"queueNumber\":1,\"patientName\":\"丁政扬\",\"patientPhone\":\"15972511761\",\"patientIdCard\":\"421221200411296191\",\"status\":\"CONFIRMED\",\"consultationFee\":30},\"timestamp\":\"1763099075450\"}', '0:0:0:0:0:0:0:1', 'Mozilla/5.0 (Windows NT 10.0; Win64; x64) AppleWebKit/537.36 (KHTML, like Gecko) Chrome/142.0.0.0 Safari/537.36', 107, 1, NULL, '2025-11-14 13:44:35');
INSERT INTO `operation_log` VALUES (1989207847451275265, 1986027188356419585, '2330220219', 'APPOINTMENT', 'UPDATE', '取消预约', 'POST', '/api/appointment/cancel/1989207814958002178', '[\"1989207814958002178\"]', '{\"code\":200,\"message\":\"操作成功\",\"data\":true,\"timestamp\":\"1763099083187\"}', '0:0:0:0:0:0:0:1', 'Mozilla/5.0 (Windows NT 10.0; Win64; x64) AppleWebKit/537.36 (KHTML, like Gecko) Chrome/142.0.0.0 Safari/537.36', 85, 1, NULL, '2025-11-14 13:44:43');
INSERT INTO `operation_log` VALUES (1989212270617538561, 1986027188356419585, '2330220219', 'APPOINTMENT', 'INSERT', '创建预约', 'POST', '/api/appointment/create', '[{\"doctorId\":\"1986307376001003521\",\"deptId\":\"1\",\"scheduleId\":\"1986307458771398658\",\"appointmentDate\":\"2025-11-14\",\"timeSlot\":\"EVENING\",\"consultationFee\":30},null]', '{\"code\":200,\"message\":\"操作成功\",\"data\":{\"id\":\"1989212270336520193\",\"patientId\":\"1986027188356419585\",\"doctorId\":\"1986307376001003521\",\"categoryId\":\"1\",\"deptId\":\"1\",\"scheduleId\":\"1986307458771398658\",\"appointmentDate\":\"2025-11-14\",\"timeSlot\":\"EVENING\",\"queueNumber\":1,\"patientName\":\"丁政扬\",\"patientPhone\":\"15972511761\",\"patientIdCard\":\"421221200411296191\",\"status\":\"CONFIRMED\",\"consultationFee\":30},\"timestamp\":\"1763100137742\"}', '0:0:0:0:0:0:0:1', 'Mozilla/5.0 (Windows NT 10.0; Win64; x64) AppleWebKit/537.36 (KHTML, like Gecko) Chrome/142.0.0.0 Safari/537.36', 152, 1, NULL, '2025-11-14 14:02:18');
INSERT INTO `operation_log` VALUES (1989213030658977794, 1986027188356419585, '2330220219', 'APPOINTMENT', 'UPDATE', '取消预约', 'POST', '/api/appointment/cancel/1989212270336520193', '[\"1989212270336520193\"]', '{\"code\":200,\"message\":\"操作成功\",\"data\":true,\"timestamp\":\"1763100318967\"}', '0:0:0:0:0:0:0:1', 'Mozilla/5.0 (Windows NT 10.0; Win64; x64) AppleWebKit/537.36 (KHTML, like Gecko) Chrome/142.0.0.0 Safari/537.36', 81, 1, NULL, '2025-11-14 14:05:19');
INSERT INTO `operation_log` VALUES (1989213197500002305, 1986027188356419585, '2330220219', 'APPOINTMENT', 'INSERT', '创建预约', 'POST', '/api/appointment/create', '[{\"doctorId\":\"1986307376001003521\",\"deptId\":\"1\",\"scheduleId\":\"1986307458771398658\",\"appointmentDate\":\"2025-11-14\",\"timeSlot\":\"EVENING\",\"consultationFee\":30},null]', '{\"code\":200,\"message\":\"操作成功\",\"data\":{\"id\":\"1989213197369978882\",\"patientId\":\"1986027188356419585\",\"doctorId\":\"1986307376001003521\",\"categoryId\":\"1\",\"deptId\":\"1\",\"scheduleId\":\"1986307458771398658\",\"appointmentDate\":\"2025-11-14\",\"timeSlot\":\"EVENING\",\"queueNumber\":1,\"patientName\":\"丁政扬\",\"patientPhone\":\"15972511761\",\"patientIdCard\":\"421221200411296191\",\"status\":\"CONFIRMED\",\"consultationFee\":30},\"timestamp\":\"1763100358720\"}', '0:0:0:0:0:0:0:1', 'Mozilla/5.0 (Windows NT 10.0; Win64; x64) AppleWebKit/537.36 (KHTML, like Gecko) Chrome/142.0.0.0 Safari/537.36', 51, 1, NULL, '2025-11-14 14:05:59');
INSERT INTO `operation_log` VALUES (1989216331723026434, 1986027188356419585, '2330220219', 'AUTH', 'SELECT', '用户登录', 'POST', '/api/user/login', '[{\"username\":\"2330220219\",\"password\":\"123456\"}]', '{\"code\":200,\"message\":\"登录成功\",\"data\":{\"token\":\"eyJhbGciOiJIUzI1NiJ9.eyJzdWIiOiIyMzMwMjIwMjE5IiwidXNlcklkIjoxOTg2MDI3MTg4MzU2NDE5NTg1LCJyb2xlVHlwZSI6MSwiaWF0IjoxNzYzMTAxMTA1LCJleHAiOjE3NjMxODc1MDV9.URAjnTGpOKgUh4LLj5PeE-ZAP1vqK2wzO3xBhXegjWQ\",\"id\":\"1986027188356419585\",\"username\":\"2330220219\",\"realName\":\"丁政扬\",\"roleType\":1,\"phone\":\"15972511761\"},\"timestamp\":\"1763101106002\"}', '0:0:0:0:0:0:0:1', 'python-requests/2.32.3', 115, 1, NULL, '2025-11-14 14:18:26');
INSERT INTO `operation_log` VALUES (1989216332301840385, 1986027188356419585, '2330220219', 'CONSTITUTION', 'INSERT', '提交体质测试', 'POST', '/api/constitution/test/submit', '[{\"answers\":{\"1\":\"1\",\"2\":\"6\",\"3\":\"15\",\"4\":\"19\",\"5\":\"23\",\"6\":\"26\",\"7\":\"34\",\"8\":\"39\",\"9\":\"44\",\"10\":\"49\",\"11\":\"51\",\"12\":\"60\",\"13\":\"62\",\"14\":\"66\",\"15\":\"71\",\"16\":\"77\",\"17\":\"81\",\"18\":\"88\",\"19\":\"95\",\"20\":\"98\",\"21\":\"103\",\"22\":\"106\",\"23\":\"112\",\"24\":\"118\",\"25\":\"121\",\"26\":\"126\",\"27\":\"131\",\"28\":\"138\",\"29\":\"144\",\"30\":\"149\",\"31\":\"153\",\"32\":\"159\",\"33\":\"161\",\"34\":\"168\",\"35\":\"172\",\"36\":\"179\",\"37\":\"181\",\"38\":\"186\",\"39\":\"194\",\"40\":\"199\",\"41\":\"201\",\"42\":\"206\",\"43\":\"214\",\"44\":\"216\",\"45\":\"224\",\"46\":\"230\",\"47\":\"233\",\"48\":\"236\",\"49\":\"245\",\"50\":\"248\",\"51\":\"255\",\"52\":\"259\",\"53\":\"261\",\"54\":\"267\",\"55\":\"272\",\"56\":\"280\",\"57\":\"285\",\"58\":\"286\",\"59\":\"295\",\"60\":\"300\",\"61\":\"303\",\"62\":\"310\",\"63\":\"311\",\"64\":\"318\",\"65\":\"323\",\"66\":\"328\"},\"appointmentId\":\"1986307458771398658\"},null]', '{\"code\":200,\"message\":\"操作成功\",\"data\":{\"id\":\"1989216332238925825\",\"primaryConstitution\":\"XUEYU\",\"primaryConstitutionName\":\"血瘀质\",\"scores\":{\"QIXU\":43.75,\"QIYU\":50.0,\"PINGHE\":28.57,\"YINXU\":34.38,\"TEBING\":57.14,\"SHIRE\":42.86,\"YANGXU\":39.29,\"XUEYU\":67.86,\"TANSHI\":34.38},\"testDate\":\"2025-11-14\",\"report\":\"【体质测试报告】\\n\\n您的主要体质是：血瘀质\\n得分：67.9分\\n\\n【主要特征】\\n肤色晦黯，色素沉着，容易出现瘀斑，口唇黯淡，舌黯或有瘀点，舌下络脉紫黯或增粗，脉涩\\n\\n【易患疾病】\\n易患癥瘕及痛证、血证等\\n\",\"healthSuggestion\":\"【养生建议】\\n\\n饮食调养：\\n少食肥猪肉等，并保持足够的睡眠\\n\\n运动调养：\\n可进行一些有助于促进气血运行的运动项目，如太极拳、太极剑、舞蹈、步行等\\n\\n情志调节：\\n保持心情舒畅，避免情绪抑郁\\n\",\"primaryConstitutionDetail\":{\"id\":\"7\",\"typeCode\":\"XUEYU\",\"typeName\":\"血瘀质\",\"description\":\"血行不畅，以肤色晦黯、舌质紫黯等血瘀表现为主要特征\",\"characteristics\":\"肤色晦黯，色素沉着，容易出现瘀斑，口唇黯淡，舌黯或有瘀点，舌下络脉紫黯或增粗，脉涩\",\"susceptibleDiseases\":\"易患癥瘕及痛证、血证等\",\"healthAdvice\":\"可多食黑豆、海带、紫菜、萝卜、胡萝卜、山楂、醋、绿茶等具有活血、散结、行气、疏肝解郁作用的食物\",\"dietAdvice\":\"少食肥猪肉等，并保持足够的睡眠\",\"exerciseAdvice\":\"可进行一些有助于促进气血运行的运动项目，如太极拳、太极剑、舞蹈、步行等\",\"emotionAdvice\":\"保持心情舒畅，避免情绪抑郁\",\"icon\":\"xueyu.png\",\"color\":\"#722ED1\",\"sortOrder\":7}},\"timestamp\":\"1763101106131\"}', '0:0:0:0:0:0:0:1', 'python-requests/2.32.3', 92, 1, NULL, '2025-11-14 14:18:26');
INSERT INTO `operation_log` VALUES (1989216332503166978, 1986027188356419585, '2330220219', 'AUTH', 'UPDATE', '用户退出登录', 'POST', '/api/user/logout', '[null]', '{\"code\":200,\"message\":\"操作成功\",\"data\":true,\"timestamp\":\"1763101106174\"}', '0:0:0:0:0:0:0:1', 'python-requests/2.32.3', 17, 1, NULL, '2025-11-14 14:18:26');
INSERT INTO `operation_log` VALUES (1989216626590986242, 1986027188356419585, '2330220219', 'AUTH', 'SELECT', '用户登录', 'POST', '/api/user/login', '[{\"username\":\"2330220219\",\"password\":\"123456\"}]', '{\"code\":200,\"message\":\"登录成功\",\"data\":{\"token\":\"eyJhbGciOiJIUzI1NiJ9.eyJzdWIiOiIyMzMwMjIwMjE5IiwidXNlcklkIjoxOTg2MDI3MTg4MzU2NDE5NTg1LCJyb2xlVHlwZSI6MSwiaWF0IjoxNzYzMTAxMTc2LCJleHAiOjE3NjMxODc1NzZ9.LhrDQzU5jzdEUbXTOp9H4GKFYIdeyNV1MYeiiAW0iw8\",\"id\":\"1986027188356419585\",\"username\":\"2330220219\",\"realName\":\"丁政扬\",\"roleType\":1,\"phone\":\"15972511761\"},\"timestamp\":\"1763101176303\"}', '0:0:0:0:0:0:0:1', 'python-requests/2.32.3', 118, 1, NULL, '2025-11-14 14:19:36');
INSERT INTO `operation_log` VALUES (1989216626918141954, 1986027188356419585, '2330220219', 'CONSTITUTION', 'INSERT', '提交体质测试', 'POST', '/api/constitution/test/submit', '[{\"answers\":{\"1\":\"4\",\"2\":\"7\",\"3\":\"13\",\"4\":\"17\",\"5\":\"21\",\"6\":\"27\",\"7\":\"34\",\"8\":\"37\",\"9\":\"44\",\"10\":\"48\",\"11\":\"52\",\"12\":\"60\",\"13\":\"65\",\"14\":\"69\",\"15\":\"75\",\"16\":\"80\",\"17\":\"81\",\"18\":\"87\",\"19\":\"94\",\"20\":\"100\",\"21\":\"105\",\"22\":\"106\",\"23\":\"111\",\"24\":\"116\",\"25\":\"121\",\"26\":\"130\",\"27\":\"131\",\"28\":\"138\",\"29\":\"144\",\"30\":\"146\",\"31\":\"151\",\"32\":\"157\",\"33\":\"161\",\"34\":\"170\",\"35\":\"172\",\"36\":\"178\",\"37\":\"181\",\"38\":\"190\",\"39\":\"195\",\"40\":\"199\",\"41\":\"204\",\"42\":\"207\",\"43\":\"215\",\"44\":\"217\",\"45\":\"223\",\"46\":\"228\",\"47\":\"231\",\"48\":\"236\",\"49\":\"241\",\"50\":\"250\",\"51\":\"251\",\"52\":\"258\",\"53\":\"265\",\"54\":\"270\",\"55\":\"275\",\"56\":\"277\",\"57\":\"285\",\"58\":\"288\",\"59\":\"291\",\"60\":\"298\",\"61\":\"301\",\"62\":\"307\",\"63\":\"311\",\"64\":\"319\",\"65\":\"323\",\"66\":\"327\"},\"appointmentId\":\"1989213197369978882\"},null]', '{\"code\":200,\"message\":\"操作成功\",\"data\":{\"id\":\"1989216626851033089\",\"primaryConstitution\":\"QIXU\",\"primaryConstitutionName\":\"气虚质\",\"secondaryConstitution\":\"QIYU\",\"secondaryConstitutionName\":\"气郁质\",\"scores\":{\"QIXU\":68.75,\"QIYU\":67.86,\"PINGHE\":60.71,\"YINXU\":28.13,\"TEBING\":32.14,\"SHIRE\":64.29,\"YANGXU\":57.14,\"XUEYU\":28.57,\"TANSHI\":37.5},\"testDate\":\"2025-11-14\",\"report\":\"【体质测试报告】\\n\\n您的主要体质是：气虚质\\n得分：68.8分\\n\\n您的次要体质是：气郁质\\n得分：67.9分\\n\\n【主要特征】\\n肌肉松软不实，平素语音低弱，气短懒言，容易疲乏，精神不振，易出汗，舌淡红，舌边有齿痕，脉弱\\n\\n【易患疾病】\\n易患感冒、内脏下垂等病；病后康复缓慢\\n\",\"healthSuggestion\":\"【养生建议】\\n\\n饮食调养：\\n宜食性平味甘或甘温之物，宜食营养丰富、容易消化的平补食品\\n\\n运动调养：\\n可做一些柔缓的运动，如散步、打太极拳、做操等，不宜做大负荷运动和大出汗的运动\\n\\n情志调节：\\n保持心情舒畅，避免过度劳累\\n\\n【次要体质建议】\\n饮食：少食收敛酸涩之物，如乌梅、泡菜、石榴、青梅、杨梅、草莓、杨桃、酸枣、李子、柠檬等\\n\",\"primaryConstitutionDetail\":{\"id\":\"2\",\"typeCode\":\"QIXU\",\"typeName\":\"气虚质\",\"description\":\"元气不足，以疲乏、气短、自汗等气虚表现为主要特征\",\"characteristics\":\"肌肉松软不实，平素语音低弱，气短懒言，容易疲乏，精神不振，易出汗，舌淡红，舌边有齿痕，脉弱\",\"susceptibleDiseases\":\"易患感冒、内脏下垂等病；病后康复缓慢\",\"healthAdvice\":\"多食具有益气健脾作用的食物，如黄豆、白扁豆、鸡肉、泥鳅、香菇、大枣、桂圆、蜂蜜等\",\"dietAdvice\":\"宜食性平味甘或甘温之物，宜食营养丰富、容易消化的平补食品\",\"exerciseAdvice\":\"可做一些柔缓的运动，如散步、打太极拳、做操等，不宜做大负荷运动和大出汗的运动\",\"emotionAdvice\":\"保持心情舒畅，避免过度劳累\",\"icon\":\"qixu.png\",\"color\":\"#FAAD14\",\"sortOrder\":2},\"secondaryConstitutionDetail\":{\"id\":\"8\",\"typeCode\":\"QIYU\",\"typeName\":\"气郁质\",\"description\":\"气机郁滞，以神情抑郁、忧虑脆弱等气郁表现为主要特征\",\"characteristics\":\"神情抑郁，情感脆弱，烦闷不乐，舌淡红，苔薄白，脉弦\",\"susceptibleDiseases\":\"易患脏躁、梅核气、百合病及郁证等\",\"healthAdvice\":\"多吃小麦、海带、海藻、萝卜、金橘、山楂等具有行气、解郁、消食、醒神的食物\",\"dietAdvice\":\"少食收敛酸涩之物，如乌梅、泡菜、石榴、青梅、杨梅、草莓、杨桃、酸枣、李子、柠檬等\",\"exerciseAdvice\":\"尽量增加户外活动，可坚持较大量的运动锻炼\",\"emotionAdvice\":\"保持心情舒畅，多参加社会活动，多听音乐\",\"icon\":\"qiyu.png\",\"color\":\"#EB2F96\",\"sortOrder\":8}},\"timestamp\":\"1763101176378\"}', '0:0:0:0:0:0:0:1', 'python-requests/2.32.3', 40, 1, NULL, '2025-11-14 14:19:36');
INSERT INTO `operation_log` VALUES (1989216627043971073, 1986027188356419585, '2330220219', 'AUTH', 'UPDATE', '用户退出登录', 'POST', '/api/user/logout', '[null]', '{\"code\":200,\"message\":\"操作成功\",\"data\":true,\"timestamp\":\"1763101176407\"}', '0:0:0:0:0:0:0:1', 'python-requests/2.32.3', 14, 1, NULL, '2025-11-14 14:19:36');
INSERT INTO `operation_log` VALUES (1989225596579864578, 1986027188356419585, '2330220219', 'AUTH', 'SELECT', '用户登录', 'POST', '/api/user/login', '[{\"username\":\"2330220219\",\"password\":\"123456\"}]', '{\"code\":200,\"message\":\"登录成功\",\"data\":{\"token\":\"eyJhbGciOiJIUzI1NiJ9.eyJzdWIiOiIyMzMwMjIwMjE5IiwidXNlcklkIjoxOTg2MDI3MTg4MzU2NDE5NTg1LCJyb2xlVHlwZSI6MSwiaWF0IjoxNzYzMTAzMzE0LCJleHAiOjE3NjMxODk3MTR9.f68X8_jNLkZBu8hrTCNm38UMyC0IqGAPaGDSpd-_hEo\",\"id\":\"1986027188356419585\",\"username\":\"2330220219\",\"realName\":\"丁政扬\",\"roleType\":1,\"phone\":\"15972511761\"},\"timestamp\":\"1763103314895\"}', '0:0:0:0:0:0:0:1', 'Mozilla/5.0 (Windows NT 10.0; Win64; x64) AppleWebKit/537.36 (KHTML, like Gecko) Chrome/142.0.0.0 Safari/537.36', 783, 1, NULL, '2025-11-14 14:55:15');
INSERT INTO `operation_log` VALUES (1989229505390108674, 1986307375942283266, '1234', 'AUTH', 'SELECT', '用户登录', 'POST', '/api/user/login', '[{\"username\":\"1234\",\"password\":\"123456\"}]', '{\"code\":200,\"message\":\"登录成功\",\"data\":{\"token\":\"eyJhbGciOiJIUzI1NiJ9.eyJzdWIiOiIxMjM0IiwidXNlcklkIjoxOTg2MzA3Mzc1OTQyMjgzMjY2LCJyb2xlVHlwZSI6MiwiaWF0IjoxNzYzMTA0MjQ2LCJleHAiOjE3NjMxOTA2NDZ9.-_zhPCuPXH6fdnAtrEQAOmyhfMH6BPnjBMeN55tpD6I\",\"id\":\"1986307375942283266\",\"username\":\"1234\",\"realName\":\"李四\",\"roleType\":2,\"phone\":\"\",\"doctorId\":\"1986307376001003521\"},\"timestamp\":\"1763104246826\"}', '0:0:0:0:0:0:0:1', 'Mozilla/5.0 (Windows NT 10.0; Win64; x64) AppleWebKit/537.36 (KHTML, like Gecko) Chrome/142.0.0.0 Safari/537.36 Edg/142.0.0.0', 172, 1, NULL, '2025-11-14 15:10:47');
INSERT INTO `operation_log` VALUES (1989239659028385794, 1986307375942283266, '1234', 'AUTH', 'UPDATE', '用户退出登录', 'POST', '/api/user/logout', '[null]', '{\"code\":200,\"message\":\"操作成功\",\"data\":true,\"timestamp\":\"1763106667598\"}', '0:0:0:0:0:0:0:1', 'Mozilla/5.0 (Windows NT 10.0; Win64; x64) AppleWebKit/537.36 (KHTML, like Gecko) Chrome/142.0.0.0 Safari/537.36 Edg/142.0.0.0', 127, 1, NULL, '2025-11-14 15:51:08');
INSERT INTO `operation_log` VALUES (1989239677453963265, 1986027188356419205, 'admin', 'AUTH', 'SELECT', '用户登录', 'POST', '/api/user/login', '[{\"username\":\"admin\",\"password\":\"123456\"}]', '{\"code\":200,\"message\":\"登录成功\",\"data\":{\"token\":\"eyJhbGciOiJIUzI1NiJ9.eyJzdWIiOiJhZG1pbiIsInVzZXJJZCI6MTk4NjAyNzE4ODM1NjQxOTIwNSwicm9sZVR5cGUiOjMsImlhdCI6MTc2MzEwNjY3MSwiZXhwIjoxNzYzMTkzMDcxfQ.YSN5fpZhVduIkbycYkxJrtakPNSRdZV2sdUzEWpSYhU\",\"id\":\"1986027188356419205\",\"username\":\"admin\",\"realName\":\"系统管理员\",\"roleType\":3,\"phone\":\"13800138000\"},\"timestamp\":\"1763106672048\"}', '0:0:0:0:0:0:0:1', 'Mozilla/5.0 (Windows NT 10.0; Win64; x64) AppleWebKit/537.36 (KHTML, like Gecko) Chrome/142.0.0.0 Safari/537.36 Edg/142.0.0.0', 154, 1, NULL, '2025-11-14 15:51:12');
INSERT INTO `operation_log` VALUES (1989239783234310145, 1986027188356419205, 'admin', 'DOCTOR', 'UPDATE', '刷新医生列表缓存', 'POST', '/api/doctor/admin/refresh-cache', NULL, '{\"code\":200,\"message\":\"刷新成功\",\"timestamp\":\"1763106697268\"}', '0:0:0:0:0:0:0:1', 'Mozilla/5.0 (Windows NT 10.0; Win64; x64) AppleWebKit/537.36 (KHTML, like Gecko) Chrome/142.0.0.0 Safari/537.36 Edg/142.0.0.0', 76, 1, NULL, '2025-11-14 15:51:37');
INSERT INTO `operation_log` VALUES (1989239792759574530, 1986027188356419205, 'admin', 'SCHEDULE', 'UPDATE', '刷新排班列表缓存', 'POST', '/api/schedule/admin/refresh-cache', NULL, '{\"code\":200,\"message\":\"刷新成功\",\"timestamp\":\"1763106699548\"}', '0:0:0:0:0:0:0:1', 'Mozilla/5.0 (Windows NT 10.0; Win64; x64) AppleWebKit/537.36 (KHTML, like Gecko) Chrome/142.0.0.0 Safari/537.36 Edg/142.0.0.0', 8, 1, NULL, '2025-11-14 15:51:40');
INSERT INTO `operation_log` VALUES (1989239797117456385, 1986027188356419205, 'admin', 'APPOINTMENT', 'UPDATE', '刷新预约列表缓存', 'POST', '/api/appointment/admin/refresh-cache', NULL, '{\"code\":200,\"message\":\"刷新成功\",\"timestamp\":\"1763106700587\"}', '0:0:0:0:0:0:0:1', 'Mozilla/5.0 (Windows NT 10.0; Win64; x64) AppleWebKit/537.36 (KHTML, like Gecko) Chrome/142.0.0.0 Safari/537.36 Edg/142.0.0.0', 5, 1, NULL, '2025-11-14 15:51:41');
INSERT INTO `operation_log` VALUES (1989244578615627777, 1986027188356419205, 'admin', 'SYSTEM', 'SELECT', '导出操作日志', 'GET', '/api/system/logs/export', '[{\"page\":\"1\",\"pageSize\":\"10\"},null]', 'null', '0:0:0:0:0:0:0:1', 'Mozilla/5.0 (Windows NT 10.0; Win64; x64) AppleWebKit/537.36 (KHTML, like Gecko) Chrome/142.0.0.0 Safari/537.36 Edg/142.0.0.0', 1853, 1, NULL, '2025-11-14 16:10:41');
INSERT INTO `operation_log` VALUES (1989248243930230786, 1986027188356419205, 'admin', 'SYSTEM', 'SELECT', '导出操作日志', 'GET', '/api/system/logs/export', '[{\"page\":\"1\",\"pageSize\":\"10\"},null]', 'null', '0:0:0:0:0:0:0:1', 'Mozilla/5.0 (Windows NT 10.0; Win64; x64) AppleWebKit/537.36 (KHTML, like Gecko) Chrome/142.0.0.0 Safari/537.36 Edg/142.0.0.0', 1251, 1, NULL, '2025-11-14 16:25:14');
INSERT INTO `operation_log` VALUES (1989248815169269761, 1986027188356419205, 'admin', 'SYSTEM', 'SELECT', '导出操作日志', 'GET', '/api/system/logs/export', '[{\"page\":\"1\",\"pageSize\":\"10\"},null]', 'null', '0:0:0:0:0:0:0:1', 'Mozilla/5.0 (Windows NT 10.0; Win64; x64) AppleWebKit/537.36 (KHTML, like Gecko) Chrome/142.0.0.0 Safari/537.36 Edg/142.0.0.0', 154, 1, NULL, '2025-11-14 16:27:31');
INSERT INTO `operation_log` VALUES (1989249003992641537, 1986027188356419205, 'admin', 'SYSTEM', 'SELECT', '导出操作日志', 'GET', '/api/system/logs/export', '[{\"page\":\"1\",\"pageSize\":\"10\"},null]', 'null', '0:0:0:0:0:0:0:1', 'Mozilla/5.0 (Windows NT 10.0; Win64; x64) AppleWebKit/537.36 (KHTML, like Gecko) Chrome/142.0.0.0 Safari/537.36 Edg/142.0.0.0', 111, 1, NULL, '2025-11-14 16:28:16');
INSERT INTO `operation_log` VALUES (1989260943666139137, 1986027188356419205, 'admin', 'AUTH', 'UPDATE', '用户退出登录', 'POST', '/api/user/logout', '[null]', '{\"code\":200,\"message\":\"操作成功\",\"data\":true,\"timestamp\":\"1763111742304\"}', '0:0:0:0:0:0:0:1', 'Mozilla/5.0 (Windows NT 10.0; Win64; x64) AppleWebKit/537.36 (KHTML, like Gecko) Chrome/142.0.0.0 Safari/537.36 Edg/142.0.0.0', 19, 1, NULL, '2025-11-14 17:15:42');
INSERT INTO `operation_log` VALUES (1989260989237252097, 1986307375942283266, '1234', 'AUTH', 'SELECT', '用户登录', 'POST', '/api/user/login', '[{\"username\":\"1234\",\"password\":\"123456\"}]', '{\"code\":200,\"message\":\"登录成功\",\"data\":{\"token\":\"eyJhbGciOiJIUzI1NiJ9.eyJzdWIiOiIxMjM0IiwidXNlcklkIjoxOTg2MzA3Mzc1OTQyMjgzMjY2LCJyb2xlVHlwZSI6MiwiaWF0IjoxNzYzMTExNzUzLCJleHAiOjE3NjMxOTgxNTN9.gCG_fQMQq4Dc3BZBzaqpntO2hGKfV_7pvv_RO2s05j8\",\"id\":\"1986307375942283266\",\"username\":\"1234\",\"realName\":\"李四\",\"roleType\":2,\"phone\":\"\",\"doctorId\":\"1986307376001003521\"},\"timestamp\":\"1763111753186\"}', '0:0:0:0:0:0:0:1', 'Mozilla/5.0 (Windows NT 10.0; Win64; x64) AppleWebKit/537.36 (KHTML, like Gecko) Chrome/142.0.0.0 Safari/537.36 Edg/142.0.0.0', 102, 1, NULL, '2025-11-14 17:15:53');
INSERT INTO `operation_log` VALUES (1989266864001253377, 1986307375942283266, '1234', 'AUTH', 'UPDATE', '用户退出登录', 'POST', '/api/user/logout', '[null]', '{\"code\":200,\"message\":\"操作成功\",\"data\":true,\"timestamp\":\"1763113153821\"}', '0:0:0:0:0:0:0:1', 'Mozilla/5.0 (Windows NT 10.0; Win64; x64) AppleWebKit/537.36 (KHTML, like Gecko) Chrome/142.0.0.0 Safari/537.36 Edg/142.0.0.0', 62, 1, NULL, '2025-11-14 17:39:14');
INSERT INTO `operation_log` VALUES (1989266886658883586, 1986307375942283266, '1234', 'AUTH', 'SELECT', '用户登录', 'POST', '/api/user/login', '[{\"username\":\"1234\",\"password\":\"123456\"}]', '{\"code\":200,\"message\":\"登录成功\",\"data\":{\"token\":\"eyJhbGciOiJIUzI1NiJ9.eyJzdWIiOiIxMjM0IiwidXNlcklkIjoxOTg2MzA3Mzc1OTQyMjgzMjY2LCJyb2xlVHlwZSI6MiwiaWF0IjoxNzYzMTEzMTU5LCJleHAiOjE3NjMxOTk1NTl9.gWpl1IjSbdGvaGd9uDJeglczWHv5v1OdoihbnpG5OHo\",\"id\":\"1986307375942283266\",\"username\":\"1234\",\"realName\":\"李四\",\"roleType\":2,\"phone\":\"\",\"doctorId\":\"1986307376001003521\"},\"timestamp\":\"1763113159239\"}', '0:0:0:0:0:0:0:1', 'Mozilla/5.0 (Windows NT 10.0; Win64; x64) AppleWebKit/537.36 (KHTML, like Gecko) Chrome/142.0.0.0 Safari/537.36 Edg/142.0.0.0', 172, 1, NULL, '2025-11-14 17:39:19');
INSERT INTO `operation_log` VALUES (1989275835672145922, 1986027188356419585, '2330220219', 'AUTH', 'SELECT', '用户登录', 'POST', '/api/user/login', '[{\"username\":\"2330220219\",\"password\":\"123456\"}]', '{\"code\":200,\"message\":\"登录成功\",\"data\":{\"token\":\"eyJhbGciOiJIUzI1NiJ9.eyJzdWIiOiIyMzMwMjIwMjE5IiwidXNlcklkIjoxOTg2MDI3MTg4MzU2NDE5NTg1LCJyb2xlVHlwZSI6MSwiaWF0IjoxNzYzMTE1MjkyLCJleHAiOjE3NjMyMDE2OTJ9.PxzdrjfhwEKfI2Rd4cCEGiUPO3zMNRJPPDds0hHi574\",\"id\":\"1986027188356419585\",\"username\":\"2330220219\",\"realName\":\"丁政扬\",\"roleType\":1,\"phone\":\"15972511761\"},\"timestamp\":\"1763115292812\"}', '0:0:0:0:0:0:0:1', 'Mozilla/5.0 (Windows NT 10.0; Win64; x64) AppleWebKit/537.36 (KHTML, like Gecko) Chrome/142.0.0.0 Safari/537.36', 534, 1, NULL, '2025-11-14 18:14:53');
INSERT INTO `operation_log` VALUES (1989278165024948225, 1986027188356419585, '2330220219', 'AUTH', 'SELECT', '用户登录', 'POST', '/api/user/login', '[{\"username\":\"2330220219\",\"password\":\"123456\"}]', '{\"code\":200,\"message\":\"登录成功\",\"data\":{\"token\":\"eyJhbGciOiJIUzI1NiJ9.eyJzdWIiOiIyMzMwMjIwMjE5IiwidXNlcklkIjoxOTg2MDI3MTg4MzU2NDE5NTg1LCJyb2xlVHlwZSI6MSwiaWF0IjoxNzYzMTE1ODQ4LCJleHAiOjE3NjMyMDIyNDh9.470xAUDlFuggpx8Me5P0g798YivhngYDRQobZgdfI2g\",\"id\":\"1986027188356419585\",\"username\":\"2330220219\",\"realName\":\"丁政扬\",\"roleType\":1,\"phone\":\"15972511761\"},\"timestamp\":\"1763115848185\"}', '0:0:0:0:0:0:0:1', 'Mozilla/5.0 (Windows NT 10.0; Win64; x64) AppleWebKit/537.36 (KHTML, like Gecko) Chrome/142.0.0.0 Safari/537.36', 277, 1, NULL, '2025-11-14 18:24:08');
INSERT INTO `operation_log` VALUES (1989281880783994882, 1986027188356419585, '2330220219', 'AUTH', 'SELECT', '用户登录', 'POST', '/api/user/login', '[{\"username\":\"2330220219\",\"password\":\"123456\"}]', '{\"code\":200,\"message\":\"登录成功\",\"data\":{\"token\":\"eyJhbGciOiJIUzI1NiJ9.eyJzdWIiOiIyMzMwMjIwMjE5IiwidXNlcklkIjoxOTg2MDI3MTg4MzU2NDE5NTg1LCJyb2xlVHlwZSI6MSwiaWF0IjoxNzYzMTE2NzMzLCJleHAiOjE3NjMyMDMxMzN9.FOPzdkScj4x2YB_d98iiJ-c9YbKB59_6SWInj_pgAK4\",\"id\":\"1986027188356419585\",\"username\":\"2330220219\",\"realName\":\"丁政扬\",\"roleType\":1,\"phone\":\"15972511761\"},\"timestamp\":\"1763116734089\"}', '0:0:0:0:0:0:0:1', 'Mozilla/5.0 (Windows NT 10.0; Win64; x64) AppleWebKit/537.36 (KHTML, like Gecko) Chrome/142.0.0.0 Safari/537.36', 369, 1, NULL, '2025-11-14 18:38:54');
INSERT INTO `operation_log` VALUES (1989282672882499586, 1986027188356419585, '2330220219', 'AUTH', 'SELECT', '用户登录', 'POST', '/api/user/login', '[{\"username\":\"2330220219\",\"password\":\"123456\"}]', '{\"code\":200,\"message\":\"登录成功\",\"data\":{\"token\":\"eyJhbGciOiJIUzI1NiJ9.eyJzdWIiOiIyMzMwMjIwMjE5IiwidXNlcklkIjoxOTg2MDI3MTg4MzU2NDE5NTg1LCJyb2xlVHlwZSI6MSwiaWF0IjoxNzYzMTE2OTIyLCJleHAiOjE3NjMyMDMzMjJ9.Q8xzTHNEaqmFcV3MAdgFCPtmv0utoLKpfYuFbO13YlI\",\"id\":\"1986027188356419585\",\"username\":\"2330220219\",\"realName\":\"丁政扬\",\"roleType\":1,\"phone\":\"15972511761\"},\"timestamp\":\"1763116922959\"}', '0:0:0:0:0:0:0:1', 'Mozilla/5.0 (Windows NT 10.0; Win64; x64) AppleWebKit/537.36 (KHTML, like Gecko) Chrome/142.0.0.0 Safari/537.36', 155, 1, NULL, '2025-11-14 18:42:03');
INSERT INTO `operation_log` VALUES (1989286429523546114, 1986027188356419585, '2330220219', 'AUTH', 'UPDATE', '用户退出登录', 'POST', '/api/user/logout', '[null]', '{\"code\":200,\"message\":\"操作成功\",\"data\":true,\"timestamp\":\"1763117818575\"}', '0:0:0:0:0:0:0:1', 'Mozilla/5.0 (Windows NT 10.0; Win64; x64) AppleWebKit/537.36 (KHTML, like Gecko) Chrome/142.0.0.0 Safari/537.36', 187, 1, NULL, '2025-11-14 18:56:59');
INSERT INTO `operation_log` VALUES (1989286455284961281, 1986027188356419585, '2330220219', 'AUTH', 'SELECT', '用户登录', 'POST', '/api/user/login', '[{\"username\":\"2330220219\",\"password\":\"123456\"}]', '{\"code\":200,\"message\":\"登录成功\",\"data\":{\"token\":\"eyJhbGciOiJIUzI1NiJ9.eyJzdWIiOiIyMzMwMjIwMjE5IiwidXNlcklkIjoxOTg2MDI3MTg4MzU2NDE5NTg1LCJyb2xlVHlwZSI6MSwiaWF0IjoxNzYzMTE3ODI0LCJleHAiOjE3NjMyMDQyMjR9.xB0Rucx2N2GAjuHpgQdOU2putr0JZF8hKx2x2r972yI\",\"id\":\"1986027188356419585\",\"username\":\"2330220219\",\"realName\":\"丁政扬\",\"roleType\":1,\"phone\":\"15972511761\"},\"timestamp\":\"1763117824751\"}', '0:0:0:0:0:0:0:1', 'Mozilla/5.0 (Windows NT 10.0; Win64; x64) AppleWebKit/537.36 (KHTML, like Gecko) Chrome/142.0.0.0 Safari/537.36', 150, 1, NULL, '2025-11-14 18:57:05');
INSERT INTO `operation_log` VALUES (1989286492798816258, 1986307375942283266, '1234', 'AUTH', 'SELECT', '用户登录', 'POST', '/api/user/login', '[{\"username\":\"1234\",\"password\":\"123456\"}]', '{\"code\":200,\"message\":\"登录成功\",\"data\":{\"token\":\"eyJhbGciOiJIUzI1NiJ9.eyJzdWIiOiIxMjM0IiwidXNlcklkIjoxOTg2MzA3Mzc1OTQyMjgzMjY2LCJyb2xlVHlwZSI6MiwiaWF0IjoxNzYzMTE3ODMzLCJleHAiOjE3NjMyMDQyMzN9.TjYsNeY-ZkMU4zIvwuUEJyjQZNGnjsm47GevPzoItz8\",\"id\":\"1986307375942283266\",\"username\":\"1234\",\"realName\":\"李四\",\"roleType\":2,\"phone\":\"\",\"doctorId\":\"1986307376001003521\"},\"timestamp\":\"1763117833706\"}', '0:0:0:0:0:0:0:1', 'Mozilla/5.0 (Windows NT 10.0; Win64; x64) AppleWebKit/537.36 (KHTML, like Gecko) Chrome/142.0.0.0 Safari/537.36 Edg/142.0.0.0', 119, 1, NULL, '2025-11-14 18:57:14');
INSERT INTO `operation_log` VALUES (1989512174238158849, 1986027188356419585, '2330220219', 'AUTH', 'SELECT', '用户登录', 'POST', '/api/user/login', '[{\"username\":\"2330220219\",\"password\":\"123456\"}]', '{\"code\":200,\"message\":\"登录成功\",\"data\":{\"token\":\"eyJhbGciOiJIUzI1NiJ9.eyJzdWIiOiIyMzMwMjIwMjE5IiwidXNlcklkIjoxOTg2MDI3MTg4MzU2NDE5NTg1LCJyb2xlVHlwZSI6MSwiaWF0IjoxNzYzMTcxNjQwLCJleHAiOjE3NjMyNTgwNDB9.uQPOMUrptoAfPwdkfq8hJJeFfvLSwCOrijyebvhG4ZE\",\"id\":\"1986027188356419585\",\"username\":\"2330220219\",\"realName\":\"丁政扬\",\"roleType\":1,\"phone\":\"15972511761\"},\"timestamp\":\"1763171640331\"}', '0:0:0:0:0:0:0:1', 'Mozilla/5.0 (Windows NT 10.0; Win64; x64) AppleWebKit/537.36 (KHTML, like Gecko) Chrome/142.0.0.0 Safari/537.36', 458, 1, NULL, '2025-11-15 09:54:00');
INSERT INTO `operation_log` VALUES (1989517985861132289, 1986027188356419205, 'admin', 'AUTH', 'SELECT', '用户登录', 'POST', '/api/user/login', '[{\"username\":\"admin\",\"password\":\"123456\"}]', '{\"code\":200,\"message\":\"登录成功\",\"data\":{\"token\":\"eyJhbGciOiJIUzI1NiJ9.eyJzdWIiOiJhZG1pbiIsInVzZXJJZCI6MTk4NjAyNzE4ODM1NjQxOTIwNSwicm9sZVR5cGUiOjMsImlhdCI6MTc2MzE3MzAyNSwiZXhwIjoxNzYzMjU5NDI1fQ.ec89khVdMs3rafxxG-ZwCFmc8NnbUFfRxgINfzbDOGE\",\"id\":\"1986027188356419205\",\"username\":\"admin\",\"realName\":\"系统管理员\",\"roleType\":3,\"phone\":\"13800138000\"},\"timestamp\":\"1763173025943\"}', '0:0:0:0:0:0:0:1', 'Mozilla/5.0 (Windows NT 10.0; Win64; x64) AppleWebKit/537.36 (KHTML, like Gecko) Chrome/142.0.0.0 Safari/537.36 Edg/142.0.0.0', 131, 1, NULL, '2025-11-15 10:17:06');
INSERT INTO `operation_log` VALUES (1989524079748603906, 1986307375942283266, '1234', 'AUTH', 'SELECT', '用户登录', 'POST', '/api/user/login', '[{\"username\":\"1234\",\"password\":\"123456\"}]', '{\"code\":200,\"message\":\"登录成功\",\"data\":{\"token\":\"eyJhbGciOiJIUzI1NiJ9.eyJzdWIiOiIxMjM0IiwidXNlcklkIjoxOTg2MzA3Mzc1OTQyMjgzMjY2LCJyb2xlVHlwZSI6MiwiaWF0IjoxNzYzMTc0NDc4LCJleHAiOjE3NjMyNjA4Nzh9.KDeIyv4_qMI9_HodR8oT5rc3IxOYutHmLIAprmA6tDA\",\"id\":\"1986307375942283266\",\"username\":\"1234\",\"realName\":\"李四\",\"roleType\":2,\"phone\":\"\",\"doctorId\":\"1986307376001003521\"},\"timestamp\":\"1763174478836\"}', '0:0:0:0:0:0:0:1', 'Mozilla/5.0 (Windows NT 10.0; Win64; x64) AppleWebKit/537.36 (KHTML, like Gecko) Chrome/142.0.0.0 Safari/537.36 Edg/142.0.0.0', 148, 1, NULL, '2025-11-15 10:41:19');
INSERT INTO `operation_log` VALUES (1989533246341758977, 1986027188356419585, '2330220219', 'AUTH', 'UPDATE', '用户退出登录', 'POST', '/api/user/logout', '[null]', '{\"code\":200,\"message\":\"操作成功\",\"data\":true,\"timestamp\":\"1763176664310\"}', '0:0:0:0:0:0:0:1', 'Mozilla/5.0 (Windows NT 10.0; Win64; x64) AppleWebKit/537.36 (KHTML, like Gecko) Chrome/142.0.0.0 Safari/537.36', 43, 1, NULL, '2025-11-15 11:17:44');
INSERT INTO `operation_log` VALUES (1989533284455399426, 1986307375942283266, '1234', 'AUTH', 'SELECT', '用户登录', 'POST', '/api/user/login', '[{\"username\":\"1234\",\"password\":\"123456\"}]', '{\"code\":200,\"message\":\"登录成功\",\"data\":{\"token\":\"eyJhbGciOiJIUzI1NiJ9.eyJzdWIiOiIxMjM0IiwidXNlcklkIjoxOTg2MzA3Mzc1OTQyMjgzMjY2LCJyb2xlVHlwZSI6MiwiaWF0IjoxNzYzMTc2NjczLCJleHAiOjE3NjMyNjMwNzN9.H348ooADkGX2VBLyLayX5pEzLG-AkKzlvdSf5-8eNaE\",\"id\":\"1986307375942283266\",\"username\":\"1234\",\"realName\":\"李四\",\"roleType\":2,\"phone\":\"\",\"doctorId\":\"1986307376001003521\"},\"timestamp\":\"1763176673416\"}', '0:0:0:0:0:0:0:1', 'Mozilla/5.0 (Windows NT 10.0; Win64; x64) AppleWebKit/537.36 (KHTML, like Gecko) Chrome/142.0.0.0 Safari/537.36', 116, 1, NULL, '2025-11-15 11:17:53');
INSERT INTO `operation_log` VALUES (1989537128610480130, 1986027188356419205, 'admin', 'AUTH', 'UPDATE', '用户退出登录', 'POST', '/api/user/logout', '[null]', '{\"code\":200,\"message\":\"操作成功\",\"data\":true,\"timestamp\":\"1763177589923\"}', '0:0:0:0:0:0:0:1', 'Mozilla/5.0 (Windows NT 10.0; Win64; x64) AppleWebKit/537.36 (KHTML, like Gecko) Chrome/142.0.0.0 Safari/537.36 Edg/142.0.0.0', 37, 1, NULL, '2025-11-15 11:33:10');
INSERT INTO `operation_log` VALUES (1989537147006697473, 1986027188356419585, '2330220219', 'AUTH', 'SELECT', '用户登录', 'POST', '/api/user/login', '[{\"username\":\"2330220219\",\"password\":\"123456\"}]', '{\"code\":200,\"message\":\"登录成功\",\"data\":{\"token\":\"eyJhbGciOiJIUzI1NiJ9.eyJzdWIiOiIyMzMwMjIwMjE5IiwidXNlcklkIjoxOTg2MDI3MTg4MzU2NDE5NTg1LCJyb2xlVHlwZSI6MSwiaWF0IjoxNzYzMTc3NTk0LCJleHAiOjE3NjMyNjM5OTR9.3-TC30KIgsJSOag-5TWc-QDwCroB6juRByZzj9l58dY\",\"id\":\"1986027188356419585\",\"username\":\"2330220219\",\"realName\":\"丁政扬\",\"roleType\":1,\"phone\":\"15972511761\"},\"timestamp\":\"1763177594315\"}', '0:0:0:0:0:0:0:1', 'Mozilla/5.0 (Windows NT 10.0; Win64; x64) AppleWebKit/537.36 (KHTML, like Gecko) Chrome/142.0.0.0 Safari/537.36 Edg/142.0.0.0', 138, 1, NULL, '2025-11-15 11:33:14');
INSERT INTO `operation_log` VALUES (1989545853227986945, 1986027188356419585, '2330220219', 'AUTH', 'UPDATE', '用户退出登录', 'POST', '/api/user/logout', '[null]', '{\"code\":200,\"message\":\"操作成功\",\"data\":true,\"timestamp\":\"1763179670006\"}', '0:0:0:0:0:0:0:1', 'Mozilla/5.0 (Windows NT 10.0; Win64; x64) AppleWebKit/537.36 (KHTML, like Gecko) Chrome/142.0.0.0 Safari/537.36 Edg/142.0.0.0', 64, 1, NULL, '2025-11-15 12:07:50');
INSERT INTO `operation_log` VALUES (1989545862807777282, 1986027188356419205, 'admin', 'AUTH', 'SELECT', '用户登录', 'POST', '/api/user/login', '[{\"username\":\"admin\",\"password\":\"123456\"}]', '{\"code\":200,\"message\":\"登录成功\",\"data\":{\"token\":\"eyJhbGciOiJIUzI1NiJ9.eyJzdWIiOiJhZG1pbiIsInVzZXJJZCI6MTk4NjAyNzE4ODM1NjQxOTIwNSwicm9sZVR5cGUiOjMsImlhdCI6MTc2MzE3OTY3MiwiZXhwIjoxNzYzMjY2MDcyfQ.iD9Q9M9mUqJjxqBqh8xh3UQX-EdQP9eMNBaTbnDSDQQ\",\"id\":\"1986027188356419205\",\"username\":\"admin\",\"realName\":\"系统管理员\",\"roleType\":3,\"phone\":\"13800138000\"},\"timestamp\":\"1763179672334\"}', '0:0:0:0:0:0:0:1', 'Mozilla/5.0 (Windows NT 10.0; Win64; x64) AppleWebKit/537.36 (KHTML, like Gecko) Chrome/142.0.0.0 Safari/537.36 Edg/142.0.0.0', 120, 1, NULL, '2025-11-15 12:07:52');
INSERT INTO `operation_log` VALUES (1989555715542388738, 1986307375942283266, '1234', 'AUTH', 'UPDATE', '用户退出登录', 'POST', '/api/user/logout', '[null]', '{\"code\":200,\"message\":\"操作成功\",\"data\":true,\"timestamp\":\"1763182021355\"}', '0:0:0:0:0:0:0:1', 'Mozilla/5.0 (Windows NT 10.0; Win64; x64) AppleWebKit/537.36 (KHTML, like Gecko) Chrome/142.0.0.0 Safari/537.36', 72, 1, NULL, '2025-11-15 12:47:01');
INSERT INTO `operation_log` VALUES (1989555745149980674, 1986027188356419585, '2330220219', 'AUTH', 'SELECT', '用户登录', 'POST', '/api/user/login', '[{\"username\":\"2330220219\",\"password\":\"123456\"}]', '{\"code\":200,\"message\":\"登录成功\",\"data\":{\"token\":\"eyJhbGciOiJIUzI1NiJ9.eyJzdWIiOiIyMzMwMjIwMjE5IiwidXNlcklkIjoxOTg2MDI3MTg4MzU2NDE5NTg1LCJyb2xlVHlwZSI6MSwiaWF0IjoxNzYzMTgyMDI4LCJleHAiOjE3NjMyNjg0Mjh9.I_u_irq1vsHEgy_uULqeUKZPrq9xI8SNf3KGUV4-7OA\",\"id\":\"1986027188356419585\",\"username\":\"2330220219\",\"realName\":\"丁政扬\",\"roleType\":1,\"phone\":\"15972511761\"},\"timestamp\":\"1763182028458\"}', '0:0:0:0:0:0:0:1', 'Mozilla/5.0 (Windows NT 10.0; Win64; x64) AppleWebKit/537.36 (KHTML, like Gecko) Chrome/142.0.0.0 Safari/537.36', 154, 1, NULL, '2025-11-15 12:47:08');
INSERT INTO `operation_log` VALUES (1989934876061040642, 1986027188356419205, 'admin', 'AUTH', 'SELECT', '用户登录', 'POST', '/api/user/login', '[{\"username\":\"admin\",\"password\":\"123456\"}]', '{\"code\":200,\"message\":\"登录成功\",\"data\":{\"token\":\"eyJhbGciOiJIUzI1NiJ9.eyJzdWIiOiJhZG1pbiIsInVzZXJJZCI6MTk4NjAyNzE4ODM1NjQxOTIwNSwicm9sZVR5cGUiOjMsImlhdCI6MTc2MzI3MjQxOSwiZXhwIjoxNzYzMjc5NjE5fQ.9nMMoED3hja_JOjVF6PbP4S0y9tWZbxzdHdyF-DV1u8\",\"id\":\"1986027188356419205\",\"username\":\"admin\",\"realName\":\"系统管理员\",\"roleType\":3,\"phone\":\"13800138000\"},\"timestamp\":\"1763272420298\"}', '0:0:0:0:0:0:0:1', 'Mozilla/5.0 (Windows NT 10.0; Win64; x64) AppleWebKit/537.36 (KHTML, like Gecko) Chrome/142.0.0.0 Safari/537.36', 1195, 1, NULL, '2025-11-16 13:53:40');
INSERT INTO `operation_log` VALUES (1989943180002750466, 1986027188356419205, 'admin', 'USER', 'UPDATE', '更新用户信息', 'PUT', '/api/system/user', '[{\"id\":\"1988482122251673601\",\"username\":\"test\",\"realName\":\"test\",\"phone\":\"15762855781\",\"email\":\"test@qq.com\",\"gender\":2,\"birthDate\":\"2025-11-12\",\"idCard\":\"421221200488752462\",\"address\":\"湖北省咸宁市嘉鱼县武汉工程科技学院\",\"roleType\":1,\"status\":1},null]', '{\"code\":200,\"message\":\"操作成功\",\"data\":true,\"timestamp\":\"1763274400117\"}', '0:0:0:0:0:0:0:1', 'Mozilla/5.0 (Windows NT 10.0; Win64; x64) AppleWebKit/537.36 (KHTML, like Gecko) Chrome/142.0.0.0 Safari/537.36', 61, 1, NULL, '2025-11-16 14:26:40');
INSERT INTO `operation_log` VALUES (1989944082998652930, 1986027188356419205, 'admin', 'APPOINTMENT', 'UPDATE', '刷新预约列表缓存', 'POST', '/api/appointment/admin/refresh-cache', NULL, '{\"code\":200,\"message\":\"刷新成功\",\"timestamp\":\"1763274615432\"}', '0:0:0:0:0:0:0:1', 'Mozilla/5.0 (Windows NT 10.0; Win64; x64) AppleWebKit/537.36 (KHTML, like Gecko) Chrome/142.0.0.0 Safari/537.36', 5, 1, NULL, '2025-11-16 14:30:15');
INSERT INTO `operation_log` VALUES (1989944083132870657, 1986027188356419205, 'admin', 'SCHEDULE', 'UPDATE', '刷新排班列表缓存', 'POST', '/api/schedule/admin/refresh-cache', NULL, '{\"code\":200,\"message\":\"刷新成功\",\"timestamp\":\"1763274615462\"}', '0:0:0:0:0:0:0:1', 'Mozilla/5.0 (Windows NT 10.0; Win64; x64) AppleWebKit/537.36 (KHTML, like Gecko) Chrome/142.0.0.0 Safari/537.36', 6, 1, NULL, '2025-11-16 14:30:15');
INSERT INTO `operation_log` VALUES (1989944085481680898, 1986027188356419205, 'admin', 'DOCTOR', 'UPDATE', '刷新医生列表缓存', 'POST', '/api/doctor/admin/refresh-cache', NULL, '{\"code\":200,\"message\":\"刷新成功\",\"timestamp\":\"1763274616007\"}', '0:0:0:0:0:0:0:1', 'Mozilla/5.0 (Windows NT 10.0; Win64; x64) AppleWebKit/537.36 (KHTML, like Gecko) Chrome/142.0.0.0 Safari/537.36', 60, 1, NULL, '2025-11-16 14:30:16');
INSERT INTO `operation_log` VALUES (1989944309985996802, 1986027188356419205, 'admin', 'DOCTOR', 'UPDATE', '刷新医生列表缓存', 'POST', '/api/doctor/admin/refresh-cache', NULL, '{\"code\":200,\"message\":\"刷新成功\",\"timestamp\":\"1763274669534\"}', '0:0:0:0:0:0:0:1', 'Mozilla/5.0 (Windows NT 10.0; Win64; x64) AppleWebKit/537.36 (KHTML, like Gecko) Chrome/142.0.0.0 Safari/537.36', 30, 1, NULL, '2025-11-16 14:31:10');
INSERT INTO `operation_log` VALUES (1989944312821346306, 1986027188356419205, 'admin', 'DOCTOR', 'UPDATE', '刷新医生列表缓存', 'POST', '/api/doctor/admin/refresh-cache', NULL, '{\"code\":200,\"message\":\"刷新成功\",\"timestamp\":\"1763274670215\"}', '0:0:0:0:0:0:0:1', 'Mozilla/5.0 (Windows NT 10.0; Win64; x64) AppleWebKit/537.36 (KHTML, like Gecko) Chrome/142.0.0.0 Safari/537.36', 45, 1, NULL, '2025-11-16 14:31:10');
INSERT INTO `operation_log` VALUES (1989944319611924482, 1986027188356419205, 'admin', 'DOCTOR', 'UPDATE', '刷新医生列表缓存', 'POST', '/api/doctor/admin/refresh-cache', NULL, '{\"code\":200,\"message\":\"刷新成功\",\"timestamp\":\"1763274671838\"}', '0:0:0:0:0:0:0:1', 'Mozilla/5.0 (Windows NT 10.0; Win64; x64) AppleWebKit/537.36 (KHTML, like Gecko) Chrome/142.0.0.0 Safari/537.36', 34, 1, NULL, '2025-11-16 14:31:12');
INSERT INTO `operation_log` VALUES (1989947072249753601, 1986027188356419205, 'admin', 'SCHEDULE', 'UPDATE', '刷新排班列表缓存', 'POST', '/api/schedule/admin/refresh-cache', NULL, '{\"code\":200,\"message\":\"刷新成功\",\"timestamp\":\"1763275328115\"}', '0:0:0:0:0:0:0:1', 'Mozilla/5.0 (Windows NT 10.0; Win64; x64) AppleWebKit/537.36 (KHTML, like Gecko) Chrome/142.0.0.0 Safari/537.36', 7, 1, NULL, '2025-11-16 14:42:08');
INSERT INTO `operation_log` VALUES (1989947079820472322, 1986027188356419205, 'admin', 'SCHEDULE', 'UPDATE', '刷新排班列表缓存', 'POST', '/api/schedule/admin/refresh-cache', NULL, '{\"code\":200,\"message\":\"刷新成功\",\"timestamp\":\"1763275329921\"}', '0:0:0:0:0:0:0:1', 'Mozilla/5.0 (Windows NT 10.0; Win64; x64) AppleWebKit/537.36 (KHTML, like Gecko) Chrome/142.0.0.0 Safari/537.36', 3, 1, NULL, '2025-11-16 14:42:10');
INSERT INTO `operation_log` VALUES (1991071026133819393, 1986027188356419205, 'admin', 'AUTH', 'SELECT', '用户登录', 'POST', '/api/user/login', '[{\"username\":\"admin\",\"password\":\"123456\"}]', '{\"code\":200,\"message\":\"登录成功\",\"data\":{\"token\":\"eyJhbGciOiJIUzI1NiJ9.eyJzdWIiOiJhZG1pbiIsInVzZXJJZCI6MTk4NjAyNzE4ODM1NjQxOTIwNSwicm9sZVR5cGUiOjMsImlhdCI6MTc2MzU0MzI5OCwiZXhwIjoxNzYzNTUwNDk4fQ.9h4eayUQA2BVHReVu06go11-3k69dUHGYS5Vaxnrxxw\",\"id\":\"1986027188356419205\",\"username\":\"admin\",\"realName\":\"系统管理员\",\"roleType\":3,\"phone\":\"13800138000\"},\"timestamp\":\"1763543299575\"}', '0:0:0:0:0:0:0:1', 'Mozilla/5.0 (Windows NT 10.0; Win64; x64) AppleWebKit/537.36 (KHTML, like Gecko) Chrome/142.0.0.0 Safari/537.36', 1135, 1, NULL, '2025-11-19 17:08:20');
INSERT INTO `operation_log` VALUES (1991071055321980929, 1986027188356419205, 'admin', 'DOCTOR', 'UPDATE', '刷新医生列表缓存', 'POST', '/api/doctor/admin/refresh-cache', NULL, '{\"code\":200,\"message\":\"刷新成功\",\"timestamp\":\"1763543306568\"}', '0:0:0:0:0:0:0:1', 'Mozilla/5.0 (Windows NT 10.0; Win64; x64) AppleWebKit/537.36 (KHTML, like Gecko) Chrome/142.0.0.0 Safari/537.36', 128, 1, NULL, '2025-11-19 17:08:27');
INSERT INTO `operation_log` VALUES (1991071060229316609, 1986027188356419205, 'admin', 'SCHEDULE', 'UPDATE', '刷新排班列表缓存', 'POST', '/api/schedule/admin/refresh-cache', NULL, '{\"code\":200,\"message\":\"刷新成功\",\"timestamp\":\"1763543307732\"}', '0:0:0:0:0:0:0:1', 'Mozilla/5.0 (Windows NT 10.0; Win64; x64) AppleWebKit/537.36 (KHTML, like Gecko) Chrome/142.0.0.0 Safari/537.36', 7, 1, NULL, '2025-11-19 17:08:28');
INSERT INTO `operation_log` VALUES (1991071062439714818, 1986027188356419205, 'admin', 'APPOINTMENT', 'UPDATE', '刷新预约列表缓存', 'POST', '/api/appointment/admin/refresh-cache', NULL, '{\"code\":200,\"message\":\"刷新成功\",\"timestamp\":\"1763543308265\"}', '0:0:0:0:0:0:0:1', 'Mozilla/5.0 (Windows NT 10.0; Win64; x64) AppleWebKit/537.36 (KHTML, like Gecko) Chrome/142.0.0.0 Safari/537.36', 7, 1, NULL, '2025-11-19 17:08:28');
INSERT INTO `operation_log` VALUES (1991073301204000770, 1986027188356419205, 'admin', 'AUTH', 'SELECT', '用户登录', 'POST', '/api/user/login', '[{\"username\":\"admin\",\"password\":\"123456\"}]', '{\"code\":200,\"message\":\"登录成功\",\"data\":{\"token\":\"eyJhbGciOiJIUzI1NiJ9.eyJzdWIiOiJhZG1pbiIsInVzZXJJZCI6MTk4NjAyNzE4ODM1NjQxOTIwNSwicm9sZVR5cGUiOjMsImlhdCI6MTc2MzU0Mzg0MiwiZXhwIjoxNzYzNTUxMDQyfQ.O_sngkOUrVz2TwWRHjnChScthDgGBzp16k8rhX2_ywc\",\"id\":\"1986027188356419205\",\"username\":\"admin\",\"realName\":\"系统管理员\",\"roleType\":3,\"phone\":\"13800138000\"},\"timestamp\":\"1763543842016\"}', '0:0:0:0:0:0:0:1', 'Mozilla/5.0 (Windows NT 10.0; Win64; x64) AppleWebKit/537.36 (KHTML, like Gecko) Cursor/1.7.54 Chrome/132.0.6834.210 Electron/34.5.8 Safari/537.36', 113, 1, NULL, '2025-11-19 17:17:22');
INSERT INTO `operation_log` VALUES (1991074016668377089, 1986027188356419205, 'admin', 'APPOINTMENT', 'UPDATE', '刷新预约列表缓存', 'POST', '/api/appointment/admin/refresh-cache', NULL, '{\"code\":200,\"message\":\"刷新成功\",\"timestamp\":\"1763544012598\"}', '0:0:0:0:0:0:0:1', 'Mozilla/5.0 (Windows NT 10.0; Win64; x64) AppleWebKit/537.36 (KHTML, like Gecko) Cursor/1.7.54 Chrome/132.0.6834.210 Electron/34.5.8 Safari/537.36', 5, 1, NULL, '2025-11-19 17:20:13');
INSERT INTO `operation_log` VALUES (1991074035442081794, 1986027188356419205, 'admin', 'DOCTOR', 'UPDATE', '刷新医生列表缓存', 'POST', '/api/doctor/admin/refresh-cache', NULL, '{\"code\":200,\"message\":\"刷新成功\",\"timestamp\":\"1763544017086\"}', '0:0:0:0:0:0:0:1', 'Mozilla/5.0 (Windows NT 10.0; Win64; x64) AppleWebKit/537.36 (KHTML, like Gecko) Cursor/1.7.54 Chrome/132.0.6834.210 Electron/34.5.8 Safari/537.36', 60, 1, NULL, '2025-11-19 17:20:17');
INSERT INTO `operation_log` VALUES (1991074040370388993, 1986027188356419205, 'admin', 'DOCTOR', 'UPDATE', '刷新医生列表缓存', 'POST', '/api/doctor/admin/refresh-cache', NULL, '{\"code\":200,\"message\":\"刷新成功\",\"timestamp\":\"1763544018246\"}', '0:0:0:0:0:0:0:1', 'Mozilla/5.0 (Windows NT 10.0; Win64; x64) AppleWebKit/537.36 (KHTML, like Gecko) Cursor/1.7.54 Chrome/132.0.6834.210 Electron/34.5.8 Safari/537.36', 43, 1, NULL, '2025-11-19 17:20:18');
INSERT INTO `operation_log` VALUES (1991074044149456898, 1986027188356419205, 'admin', 'DOCTOR', 'UPDATE', '刷新医生列表缓存', 'POST', '/api/doctor/admin/refresh-cache', NULL, '{\"code\":200,\"message\":\"刷新成功\",\"timestamp\":\"1763544019155\"}', '0:0:0:0:0:0:0:1', 'Mozilla/5.0 (Windows NT 10.0; Win64; x64) AppleWebKit/537.36 (KHTML, like Gecko) Cursor/1.7.54 Chrome/132.0.6834.210 Electron/34.5.8 Safari/537.36', 60, 1, NULL, '2025-11-19 17:20:19');
INSERT INTO `operation_log` VALUES (1991074062134632450, 1986027188356419205, 'admin', 'SCHEDULE', 'UPDATE', '刷新排班列表缓存', 'POST', '/api/schedule/admin/refresh-cache', NULL, '{\"code\":200,\"message\":\"刷新成功\",\"timestamp\":\"1763544023445\"}', '0:0:0:0:0:0:0:1', 'Mozilla/5.0 (Windows NT 10.0; Win64; x64) AppleWebKit/537.36 (KHTML, like Gecko) Cursor/1.7.54 Chrome/132.0.6834.210 Electron/34.5.8 Safari/537.36', 8, 1, NULL, '2025-11-19 17:20:23');
INSERT INTO `operation_log` VALUES (1991074065976614914, 1986027188356419205, 'admin', 'APPOINTMENT', 'UPDATE', '刷新预约列表缓存', 'POST', '/api/appointment/admin/refresh-cache', NULL, '{\"code\":200,\"message\":\"刷新成功\",\"timestamp\":\"1763544024360\"}', '0:0:0:0:0:0:0:1', 'Mozilla/5.0 (Windows NT 10.0; Win64; x64) AppleWebKit/537.36 (KHTML, like Gecko) Cursor/1.7.54 Chrome/132.0.6834.210 Electron/34.5.8 Safari/537.36', 7, 1, NULL, '2025-11-19 17:20:24');
INSERT INTO `operation_log` VALUES (1991075640853909505, 1986027188356419205, 'admin', 'AUTH', 'SELECT', '用户登录', 'POST', '/api/user/login', '[{\"username\":\"admin\",\"password\":\"123456\"}]', '{\"code\":200,\"message\":\"登录成功\",\"data\":{\"token\":\"eyJhbGciOiJIUzI1NiJ9.eyJzdWIiOiJhZG1pbiIsInVzZXJJZCI6MTk4NjAyNzE4ODM1NjQxOTIwNSwicm9sZVR5cGUiOjMsImlhdCI6MTc2MzU0NDM5OSwiZXhwIjoxNzYzNTUxNTk5fQ.p1-S3kmsnT5cvDzZirUnUD3dGe3EHl9ugsbZL68ZhJ4\",\"id\":\"1986027188356419205\",\"username\":\"admin\",\"realName\":\"系统管理员\",\"roleType\":3,\"phone\":\"13800138000\"},\"timestamp\":\"1763544399822\"}', '0:0:0:0:0:0:0:1', 'Mozilla/5.0 (Windows NT 10.0; Win64; x64) AppleWebKit/537.36 (KHTML, like Gecko) Chrome/142.0.0.0 Safari/537.36', 239, 1, NULL, '2025-11-19 17:26:40');
INSERT INTO `operation_log` VALUES (1991076947706658817, 1986027188356419205, 'admin', 'AUTH', 'SELECT', '用户登录', 'POST', '/api/user/login', '[{\"username\":\"admin\",\"password\":\"123456\"}]', '{\"code\":200,\"message\":\"登录成功\",\"data\":{\"token\":\"eyJhbGciOiJIUzI1NiJ9.eyJzdWIiOiJhZG1pbiIsInVzZXJJZCI6MTk4NjAyNzE4ODM1NjQxOTIwNSwicm9sZVR5cGUiOjMsImlhdCI6MTc2MzU0NDcxMSwiZXhwIjoxNzYzNTUxOTExfQ.9jr0SdjZ4O_bs_T_T9GlWS4S24Bncarc3Y8dBRuqe88\",\"id\":\"1986027188356419205\",\"username\":\"admin\",\"realName\":\"系统管理员\",\"roleType\":3,\"phone\":\"13800138000\"},\"timestamp\":\"1763544711388\"}', '0:0:0:0:0:0:0:1', 'Mozilla/5.0 (Windows NT 10.0; Win64; x64) AppleWebKit/537.36 (KHTML, like Gecko) Chrome/142.0.0.0 Safari/537.36', 440, 1, NULL, '2025-11-19 17:31:51');
INSERT INTO `operation_log` VALUES (1991077975818649601, 1986307375942283266, '1234', 'AUTH', 'SELECT', '用户登录', 'POST', '/api/user/login', '[{\"username\":\"1234\",\"password\":\"123456\"}]', '{\"code\":200,\"message\":\"登录成功\",\"data\":{\"token\":\"eyJhbGciOiJIUzI1NiJ9.eyJzdWIiOiIxMjM0IiwidXNlcklkIjoxOTg2MzA3Mzc1OTQyMjgzMjY2LCJyb2xlVHlwZSI6MiwiaWF0IjoxNzYzNTQ0OTU2LCJleHAiOjE3NjM1NTIxNTZ9.kGHSOGP4kQNyx8qzASI5yEqs19OnNKadYR-ViWOyGoA\",\"id\":\"1986307375942283266\",\"username\":\"1234\",\"realName\":\"李四\",\"roleType\":2,\"phone\":\"\",\"doctorId\":\"1986307376001003521\"},\"timestamp\":\"1763544956541\"}', '0:0:0:0:0:0:0:1', 'Mozilla/5.0 (Windows NT 10.0; Win64; x64) AppleWebKit/537.36 (KHTML, like Gecko) Cursor/1.7.54 Chrome/132.0.6834.210 Electron/34.5.8 Safari/537.36', 152, 1, NULL, '2025-11-19 17:35:57');
INSERT INTO `operation_log` VALUES (1991079041352220673, 1986307375942283266, '1234', 'AUTH', 'UPDATE', '用户退出登录', 'POST', '/api/user/logout', '[null]', '{\"code\":200,\"message\":\"操作成功\",\"data\":true,\"timestamp\":\"1763545210550\"}', '0:0:0:0:0:0:0:1', 'Mozilla/5.0 (Windows NT 10.0; Win64; x64) AppleWebKit/537.36 (KHTML, like Gecko) Cursor/1.7.54 Chrome/132.0.6834.210 Electron/34.5.8 Safari/537.36', 56, 1, NULL, '2025-11-19 17:40:11');
INSERT INTO `operation_log` VALUES (1991079108037459969, 1986027188356419205, 'admin', 'AUTH', 'UPDATE', '用户退出登录', 'POST', '/api/user/logout', '[null]', '{\"code\":200,\"message\":\"操作成功\",\"data\":true,\"timestamp\":\"1763545226467\"}', '0:0:0:0:0:0:0:1', 'Mozilla/5.0 (Windows NT 10.0; Win64; x64) AppleWebKit/537.36 (KHTML, like Gecko) Chrome/142.0.0.0 Safari/537.36', 36, 1, NULL, '2025-11-19 17:40:26');
INSERT INTO `operation_log` VALUES (1991079139985473537, 1986027188356419585, '2330220219', 'AUTH', 'SELECT', '用户登录', 'POST', '/api/user/login', '[{\"username\":\"2330220219\",\"password\":\"123456\"}]', '{\"code\":200,\"message\":\"登录成功\",\"data\":{\"token\":\"eyJhbGciOiJIUzI1NiJ9.eyJzdWIiOiIyMzMwMjIwMjE5IiwidXNlcklkIjoxOTg2MDI3MTg4MzU2NDE5NTg1LCJyb2xlVHlwZSI6MSwiaWF0IjoxNzYzNTQ1MjM0LCJleHAiOjE3NjM1NTI0MzR9.PN12-He-aVI8tUBOOVkIGVMpcqNOpFhUXrVU8pI7qG8\",\"id\":\"1986027188356419585\",\"username\":\"2330220219\",\"realName\":\"丁政扬\",\"roleType\":1,\"phone\":\"15972511761\"},\"timestamp\":\"1763545234093\"}', '0:0:0:0:0:0:0:1', 'Mozilla/5.0 (Windows NT 10.0; Win64; x64) AppleWebKit/537.36 (KHTML, like Gecko) Chrome/142.0.0.0 Safari/537.36', 128, 1, NULL, '2025-11-19 17:40:34');
INSERT INTO `operation_log` VALUES (1991079537941037057, 1986027188356419585, '2330220219', 'AUTH', 'UPDATE', '用户退出登录', 'POST', '/api/user/logout', '[null]', '{\"code\":200,\"message\":\"操作成功\",\"data\":true,\"timestamp\":\"1763545328976\"}', '0:0:0:0:0:0:0:1', 'Mozilla/5.0 (Windows NT 10.0; Win64; x64) AppleWebKit/537.36 (KHTML, like Gecko) Chrome/142.0.0.0 Safari/537.36', 15, 1, NULL, '2025-11-19 17:42:09');
INSERT INTO `operation_log` VALUES (1991079577518489602, 1986027188356419585, '2330220219', 'AUTH', 'SELECT', '用户登录', 'POST', '/api/user/login', '[{\"username\":\"2330220219\",\"password\":\"123456\"}]', '{\"code\":200,\"message\":\"登录成功\",\"data\":{\"token\":\"eyJhbGciOiJIUzI1NiJ9.eyJzdWIiOiIyMzMwMjIwMjE5IiwidXNlcklkIjoxOTg2MDI3MTg4MzU2NDE5NTg1LCJyb2xlVHlwZSI6MSwiaWF0IjoxNzYzNTQ1MzM4LCJleHAiOjE3NjM1NTI1Mzh9.axnKMufMkKbGRYA2bX_D7BNQrMNm5gcdn9ZwjA11uZ4\",\"id\":\"1986027188356419585\",\"username\":\"2330220219\",\"realName\":\"丁政扬\",\"roleType\":1,\"phone\":\"15972511761\"},\"timestamp\":\"1763545338408\"}', '0:0:0:0:0:0:0:1', 'Mozilla/5.0 (Windows NT 10.0; Win64; x64) AppleWebKit/537.36 (KHTML, like Gecko) Chrome/142.0.0.0 Safari/537.36', 143, 1, NULL, '2025-11-19 17:42:18');
INSERT INTO `operation_log` VALUES (1991079611261665282, 1986307375942283266, '1234', 'AUTH', 'SELECT', '用户登录', 'POST', '/api/user/login', '[{\"username\":\"1234\",\"password\":\"123456\"}]', '{\"code\":200,\"message\":\"登录成功\",\"data\":{\"token\":\"eyJhbGciOiJIUzI1NiJ9.eyJzdWIiOiIxMjM0IiwidXNlcklkIjoxOTg2MzA3Mzc1OTQyMjgzMjY2LCJyb2xlVHlwZSI6MiwiaWF0IjoxNzYzNTQ1MzQ2LCJleHAiOjE3NjM1NTI1NDZ9.P0FvbHRoJ3JCAc7ren89f-C0hGpzLErThbguhJqc_XU\",\"id\":\"1986307375942283266\",\"username\":\"1234\",\"realName\":\"李四\",\"roleType\":2,\"phone\":\"\",\"doctorId\":\"1986307376001003521\"},\"timestamp\":\"1763545346458\"}', '0:0:0:0:0:0:0:1', 'Mozilla/5.0 (Windows NT 10.0; Win64; x64) AppleWebKit/537.36 (KHTML, like Gecko) Cursor/1.7.54 Chrome/132.0.6834.210 Electron/34.5.8 Safari/537.36', 127, 1, NULL, '2025-11-19 17:42:26');
INSERT INTO `operation_log` VALUES (1991079656799223809, 1986307375942283266, '1234', 'AUTH', 'UPDATE', '用户退出登录', 'POST', '/api/user/logout', '[null]', '{\"code\":200,\"message\":\"操作成功\",\"data\":true,\"timestamp\":\"1763545357286\"}', '0:0:0:0:0:0:0:1', 'Mozilla/5.0 (Windows NT 10.0; Win64; x64) AppleWebKit/537.36 (KHTML, like Gecko) Cursor/1.7.54 Chrome/132.0.6834.210 Electron/34.5.8 Safari/537.36', 44, 1, NULL, '2025-11-19 17:42:37');
INSERT INTO `operation_log` VALUES (1991085105904762882, 1986027188356419585, '2330220219', 'AUTH', 'UPDATE', '用户退出登录', 'POST', '/api/user/logout', '[null]', '{\"code\":200,\"message\":\"操作成功\",\"data\":true,\"timestamp\":\"1763546656477\"}', '0:0:0:0:0:0:0:1', 'Mozilla/5.0 (Windows NT 10.0; Win64; x64) AppleWebKit/537.36 (KHTML, like Gecko) Chrome/142.0.0.0 Safari/537.36', 20, 1, NULL, '2025-11-19 18:04:16');
INSERT INTO `operation_log` VALUES (1991085135482994689, 1986027188356419585, '2330220219', 'AUTH', 'SELECT', '用户登录', 'POST', '/api/user/login', '[{\"username\":\"2330220219\",\"password\":\"123456\"}]', '{\"code\":200,\"message\":\"登录成功\",\"data\":{\"token\":\"eyJhbGciOiJIUzI1NiJ9.eyJzdWIiOiIyMzMwMjIwMjE5IiwidXNlcklkIjoxOTg2MDI3MTg4MzU2NDE5NTg1LCJyb2xlVHlwZSI6MSwiaWF0IjoxNzYzNTQ2NjYzLCJleHAiOjE3NjM1NTM4NjN9.HFNctrDam9vaw1086lJS7Ab4ToSrWgqE4lhZVkyD8Z4\",\"id\":\"1986027188356419585\",\"username\":\"2330220219\",\"realName\":\"丁政扬\",\"roleType\":1,\"phone\":\"15972511761\"},\"timestamp\":\"1763546663532\"}', '0:0:0:0:0:0:0:1', 'Mozilla/5.0 (Windows NT 10.0; Win64; x64) AppleWebKit/537.36 (KHTML, like Gecko) Chrome/142.0.0.0 Safari/537.36', 144, 1, NULL, '2025-11-19 18:04:24');
INSERT INTO `operation_log` VALUES (1991085264583671810, 1986027188356419585, '2330220219', 'AUTH', 'UPDATE', '用户退出登录', 'POST', '/api/user/logout', '[null]', '{\"code\":200,\"message\":\"操作成功\",\"data\":true,\"timestamp\":\"1763546694319\"}', '0:0:0:0:0:0:0:1', 'Mozilla/5.0 (Windows NT 10.0; Win64; x64) AppleWebKit/537.36 (KHTML, like Gecko) Chrome/142.0.0.0 Safari/537.36', 15, 1, NULL, '2025-11-19 18:04:54');
INSERT INTO `operation_log` VALUES (1991085878491365378, 1986027188356419205, 'admin', 'AUTH', 'SELECT', '用户登录', 'POST', '/api/user/login', '[{\"username\":\"admin\",\"password\":\"123456\"}]', '{\"code\":200,\"message\":\"登录成功\",\"data\":{\"token\":\"eyJhbGciOiJIUzI1NiJ9.eyJzdWIiOiJhZG1pbiIsInVzZXJJZCI6MTk4NjAyNzE4ODM1NjQxOTIwNSwicm9sZVR5cGUiOjMsImlhdCI6MTc2MzU0Njg0MCwiZXhwIjoxNzYzNTU0MDQwfQ.E8nJtr4aYYdbfdigSsnsa2JjCqpFHVgsj1eq5WvykvQ\",\"id\":\"1986027188356419205\",\"username\":\"admin\",\"realName\":\"系统管理员\",\"roleType\":3,\"phone\":\"13800138000\"},\"timestamp\":\"1763546840679\"}', '0:0:0:0:0:0:0:1', 'Mozilla/5.0 (Windows NT 10.0; Win64; x64) AppleWebKit/537.36 (KHTML, like Gecko) Chrome/142.0.0.0 Safari/537.36', 124, 1, NULL, '2025-11-19 18:07:21');
INSERT INTO `operation_log` VALUES (1991086539996020737, 1986027188356419205, 'admin', 'AUTH', 'UPDATE', '用户退出登录', 'POST', '/api/user/logout', '[null]', '{\"code\":200,\"message\":\"操作成功\",\"data\":true,\"timestamp\":\"1763546998393\"}', '0:0:0:0:0:0:0:1', 'Mozilla/5.0 (Windows NT 10.0; Win64; x64) AppleWebKit/537.36 (KHTML, like Gecko) Chrome/142.0.0.0 Safari/537.36', 26, 1, NULL, '2025-11-19 18:09:58');
INSERT INTO `operation_log` VALUES (1991087291766292482, 1986027188356419205, 'admin', 'AUTH', 'SELECT', '用户登录', 'POST', '/api/user/login', '[{\"username\":\"admin\",\"password\":\"123456\"}]', '{\"code\":200,\"message\":\"登录成功\",\"data\":{\"token\":\"eyJhbGciOiJIUzI1NiJ9.eyJzdWIiOiJhZG1pbiIsInVzZXJJZCI6MTk4NjAyNzE4ODM1NjQxOTIwNSwicm9sZVR5cGUiOjMsImlhdCI6MTc2MzU0NzE3NywiZXhwIjoxNzYzNTU0Mzc3fQ.JlVxDglB3hrx21H5tTZb8C3TTpg2IiUGO5-K5GLOxYg\",\"id\":\"1986027188356419205\",\"username\":\"admin\",\"realName\":\"系统管理员\",\"roleType\":3,\"phone\":\"13800138000\"},\"timestamp\":\"1763547177637\"}', '0:0:0:0:0:0:0:1', 'Mozilla/5.0 (Windows NT 10.0; Win64; x64) AppleWebKit/537.36 (KHTML, like Gecko) Chrome/142.0.0.0 Safari/537.36', 99, 1, NULL, '2025-11-19 18:12:58');
INSERT INTO `operation_log` VALUES (1991122735799353346, 1986027188356419205, 'admin', 'AUTH', 'SELECT', '用户登录', 'POST', '/api/user/login', '[{\"username\":\"admin\",\"password\":\"123456\"}]', '{\"code\":200,\"message\":\"登录成功\",\"data\":{\"token\":\"eyJhbGciOiJIUzI1NiJ9.eyJzdWIiOiJhZG1pbiIsInVzZXJJZCI6MTk4NjAyNzE4ODM1NjQxOTIwNSwicm9sZVR5cGUiOjMsImlhdCI6MTc2MzU1NTYyOCwiZXhwIjoxNzYzNTYyODI4fQ.gSoRXa6LgXQ7kLwhdJb_NteCEZkOBcDtXAzSEb7U0pM\",\"id\":\"1986027188356419205\",\"username\":\"admin\",\"realName\":\"系统管理员\",\"roleType\":3,\"phone\":\"13800138000\"},\"timestamp\":\"1763555628152\"}', '0:0:0:0:0:0:0:1', 'Mozilla/5.0 (Windows NT 10.0; Win64; x64) AppleWebKit/537.36 (KHTML, like Gecko) Chrome/142.0.0.0 Safari/537.36', 349, 1, NULL, '2025-11-19 20:33:48');
INSERT INTO `operation_log` VALUES (1991125170462801922, 1986027188356419205, 'admin', 'AUTH', 'SELECT', '用户登录', 'POST', '/api/user/login', '[{\"username\":\"admin\",\"password\":\"123456\"}]', '{\"code\":200,\"message\":\"登录成功\",\"data\":{\"token\":\"eyJhbGciOiJIUzI1NiJ9.eyJzdWIiOiJhZG1pbiIsInVzZXJJZCI6MTk4NjAyNzE4ODM1NjQxOTIwNSwicm9sZVR5cGUiOjMsImlhdCI6MTc2MzU1NjIwOCwiZXhwIjoxNzYzNTYzNDA4fQ.cPFNxs96XjD_jWoBjR5h-7lU1g5CI8fa4J-5-y2prYM\",\"id\":\"1986027188356419205\",\"username\":\"admin\",\"realName\":\"系统管理员\",\"roleType\":3,\"phone\":\"13800138000\"},\"timestamp\":\"1763556208622\"}', '0:0:0:0:0:0:0:1', 'Mozilla/5.0 (Windows NT 10.0; Win64; x64) AppleWebKit/537.36 (KHTML, like Gecko) Chrome/142.0.0.0 Safari/537.36', 150, 1, NULL, '2025-11-19 20:43:29');
INSERT INTO `operation_log` VALUES (1991125239824007169, 1986027188356419585, '2330220219', 'AUTH', 'SELECT', '用户登录', 'POST', '/api/user/login', '[{\"username\":\"2330220219\",\"password\":\"123456\"}]', '{\"code\":200,\"message\":\"登录成功\",\"data\":{\"token\":\"eyJhbGciOiJIUzI1NiJ9.eyJzdWIiOiIyMzMwMjIwMjE5IiwidXNlcklkIjoxOTg2MDI3MTg4MzU2NDE5NTg1LCJyb2xlVHlwZSI6MSwiaWF0IjoxNzYzNTU2MjI1LCJleHAiOjE3NjM1NjM0MjV9.x7BcnSKuR7tKjpEanUToy5u5VCQlVEpejhKSK4PPv-k\",\"id\":\"1986027188356419585\",\"username\":\"2330220219\",\"realName\":\"丁政扬\",\"roleType\":1,\"phone\":\"15972511761\"},\"timestamp\":\"1763556225152\"}', '0:0:0:0:0:0:0:1', 'Mozilla/5.0 (Windows NT 10.0; Win64; x64) AppleWebKit/537.36 (KHTML, like Gecko) Chrome/142.0.0.0 Safari/537.36', 124, 1, NULL, '2025-11-19 20:43:45');
INSERT INTO `operation_log` VALUES (1991134397348593666, 1986027188356419585, '2330220219', 'AUTH', 'UPDATE', '用户退出登录', 'POST', '/api/user/logout', '[null]', '{\"code\":200,\"message\":\"操作成功\",\"data\":true,\"timestamp\":\"1763558408458\"}', '0:0:0:0:0:0:0:1', 'Mozilla/5.0 (Windows NT 10.0; Win64; x64) AppleWebKit/537.36 (KHTML, like Gecko) Chrome/142.0.0.0 Safari/537.36', 74, 1, NULL, '2025-11-19 21:20:08');
INSERT INTO `operation_log` VALUES (1991134420819918850, 1986027188356419205, 'admin', 'AUTH', 'SELECT', '用户登录', 'POST', '/api/user/login', '[{\"username\":\"admin\",\"password\":\"123456\"}]', '{\"code\":200,\"message\":\"登录成功\",\"data\":{\"token\":\"eyJhbGciOiJIUzI1NiJ9.eyJzdWIiOiJhZG1pbiIsInVzZXJJZCI6MTk4NjAyNzE4ODM1NjQxOTIwNSwicm9sZVR5cGUiOjMsImlhdCI6MTc2MzU1ODQxNCwiZXhwIjoxNzYzNTY1NjE0fQ.ycZH0w0ta9_VcKYEkAR4I_xPQYU-VERIP96wzba3w6g\",\"id\":\"1986027188356419205\",\"username\":\"admin\",\"realName\":\"系统管理员\",\"roleType\":3,\"phone\":\"13800138000\"},\"timestamp\":\"1763558414071\"}', '0:0:0:0:0:0:0:1', 'Mozilla/5.0 (Windows NT 10.0; Win64; x64) AppleWebKit/537.36 (KHTML, like Gecko) Chrome/142.0.0.0 Safari/537.36', 135, 1, NULL, '2025-11-19 21:20:14');
INSERT INTO `operation_log` VALUES (1991139530706636801, 1986027188356419205, 'admin', 'DOCTOR', 'UPDATE', '刷新医生列表缓存', 'POST', '/api/doctor/admin/refresh-cache', NULL, '{\"code\":200,\"message\":\"刷新成功\",\"timestamp\":\"1763559632346\"}', '0:0:0:0:0:0:0:1', 'Mozilla/5.0 (Windows NT 10.0; Win64; x64) AppleWebKit/537.36 (KHTML, like Gecko) Chrome/142.0.0.0 Safari/537.36', 56, 1, NULL, '2025-11-19 21:40:32');
INSERT INTO `operation_log` VALUES (1991139540584222721, 1986027188356419205, 'admin', 'SCHEDULE', 'UPDATE', '刷新排班列表缓存', 'POST', '/api/schedule/admin/refresh-cache', NULL, '{\"code\":200,\"message\":\"刷新成功\",\"timestamp\":\"1763559634721\"}', '0:0:0:0:0:0:0:1', 'Mozilla/5.0 (Windows NT 10.0; Win64; x64) AppleWebKit/537.36 (KHTML, like Gecko) Chrome/142.0.0.0 Safari/537.36', 10, 1, NULL, '2025-11-19 21:40:35');
INSERT INTO `operation_log` VALUES (1991139543054667778, 1986027188356419205, 'admin', 'APPOINTMENT', 'UPDATE', '刷新预约列表缓存', 'POST', '/api/appointment/admin/refresh-cache', NULL, '{\"code\":200,\"message\":\"刷新成功\",\"timestamp\":\"1763559635315\"}', '0:0:0:0:0:0:0:1', 'Mozilla/5.0 (Windows NT 10.0; Win64; x64) AppleWebKit/537.36 (KHTML, like Gecko) Chrome/142.0.0.0 Safari/537.36', 8, 1, NULL, '2025-11-19 21:40:35');
INSERT INTO `operation_log` VALUES (1991471680660619265, 1986027188356419205, 'admin', 'AUTH', 'SELECT', '用户登录', 'POST', '/api/user/login', '[{\"username\":\"admin\",\"password\":\"123456\"}]', '{\"code\":200,\"message\":\"登录成功\",\"data\":{\"token\":\"eyJhbGciOiJIUzI1NiJ9.eyJzdWIiOiJhZG1pbiIsInVzZXJJZCI6MTk4NjAyNzE4ODM1NjQxOTIwNSwicm9sZVR5cGUiOjMsImlhdCI6MTc2MzYzODgyMiwiZXhwIjoxNzYzNjQ2MDIyfQ.CEFZUppjVOyx51M1ZWAFK1_rVnG-2suqMeHFm_pTI5M\",\"id\":\"1986027188356419205\",\"username\":\"admin\",\"realName\":\"系统管理员\",\"roleType\":3,\"phone\":\"13800138000\"},\"timestamp\":\"1763638823063\"}', '0:0:0:0:0:0:0:1', 'Mozilla/5.0 (Windows NT 10.0; Win64; x64) AppleWebKit/537.36 (KHTML, like Gecko) Chrome/142.0.0.0 Safari/537.36', 1172, 1, NULL, '2025-11-20 19:40:23');
INSERT INTO `operation_log` VALUES (1991471717130092546, 1986027188356419205, 'admin', 'DOCTOR', 'UPDATE', '刷新医生列表缓存', 'POST', '/api/doctor/admin/refresh-cache', NULL, '{\"code\":200,\"message\":\"刷新成功\",\"timestamp\":\"1763638831787\"}', '0:0:0:0:0:0:0:1', 'Mozilla/5.0 (Windows NT 10.0; Win64; x64) AppleWebKit/537.36 (KHTML, like Gecko) Chrome/142.0.0.0 Safari/537.36', 76, 1, NULL, '2025-11-20 19:40:32');
INSERT INTO `operation_log` VALUES (1991471722125508610, 1986027188356419205, 'admin', 'APPOINTMENT', 'UPDATE', '刷新预约列表缓存', 'POST', '/api/appointment/admin/refresh-cache', NULL, '{\"code\":200,\"message\":\"刷新成功\",\"timestamp\":\"1763638832970\"}', '0:0:0:0:0:0:0:1', 'Mozilla/5.0 (Windows NT 10.0; Win64; x64) AppleWebKit/537.36 (KHTML, like Gecko) Chrome/142.0.0.0 Safari/537.36', 7, 1, NULL, '2025-11-20 19:40:33');
INSERT INTO `operation_log` VALUES (1991471725652918273, 1986027188356419205, 'admin', 'SCHEDULE', 'UPDATE', '刷新排班列表缓存', 'POST', '/api/schedule/admin/refresh-cache', NULL, '{\"code\":200,\"message\":\"刷新成功\",\"timestamp\":\"1763638833814\"}', '0:0:0:0:0:0:0:1', 'Mozilla/5.0 (Windows NT 10.0; Win64; x64) AppleWebKit/537.36 (KHTML, like Gecko) Chrome/142.0.0.0 Safari/537.36', 7, 1, NULL, '2025-11-20 19:40:34');
INSERT INTO `operation_log` VALUES (1991471744288210946, 1986027188356419205, 'admin', 'APPOINTMENT', 'UPDATE', '刷新预约列表缓存', 'POST', '/api/appointment/admin/refresh-cache', NULL, '{\"code\":200,\"message\":\"刷新成功\",\"timestamp\":\"1763638838259\"}', '0:0:0:0:0:0:0:1', 'Mozilla/5.0 (Windows NT 10.0; Win64; x64) AppleWebKit/537.36 (KHTML, like Gecko) Chrome/142.0.0.0 Safari/537.36', 6, 1, NULL, '2025-11-20 19:40:38');
INSERT INTO `operation_log` VALUES (1991471746561523714, 1986027188356419205, 'admin', 'SCHEDULE', 'UPDATE', '刷新排班列表缓存', 'POST', '/api/schedule/admin/refresh-cache', NULL, '{\"code\":200,\"message\":\"刷新成功\",\"timestamp\":\"1763638838806\"}', '0:0:0:0:0:0:0:1', 'Mozilla/5.0 (Windows NT 10.0; Win64; x64) AppleWebKit/537.36 (KHTML, like Gecko) Chrome/142.0.0.0 Safari/537.36', 10, 1, NULL, '2025-11-20 19:40:39');
INSERT INTO `operation_log` VALUES (1991494198159081473, 1986027188356419205, 'admin', 'AUTH', 'SELECT', '用户登录', 'POST', '/api/user/login', '[{\"username\":\"admin\",\"password\":\"123456\"}]', '{\"code\":200,\"message\":\"登录成功\",\"data\":{\"token\":\"eyJhbGciOiJIUzI1NiJ9.eyJzdWIiOiJhZG1pbiIsInVzZXJJZCI6MTk4NjAyNzE4ODM1NjQxOTIwNSwicm9sZVR5cGUiOjMsImlhdCI6MTc2MzY0NDE5MSwiZXhwIjoxNzYzNjUxMzkxfQ.gVGjnN6QdFjRVAF4RbVtZy1M-m0o1ldQKL97yzOUkw4\",\"id\":\"1986027188356419205\",\"username\":\"admin\",\"realName\":\"系统管理员\",\"roleType\":3,\"phone\":\"13800138000\"},\"timestamp\":\"1763644191654\"}', '0:0:0:0:0:0:0:1', 'Mozilla/5.0 (Windows NT 10.0; Win64; x64) AppleWebKit/537.36 (KHTML, like Gecko) Chrome/142.0.0.0 Safari/537.36', 237, 1, NULL, '2025-11-20 21:09:52');
INSERT INTO `operation_log` VALUES (1991508567697842178, 1986027188356419205, 'admin', 'AUTH', 'UPDATE', '用户退出登录', 'POST', '/api/user/logout', '[null]', '{\"code\":200,\"message\":\"操作成功\",\"data\":true,\"timestamp\":\"1763647617631\"}', '0:0:0:0:0:0:0:1', 'Mozilla/5.0 (Windows NT 10.0; Win64; x64) AppleWebKit/537.36 (KHTML, like Gecko) Chrome/142.0.0.0 Safari/537.36', 39, 1, NULL, '2025-11-20 22:06:58');
INSERT INTO `operation_log` VALUES (1991508622873911297, NULL, '2330220219', 'AUTH', 'SELECT', '用户登录', 'POST', '/api/user/login', '[{\"username\":\"2330220219\",\"password\":\"1234455\"}]', '{\"code\":1003,\"message\":\"用户名或密码错误\",\"timestamp\":\"1763647630797\"}', '0:0:0:0:0:0:0:1', 'Mozilla/5.0 (Windows NT 10.0; Win64; x64) AppleWebKit/537.36 (KHTML, like Gecko) Chrome/142.0.0.0 Safari/537.36', 106, 1, NULL, '2025-11-20 22:07:11');
INSERT INTO `operation_log` VALUES (1991508635440046081, NULL, '2330220219', 'AUTH', 'SELECT', '用户登录', 'POST', '/api/user/login', '[{\"username\":\"2330220219\",\"password\":\"12344552\"}]', '{\"code\":1003,\"message\":\"用户名或密码错误\",\"timestamp\":\"1763647633790\"}', '0:0:0:0:0:0:0:1', 'Mozilla/5.0 (Windows NT 10.0; Win64; x64) AppleWebKit/537.36 (KHTML, like Gecko) Chrome/142.0.0.0 Safari/537.36', 82, 1, NULL, '2025-11-20 22:07:14');
INSERT INTO `operation_log` VALUES (1991508642176098306, NULL, '2330220219', 'AUTH', 'SELECT', '用户登录', 'POST', '/api/user/login', '[{\"username\":\"2330220219\",\"password\":\"12344552234\"}]', '{\"code\":1003,\"message\":\"用户名或密码错误\",\"timestamp\":\"1763647635398\"}', '0:0:0:0:0:0:0:1', 'Mozilla/5.0 (Windows NT 10.0; Win64; x64) AppleWebKit/537.36 (KHTML, like Gecko) Chrome/142.0.0.0 Safari/537.36', 152, 1, NULL, '2025-11-20 22:07:15');
INSERT INTO `operation_log` VALUES (1991508647838408705, NULL, '2330220219', 'AUTH', 'SELECT', '用户登录', 'POST', '/api/user/login', '[{\"username\":\"2330220219\",\"password\":\"12344552234234\"}]', '{\"code\":1003,\"message\":\"用户名或密码错误\",\"timestamp\":\"1763647636752\"}', '0:0:0:0:0:0:0:1', 'Mozilla/5.0 (Windows NT 10.0; Win64; x64) AppleWebKit/537.36 (KHTML, like Gecko) Chrome/142.0.0.0 Safari/537.36', 190, 1, NULL, '2025-11-20 22:07:17');
INSERT INTO `operation_log` VALUES (1991508653605576706, NULL, '2330220219', 'AUTH', 'SELECT', '用户登录', 'POST', '/api/user/login', '[{\"username\":\"2330220219\",\"password\":\"12344552234234123\"}]', '{\"code\":1003,\"message\":\"用户名或密码错误\",\"timestamp\":\"1763647638130\"}', '0:0:0:0:0:0:0:1', 'Mozilla/5.0 (Windows NT 10.0; Win64; x64) AppleWebKit/537.36 (KHTML, like Gecko) Chrome/142.0.0.0 Safari/537.36', 177, 1, NULL, '2025-11-20 22:07:18');
INSERT INTO `operation_log` VALUES (1991508659272081410, NULL, '2330220219', 'AUTH', 'SELECT', '用户登录', 'POST', '/api/user/login', '[{\"username\":\"2330220219\",\"password\":\"12344552234234123234\"}]', '{\"code\":1003,\"message\":\"用户名或密码错误\",\"timestamp\":\"1763647639482\"}', '0:0:0:0:0:0:0:1', 'Mozilla/5.0 (Windows NT 10.0; Win64; x64) AppleWebKit/537.36 (KHTML, like Gecko) Chrome/142.0.0.0 Safari/537.36', 100, 1, NULL, '2025-11-20 22:07:19');
INSERT INTO `operation_log` VALUES (1991508669762035713, NULL, '2330220219', 'AUTH', 'SELECT', '用户登录', 'POST', '/api/user/login', '[{\"username\":\"2330220219\",\"password\":\"12344552234234123234\"}]', '{\"code\":1004,\"message\":\"账户已锁定，请16分钟后再试\",\"timestamp\":\"1763647641969\"}', '0:0:0:0:0:0:0:1', 'Mozilla/5.0 (Windows NT 10.0; Win64; x64) AppleWebKit/537.36 (KHTML, like Gecko) Chrome/142.0.0.0 Safari/537.36', 7, 1, NULL, '2025-11-20 22:07:22');
INSERT INTO `operation_log` VALUES (1991508678729457666, NULL, '2330220219', 'AUTH', 'SELECT', '用户登录', 'POST', '/api/user/login', '[{\"username\":\"2330220219\",\"password\":\"12344552234234123234\"}]', '{\"code\":1004,\"message\":\"账户已锁定，请16分钟后再试\",\"timestamp\":\"1763647644115\"}', '0:0:0:0:0:0:0:1', 'Mozilla/5.0 (Windows NT 10.0; Win64; x64) AppleWebKit/537.36 (KHTML, like Gecko) Chrome/142.0.0.0 Safari/537.36', 6, 1, NULL, '2025-11-20 22:07:24');
INSERT INTO `operation_log` VALUES (1991508699998773250, NULL, '2330220219', 'AUTH', 'SELECT', '用户登录', 'POST', '/api/user/login', '[{\"username\":\"2330220219\",\"password\":\"123456\"}]', '{\"code\":1004,\"message\":\"账户已锁定，请16分钟后再试\",\"timestamp\":\"1763647649186\"}', '0:0:0:0:0:0:0:1', 'Mozilla/5.0 (Windows NT 10.0; Win64; x64) AppleWebKit/537.36 (KHTML, like Gecko) Chrome/142.0.0.0 Safari/537.36', 5, 1, NULL, '2025-11-20 22:07:29');

-- ----------------------------
-- Table structure for questionnaire_option
-- ----------------------------
DROP TABLE IF EXISTS `questionnaire_option`;
CREATE TABLE `questionnaire_option`  (
  `id` bigint NOT NULL,
  `question_id` bigint NOT NULL COMMENT '问题ID',
  `option_text` varchar(255) CHARACTER SET utf8mb4 COLLATE utf8mb4_unicode_ci NOT NULL COMMENT '选项内容',
  `score` int NOT NULL COMMENT '选项分值（1-5分）',
  `option_order` int NULL DEFAULT NULL COMMENT '选项顺序',
  PRIMARY KEY (`id`) USING BTREE,
  INDEX `idx_question_id`(`question_id` ASC) USING BTREE
) ENGINE = InnoDB CHARACTER SET = utf8mb4 COLLATE = utf8mb4_unicode_ci COMMENT = '问卷选项表' ROW_FORMAT = DYNAMIC;

-- ----------------------------
-- Records of questionnaire_option
-- ----------------------------
INSERT INTO `questionnaire_option` VALUES (1, 1, '完全不符合', 1, 1);
INSERT INTO `questionnaire_option` VALUES (2, 1, '基本不符合', 2, 2);
INSERT INTO `questionnaire_option` VALUES (3, 1, '不确定', 3, 3);
INSERT INTO `questionnaire_option` VALUES (4, 1, '基本符合', 4, 4);
INSERT INTO `questionnaire_option` VALUES (5, 1, '完全符合', 5, 5);
INSERT INTO `questionnaire_option` VALUES (6, 2, '完全不符合', 5, 1);
INSERT INTO `questionnaire_option` VALUES (7, 2, '基本不符合', 4, 2);
INSERT INTO `questionnaire_option` VALUES (8, 2, '不确定', 3, 3);
INSERT INTO `questionnaire_option` VALUES (9, 2, '基本符合', 2, 4);
INSERT INTO `questionnaire_option` VALUES (10, 2, '完全符合', 1, 5);
INSERT INTO `questionnaire_option` VALUES (11, 3, '完全不符合', 5, 1);
INSERT INTO `questionnaire_option` VALUES (12, 3, '基本不符合', 4, 2);
INSERT INTO `questionnaire_option` VALUES (13, 3, '不确定', 3, 3);
INSERT INTO `questionnaire_option` VALUES (14, 3, '基本符合', 2, 4);
INSERT INTO `questionnaire_option` VALUES (15, 3, '完全符合', 1, 5);
INSERT INTO `questionnaire_option` VALUES (16, 4, '完全不符合', 5, 1);
INSERT INTO `questionnaire_option` VALUES (17, 4, '基本不符合', 4, 2);
INSERT INTO `questionnaire_option` VALUES (18, 4, '不确定', 3, 3);
INSERT INTO `questionnaire_option` VALUES (19, 4, '基本符合', 2, 4);
INSERT INTO `questionnaire_option` VALUES (20, 4, '完全符合', 1, 5);
INSERT INTO `questionnaire_option` VALUES (21, 5, '完全不符合', 5, 1);
INSERT INTO `questionnaire_option` VALUES (22, 5, '基本不符合', 4, 2);
INSERT INTO `questionnaire_option` VALUES (23, 5, '不确定', 3, 3);
INSERT INTO `questionnaire_option` VALUES (24, 5, '基本符合', 2, 4);
INSERT INTO `questionnaire_option` VALUES (25, 5, '完全符合', 1, 5);
INSERT INTO `questionnaire_option` VALUES (26, 6, '完全不符合', 1, 1);
INSERT INTO `questionnaire_option` VALUES (27, 6, '基本不符合', 2, 2);
INSERT INTO `questionnaire_option` VALUES (28, 6, '不确定', 3, 3);
INSERT INTO `questionnaire_option` VALUES (29, 6, '基本符合', 4, 4);
INSERT INTO `questionnaire_option` VALUES (30, 6, '完全符合', 5, 5);
INSERT INTO `questionnaire_option` VALUES (31, 7, '完全不符合', 5, 1);
INSERT INTO `questionnaire_option` VALUES (32, 7, '基本不符合', 4, 2);
INSERT INTO `questionnaire_option` VALUES (33, 7, '不确定', 3, 3);
INSERT INTO `questionnaire_option` VALUES (34, 7, '基本符合', 2, 4);
INSERT INTO `questionnaire_option` VALUES (35, 7, '完全符合', 1, 5);
INSERT INTO `questionnaire_option` VALUES (36, 8, '没有（根本不）', 1, 1);
INSERT INTO `questionnaire_option` VALUES (37, 8, '很少（有一点）', 2, 2);
INSERT INTO `questionnaire_option` VALUES (38, 8, '有时（有些）', 3, 3);
INSERT INTO `questionnaire_option` VALUES (39, 8, '经常（相当）', 4, 4);
INSERT INTO `questionnaire_option` VALUES (40, 8, '总是（非常）', 5, 5);
INSERT INTO `questionnaire_option` VALUES (41, 9, '没有（根本不）', 1, 1);
INSERT INTO `questionnaire_option` VALUES (42, 9, '很少（有一点）', 2, 2);
INSERT INTO `questionnaire_option` VALUES (43, 9, '有时（有些）', 3, 3);
INSERT INTO `questionnaire_option` VALUES (44, 9, '经常（相当）', 4, 4);
INSERT INTO `questionnaire_option` VALUES (45, 9, '总是（非常）', 5, 5);
INSERT INTO `questionnaire_option` VALUES (46, 10, '没有（根本不）', 1, 1);
INSERT INTO `questionnaire_option` VALUES (47, 10, '很少（有一点）', 2, 2);
INSERT INTO `questionnaire_option` VALUES (48, 10, '有时（有些）', 3, 3);
INSERT INTO `questionnaire_option` VALUES (49, 10, '经常（相当）', 4, 4);
INSERT INTO `questionnaire_option` VALUES (50, 10, '总是（非常）', 5, 5);
INSERT INTO `questionnaire_option` VALUES (51, 11, '没有（根本不）', 1, 1);
INSERT INTO `questionnaire_option` VALUES (52, 11, '很少（有一点）', 2, 2);
INSERT INTO `questionnaire_option` VALUES (53, 11, '有时（有些）', 3, 3);
INSERT INTO `questionnaire_option` VALUES (54, 11, '经常（相当）', 4, 4);
INSERT INTO `questionnaire_option` VALUES (55, 11, '总是（非常）', 5, 5);
INSERT INTO `questionnaire_option` VALUES (56, 12, '没有（根本不）', 1, 1);
INSERT INTO `questionnaire_option` VALUES (57, 12, '很少（有一点）', 2, 2);
INSERT INTO `questionnaire_option` VALUES (58, 12, '有时（有些）', 3, 3);
INSERT INTO `questionnaire_option` VALUES (59, 12, '经常（相当）', 4, 4);
INSERT INTO `questionnaire_option` VALUES (60, 12, '总是（非常）', 5, 5);
INSERT INTO `questionnaire_option` VALUES (61, 13, '没有（根本不）', 1, 1);
INSERT INTO `questionnaire_option` VALUES (62, 13, '很少（有一点）', 2, 2);
INSERT INTO `questionnaire_option` VALUES (63, 13, '有时（有些）', 3, 3);
INSERT INTO `questionnaire_option` VALUES (64, 13, '经常（相当）', 4, 4);
INSERT INTO `questionnaire_option` VALUES (65, 13, '总是（非常）', 5, 5);
INSERT INTO `questionnaire_option` VALUES (66, 14, '没有（根本不）', 1, 1);
INSERT INTO `questionnaire_option` VALUES (67, 14, '很少（有一点）', 2, 2);
INSERT INTO `questionnaire_option` VALUES (68, 14, '有时（有些）', 3, 3);
INSERT INTO `questionnaire_option` VALUES (69, 14, '经常（相当）', 4, 4);
INSERT INTO `questionnaire_option` VALUES (70, 14, '总是（非常）', 5, 5);
INSERT INTO `questionnaire_option` VALUES (71, 15, '没有（根本不）', 1, 1);
INSERT INTO `questionnaire_option` VALUES (72, 15, '很少（有一点）', 2, 2);
INSERT INTO `questionnaire_option` VALUES (73, 15, '有时（有些）', 3, 3);
INSERT INTO `questionnaire_option` VALUES (74, 15, '经常（相当）', 4, 4);
INSERT INTO `questionnaire_option` VALUES (75, 15, '总是（非常）', 5, 5);
INSERT INTO `questionnaire_option` VALUES (76, 16, '没有（根本不）', 1, 1);
INSERT INTO `questionnaire_option` VALUES (77, 16, '很少（有一点）', 2, 2);
INSERT INTO `questionnaire_option` VALUES (78, 16, '有时（有些）', 3, 3);
INSERT INTO `questionnaire_option` VALUES (79, 16, '经常（相当）', 4, 4);
INSERT INTO `questionnaire_option` VALUES (80, 16, '总是（非常）', 5, 5);
INSERT INTO `questionnaire_option` VALUES (81, 17, '没有（根本不）', 1, 1);
INSERT INTO `questionnaire_option` VALUES (82, 17, '很少（有一点）', 2, 2);
INSERT INTO `questionnaire_option` VALUES (83, 17, '有时（有些）', 3, 3);
INSERT INTO `questionnaire_option` VALUES (84, 17, '经常（相当）', 4, 4);
INSERT INTO `questionnaire_option` VALUES (85, 17, '总是（非常）', 5, 5);
INSERT INTO `questionnaire_option` VALUES (86, 18, '没有（根本不）', 1, 1);
INSERT INTO `questionnaire_option` VALUES (87, 18, '很少（有一点）', 2, 2);
INSERT INTO `questionnaire_option` VALUES (88, 18, '有时（有些）', 3, 3);
INSERT INTO `questionnaire_option` VALUES (89, 18, '经常（相当）', 4, 4);
INSERT INTO `questionnaire_option` VALUES (90, 18, '总是（非常）', 5, 5);
INSERT INTO `questionnaire_option` VALUES (91, 19, '没有（根本不）', 1, 1);
INSERT INTO `questionnaire_option` VALUES (92, 19, '很少（有一点）', 2, 2);
INSERT INTO `questionnaire_option` VALUES (93, 19, '有时（有些）', 3, 3);
INSERT INTO `questionnaire_option` VALUES (94, 19, '经常（相当）', 4, 4);
INSERT INTO `questionnaire_option` VALUES (95, 19, '总是（非常）', 5, 5);
INSERT INTO `questionnaire_option` VALUES (96, 20, '没有（根本不）', 1, 1);
INSERT INTO `questionnaire_option` VALUES (97, 20, '很少（有一点）', 2, 2);
INSERT INTO `questionnaire_option` VALUES (98, 20, '有时（有些）', 3, 3);
INSERT INTO `questionnaire_option` VALUES (99, 20, '经常（相当）', 4, 4);
INSERT INTO `questionnaire_option` VALUES (100, 20, '总是（非常）', 5, 5);
INSERT INTO `questionnaire_option` VALUES (101, 21, '没有（根本不）', 1, 1);
INSERT INTO `questionnaire_option` VALUES (102, 21, '很少（有一点）', 2, 2);
INSERT INTO `questionnaire_option` VALUES (103, 21, '有时（有些）', 3, 3);
INSERT INTO `questionnaire_option` VALUES (104, 21, '经常（相当）', 4, 4);
INSERT INTO `questionnaire_option` VALUES (105, 21, '总是（非常）', 5, 5);
INSERT INTO `questionnaire_option` VALUES (106, 22, '没有（根本不）', 1, 1);
INSERT INTO `questionnaire_option` VALUES (107, 22, '很少（有一点）', 2, 2);
INSERT INTO `questionnaire_option` VALUES (108, 22, '有时（有些）', 3, 3);
INSERT INTO `questionnaire_option` VALUES (109, 22, '经常（相当）', 4, 4);
INSERT INTO `questionnaire_option` VALUES (110, 22, '总是（非常）', 5, 5);
INSERT INTO `questionnaire_option` VALUES (111, 23, '没有（根本不）', 1, 1);
INSERT INTO `questionnaire_option` VALUES (112, 23, '很少（有一点）', 2, 2);
INSERT INTO `questionnaire_option` VALUES (113, 23, '有时（有些）', 3, 3);
INSERT INTO `questionnaire_option` VALUES (114, 23, '经常（相当）', 4, 4);
INSERT INTO `questionnaire_option` VALUES (115, 23, '总是（非常）', 5, 5);
INSERT INTO `questionnaire_option` VALUES (116, 24, '没有（根本不）', 1, 1);
INSERT INTO `questionnaire_option` VALUES (117, 24, '很少（有一点）', 2, 2);
INSERT INTO `questionnaire_option` VALUES (118, 24, '有时（有些）', 3, 3);
INSERT INTO `questionnaire_option` VALUES (119, 24, '经常（相当）', 4, 4);
INSERT INTO `questionnaire_option` VALUES (120, 24, '总是（非常）', 5, 5);
INSERT INTO `questionnaire_option` VALUES (121, 25, '没有（根本不）', 1, 1);
INSERT INTO `questionnaire_option` VALUES (122, 25, '很少（有一点）', 2, 2);
INSERT INTO `questionnaire_option` VALUES (123, 25, '有时（有些）', 3, 3);
INSERT INTO `questionnaire_option` VALUES (124, 25, '经常（相当）', 4, 4);
INSERT INTO `questionnaire_option` VALUES (125, 25, '总是（非常）', 5, 5);
INSERT INTO `questionnaire_option` VALUES (126, 26, '没有（根本不）', 1, 1);
INSERT INTO `questionnaire_option` VALUES (127, 26, '很少（有一点）', 2, 2);
INSERT INTO `questionnaire_option` VALUES (128, 26, '有时（有些）', 3, 3);
INSERT INTO `questionnaire_option` VALUES (129, 26, '经常（相当）', 4, 4);
INSERT INTO `questionnaire_option` VALUES (130, 26, '总是（非常）', 5, 5);
INSERT INTO `questionnaire_option` VALUES (131, 27, '没有（根本不）', 1, 1);
INSERT INTO `questionnaire_option` VALUES (132, 27, '很少（有一点）', 2, 2);
INSERT INTO `questionnaire_option` VALUES (133, 27, '有时（有些）', 3, 3);
INSERT INTO `questionnaire_option` VALUES (134, 27, '经常（相当）', 4, 4);
INSERT INTO `questionnaire_option` VALUES (135, 27, '总是（非常）', 5, 5);
INSERT INTO `questionnaire_option` VALUES (136, 28, '没有（根本不）', 1, 1);
INSERT INTO `questionnaire_option` VALUES (137, 28, '很少（有一点）', 2, 2);
INSERT INTO `questionnaire_option` VALUES (138, 28, '有时（有些）', 3, 3);
INSERT INTO `questionnaire_option` VALUES (139, 28, '经常（相当）', 4, 4);
INSERT INTO `questionnaire_option` VALUES (140, 28, '总是（非常）', 5, 5);
INSERT INTO `questionnaire_option` VALUES (141, 29, '没有（根本不）', 1, 1);
INSERT INTO `questionnaire_option` VALUES (142, 29, '很少（有一点）', 2, 2);
INSERT INTO `questionnaire_option` VALUES (143, 29, '有时（有些）', 3, 3);
INSERT INTO `questionnaire_option` VALUES (144, 29, '经常（相当）', 4, 4);
INSERT INTO `questionnaire_option` VALUES (145, 29, '总是（非常）', 5, 5);
INSERT INTO `questionnaire_option` VALUES (146, 30, '没有（根本不）', 1, 1);
INSERT INTO `questionnaire_option` VALUES (147, 30, '很少（有一点）', 2, 2);
INSERT INTO `questionnaire_option` VALUES (148, 30, '有时（有些）', 3, 3);
INSERT INTO `questionnaire_option` VALUES (149, 30, '经常（相当）', 4, 4);
INSERT INTO `questionnaire_option` VALUES (150, 30, '总是（非常）', 5, 5);
INSERT INTO `questionnaire_option` VALUES (151, 31, '没有（根本不）', 1, 1);
INSERT INTO `questionnaire_option` VALUES (152, 31, '很少（有一点）', 2, 2);
INSERT INTO `questionnaire_option` VALUES (153, 31, '有时（有些）', 3, 3);
INSERT INTO `questionnaire_option` VALUES (154, 31, '经常（相当）', 4, 4);
INSERT INTO `questionnaire_option` VALUES (155, 31, '总是（非常）', 5, 5);
INSERT INTO `questionnaire_option` VALUES (156, 32, '没有（根本不）', 1, 1);
INSERT INTO `questionnaire_option` VALUES (157, 32, '很少（有一点）', 2, 2);
INSERT INTO `questionnaire_option` VALUES (158, 32, '有时（有些）', 3, 3);
INSERT INTO `questionnaire_option` VALUES (159, 32, '经常（相当）', 4, 4);
INSERT INTO `questionnaire_option` VALUES (160, 32, '总是（非常）', 5, 5);
INSERT INTO `questionnaire_option` VALUES (161, 33, '没有（根本不）', 1, 1);
INSERT INTO `questionnaire_option` VALUES (162, 33, '很少（有一点）', 2, 2);
INSERT INTO `questionnaire_option` VALUES (163, 33, '有时（有些）', 3, 3);
INSERT INTO `questionnaire_option` VALUES (164, 33, '经常（相当）', 4, 4);
INSERT INTO `questionnaire_option` VALUES (165, 33, '总是（非常）', 5, 5);
INSERT INTO `questionnaire_option` VALUES (166, 34, '没有（根本不）', 1, 1);
INSERT INTO `questionnaire_option` VALUES (167, 34, '很少（有一点）', 2, 2);
INSERT INTO `questionnaire_option` VALUES (168, 34, '有时（有些）', 3, 3);
INSERT INTO `questionnaire_option` VALUES (169, 34, '经常（相当）', 4, 4);
INSERT INTO `questionnaire_option` VALUES (170, 34, '总是（非常）', 5, 5);
INSERT INTO `questionnaire_option` VALUES (171, 35, '没有（根本不）', 1, 1);
INSERT INTO `questionnaire_option` VALUES (172, 35, '很少（有一点）', 2, 2);
INSERT INTO `questionnaire_option` VALUES (173, 35, '有时（有些）', 3, 3);
INSERT INTO `questionnaire_option` VALUES (174, 35, '经常（相当）', 4, 4);
INSERT INTO `questionnaire_option` VALUES (175, 35, '总是（非常）', 5, 5);
INSERT INTO `questionnaire_option` VALUES (176, 36, '没有（根本不）', 1, 1);
INSERT INTO `questionnaire_option` VALUES (177, 36, '很少（有一点）', 2, 2);
INSERT INTO `questionnaire_option` VALUES (178, 36, '有时（有些）', 3, 3);
INSERT INTO `questionnaire_option` VALUES (179, 36, '经常（相当）', 4, 4);
INSERT INTO `questionnaire_option` VALUES (180, 36, '总是（非常）', 5, 5);
INSERT INTO `questionnaire_option` VALUES (181, 37, '没有（根本不）', 1, 1);
INSERT INTO `questionnaire_option` VALUES (182, 37, '很少（有一点）', 2, 2);
INSERT INTO `questionnaire_option` VALUES (183, 37, '有时（有些）', 3, 3);
INSERT INTO `questionnaire_option` VALUES (184, 37, '经常（相当）', 4, 4);
INSERT INTO `questionnaire_option` VALUES (185, 37, '总是（非常）', 5, 5);
INSERT INTO `questionnaire_option` VALUES (186, 38, '没有（根本不）', 1, 1);
INSERT INTO `questionnaire_option` VALUES (187, 38, '很少（有一点）', 2, 2);
INSERT INTO `questionnaire_option` VALUES (188, 38, '有时（有些）', 3, 3);
INSERT INTO `questionnaire_option` VALUES (189, 38, '经常（相当）', 4, 4);
INSERT INTO `questionnaire_option` VALUES (190, 38, '总是（非常）', 5, 5);
INSERT INTO `questionnaire_option` VALUES (191, 39, '没有（根本不）', 1, 1);
INSERT INTO `questionnaire_option` VALUES (192, 39, '很少（有一点）', 2, 2);
INSERT INTO `questionnaire_option` VALUES (193, 39, '有时（有些）', 3, 3);
INSERT INTO `questionnaire_option` VALUES (194, 39, '经常（相当）', 4, 4);
INSERT INTO `questionnaire_option` VALUES (195, 39, '总是（非常）', 5, 5);
INSERT INTO `questionnaire_option` VALUES (196, 40, '没有（根本不）', 1, 1);
INSERT INTO `questionnaire_option` VALUES (197, 40, '很少（有一点）', 2, 2);
INSERT INTO `questionnaire_option` VALUES (198, 40, '有时（有些）', 3, 3);
INSERT INTO `questionnaire_option` VALUES (199, 40, '经常（相当）', 4, 4);
INSERT INTO `questionnaire_option` VALUES (200, 40, '总是（非常）', 5, 5);
INSERT INTO `questionnaire_option` VALUES (201, 41, '没有（根本不）', 1, 1);
INSERT INTO `questionnaire_option` VALUES (202, 41, '很少（有一点）', 2, 2);
INSERT INTO `questionnaire_option` VALUES (203, 41, '有时（有些）', 3, 3);
INSERT INTO `questionnaire_option` VALUES (204, 41, '经常（相当）', 4, 4);
INSERT INTO `questionnaire_option` VALUES (205, 41, '总是（非常）', 5, 5);
INSERT INTO `questionnaire_option` VALUES (206, 42, '没有（根本不）', 1, 1);
INSERT INTO `questionnaire_option` VALUES (207, 42, '很少（有一点）', 2, 2);
INSERT INTO `questionnaire_option` VALUES (208, 42, '有时（有些）', 3, 3);
INSERT INTO `questionnaire_option` VALUES (209, 42, '经常（相当）', 4, 4);
INSERT INTO `questionnaire_option` VALUES (210, 42, '总是（非常）', 5, 5);
INSERT INTO `questionnaire_option` VALUES (211, 43, '没有（根本不）', 1, 1);
INSERT INTO `questionnaire_option` VALUES (212, 43, '很少（有一点）', 2, 2);
INSERT INTO `questionnaire_option` VALUES (213, 43, '有时（有些）', 3, 3);
INSERT INTO `questionnaire_option` VALUES (214, 43, '经常（相当）', 4, 4);
INSERT INTO `questionnaire_option` VALUES (215, 43, '总是（非常）', 5, 5);
INSERT INTO `questionnaire_option` VALUES (216, 44, '没有（根本不）', 1, 1);
INSERT INTO `questionnaire_option` VALUES (217, 44, '很少（有一点）', 2, 2);
INSERT INTO `questionnaire_option` VALUES (218, 44, '有时（有些）', 3, 3);
INSERT INTO `questionnaire_option` VALUES (219, 44, '经常（相当）', 4, 4);
INSERT INTO `questionnaire_option` VALUES (220, 44, '总是（非常）', 5, 5);
INSERT INTO `questionnaire_option` VALUES (221, 45, '没有（根本不）', 1, 1);
INSERT INTO `questionnaire_option` VALUES (222, 45, '很少（有一点）', 2, 2);
INSERT INTO `questionnaire_option` VALUES (223, 45, '有时（有些）', 3, 3);
INSERT INTO `questionnaire_option` VALUES (224, 45, '经常（相当）', 4, 4);
INSERT INTO `questionnaire_option` VALUES (225, 45, '总是（非常）', 5, 5);
INSERT INTO `questionnaire_option` VALUES (226, 46, '没有（根本不）', 1, 1);
INSERT INTO `questionnaire_option` VALUES (227, 46, '很少（有一点）', 2, 2);
INSERT INTO `questionnaire_option` VALUES (228, 46, '有时（有些）', 3, 3);
INSERT INTO `questionnaire_option` VALUES (229, 46, '经常（相当）', 4, 4);
INSERT INTO `questionnaire_option` VALUES (230, 46, '总是（非常）', 5, 5);
INSERT INTO `questionnaire_option` VALUES (231, 47, '没有（根本不）', 1, 1);
INSERT INTO `questionnaire_option` VALUES (232, 47, '很少（有一点）', 2, 2);
INSERT INTO `questionnaire_option` VALUES (233, 47, '有时（有些）', 3, 3);
INSERT INTO `questionnaire_option` VALUES (234, 47, '经常（相当）', 4, 4);
INSERT INTO `questionnaire_option` VALUES (235, 47, '总是（非常）', 5, 5);
INSERT INTO `questionnaire_option` VALUES (236, 48, '没有（根本不）', 1, 1);
INSERT INTO `questionnaire_option` VALUES (237, 48, '很少（有一点）', 2, 2);
INSERT INTO `questionnaire_option` VALUES (238, 48, '有时（有些）', 3, 3);
INSERT INTO `questionnaire_option` VALUES (239, 48, '经常（相当）', 4, 4);
INSERT INTO `questionnaire_option` VALUES (240, 48, '总是（非常）', 5, 5);
INSERT INTO `questionnaire_option` VALUES (241, 49, '没有（根本不）', 1, 1);
INSERT INTO `questionnaire_option` VALUES (242, 49, '很少（有一点）', 2, 2);
INSERT INTO `questionnaire_option` VALUES (243, 49, '有时（有些）', 3, 3);
INSERT INTO `questionnaire_option` VALUES (244, 49, '经常（相当）', 4, 4);
INSERT INTO `questionnaire_option` VALUES (245, 49, '总是（非常）', 5, 5);
INSERT INTO `questionnaire_option` VALUES (246, 50, '没有（根本不）', 1, 1);
INSERT INTO `questionnaire_option` VALUES (247, 50, '很少（有一点）', 2, 2);
INSERT INTO `questionnaire_option` VALUES (248, 50, '有时（有些）', 3, 3);
INSERT INTO `questionnaire_option` VALUES (249, 50, '经常（相当）', 4, 4);
INSERT INTO `questionnaire_option` VALUES (250, 50, '总是（非常）', 5, 5);
INSERT INTO `questionnaire_option` VALUES (251, 51, '没有（根本不）', 1, 1);
INSERT INTO `questionnaire_option` VALUES (252, 51, '很少（有一点）', 2, 2);
INSERT INTO `questionnaire_option` VALUES (253, 51, '有时（有些）', 3, 3);
INSERT INTO `questionnaire_option` VALUES (254, 51, '经常（相当）', 4, 4);
INSERT INTO `questionnaire_option` VALUES (255, 51, '总是（非常）', 5, 5);
INSERT INTO `questionnaire_option` VALUES (256, 52, '没有（根本不）', 1, 1);
INSERT INTO `questionnaire_option` VALUES (257, 52, '很少（有一点）', 2, 2);
INSERT INTO `questionnaire_option` VALUES (258, 52, '有时（有些）', 3, 3);
INSERT INTO `questionnaire_option` VALUES (259, 52, '经常（相当）', 4, 4);
INSERT INTO `questionnaire_option` VALUES (260, 52, '总是（非常）', 5, 5);
INSERT INTO `questionnaire_option` VALUES (261, 53, '没有（根本不）', 1, 1);
INSERT INTO `questionnaire_option` VALUES (262, 53, '很少（有一点）', 2, 2);
INSERT INTO `questionnaire_option` VALUES (263, 53, '有时（有些）', 3, 3);
INSERT INTO `questionnaire_option` VALUES (264, 53, '经常（相当）', 4, 4);
INSERT INTO `questionnaire_option` VALUES (265, 53, '总是（非常）', 5, 5);
INSERT INTO `questionnaire_option` VALUES (266, 54, '没有（根本不）', 1, 1);
INSERT INTO `questionnaire_option` VALUES (267, 54, '很少（有一点）', 2, 2);
INSERT INTO `questionnaire_option` VALUES (268, 54, '有时（有些）', 3, 3);
INSERT INTO `questionnaire_option` VALUES (269, 54, '经常（相当）', 4, 4);
INSERT INTO `questionnaire_option` VALUES (270, 54, '总是（非常）', 5, 5);
INSERT INTO `questionnaire_option` VALUES (271, 55, '没有（根本不）', 1, 1);
INSERT INTO `questionnaire_option` VALUES (272, 55, '很少（有一点）', 2, 2);
INSERT INTO `questionnaire_option` VALUES (273, 55, '有时（有些）', 3, 3);
INSERT INTO `questionnaire_option` VALUES (274, 55, '经常（相当）', 4, 4);
INSERT INTO `questionnaire_option` VALUES (275, 55, '总是（非常）', 5, 5);
INSERT INTO `questionnaire_option` VALUES (276, 56, '没有（根本不）', 1, 1);
INSERT INTO `questionnaire_option` VALUES (277, 56, '很少（有一点）', 2, 2);
INSERT INTO `questionnaire_option` VALUES (278, 56, '有时（有些）', 3, 3);
INSERT INTO `questionnaire_option` VALUES (279, 56, '经常（相当）', 4, 4);
INSERT INTO `questionnaire_option` VALUES (280, 56, '总是（非常）', 5, 5);
INSERT INTO `questionnaire_option` VALUES (281, 57, '没有（根本不）', 1, 1);
INSERT INTO `questionnaire_option` VALUES (282, 57, '很少（有一点）', 2, 2);
INSERT INTO `questionnaire_option` VALUES (283, 57, '有时（有些）', 3, 3);
INSERT INTO `questionnaire_option` VALUES (284, 57, '经常（相当）', 4, 4);
INSERT INTO `questionnaire_option` VALUES (285, 57, '总是（非常）', 5, 5);
INSERT INTO `questionnaire_option` VALUES (286, 58, '没有（根本不）', 1, 1);
INSERT INTO `questionnaire_option` VALUES (287, 58, '很少（有一点）', 2, 2);
INSERT INTO `questionnaire_option` VALUES (288, 58, '有时（有些）', 3, 3);
INSERT INTO `questionnaire_option` VALUES (289, 58, '经常（相当）', 4, 4);
INSERT INTO `questionnaire_option` VALUES (290, 58, '总是（非常）', 5, 5);
INSERT INTO `questionnaire_option` VALUES (291, 59, '没有（根本不）', 1, 1);
INSERT INTO `questionnaire_option` VALUES (292, 59, '很少（有一点）', 2, 2);
INSERT INTO `questionnaire_option` VALUES (293, 59, '有时（有些）', 3, 3);
INSERT INTO `questionnaire_option` VALUES (294, 59, '经常（相当）', 4, 4);
INSERT INTO `questionnaire_option` VALUES (295, 59, '总是（非常）', 5, 5);
INSERT INTO `questionnaire_option` VALUES (296, 60, '没有（根本不）', 1, 1);
INSERT INTO `questionnaire_option` VALUES (297, 60, '很少（有一点）', 2, 2);
INSERT INTO `questionnaire_option` VALUES (298, 60, '有时（有些）', 3, 3);
INSERT INTO `questionnaire_option` VALUES (299, 60, '经常（相当）', 4, 4);
INSERT INTO `questionnaire_option` VALUES (300, 60, '总是（非常）', 5, 5);
INSERT INTO `questionnaire_option` VALUES (301, 61, '没有（根本不）', 1, 1);
INSERT INTO `questionnaire_option` VALUES (302, 61, '很少（有一点）', 2, 2);
INSERT INTO `questionnaire_option` VALUES (303, 61, '有时（有些）', 3, 3);
INSERT INTO `questionnaire_option` VALUES (304, 61, '经常（相当）', 4, 4);
INSERT INTO `questionnaire_option` VALUES (305, 61, '总是（非常）', 5, 5);
INSERT INTO `questionnaire_option` VALUES (306, 62, '没有（根本不）', 1, 1);
INSERT INTO `questionnaire_option` VALUES (307, 62, '很少（有一点）', 2, 2);
INSERT INTO `questionnaire_option` VALUES (308, 62, '有时（有些）', 3, 3);
INSERT INTO `questionnaire_option` VALUES (309, 62, '经常（相当）', 4, 4);
INSERT INTO `questionnaire_option` VALUES (310, 62, '总是（非常）', 5, 5);
INSERT INTO `questionnaire_option` VALUES (311, 63, '没有（根本不）', 1, 1);
INSERT INTO `questionnaire_option` VALUES (312, 63, '很少（有一点）', 2, 2);
INSERT INTO `questionnaire_option` VALUES (313, 63, '有时（有些）', 3, 3);
INSERT INTO `questionnaire_option` VALUES (314, 63, '经常（相当）', 4, 4);
INSERT INTO `questionnaire_option` VALUES (315, 63, '总是（非常）', 5, 5);
INSERT INTO `questionnaire_option` VALUES (316, 64, '没有（根本不）', 1, 1);
INSERT INTO `questionnaire_option` VALUES (317, 64, '很少（有一点）', 2, 2);
INSERT INTO `questionnaire_option` VALUES (318, 64, '有时（有些）', 3, 3);
INSERT INTO `questionnaire_option` VALUES (319, 64, '经常（相当）', 4, 4);
INSERT INTO `questionnaire_option` VALUES (320, 64, '总是（非常）', 5, 5);
INSERT INTO `questionnaire_option` VALUES (321, 65, '没有（根本不）', 1, 1);
INSERT INTO `questionnaire_option` VALUES (322, 65, '很少（有一点）', 2, 2);
INSERT INTO `questionnaire_option` VALUES (323, 65, '有时（有些）', 3, 3);
INSERT INTO `questionnaire_option` VALUES (324, 65, '经常（相当）', 4, 4);
INSERT INTO `questionnaire_option` VALUES (325, 65, '总是（非常）', 5, 5);
INSERT INTO `questionnaire_option` VALUES (326, 66, '没有（根本不）', 1, 1);
INSERT INTO `questionnaire_option` VALUES (327, 66, '很少（有一点）', 2, 2);
INSERT INTO `questionnaire_option` VALUES (328, 66, '有时（有些）', 3, 3);
INSERT INTO `questionnaire_option` VALUES (329, 66, '经常（相当）', 4, 4);
INSERT INTO `questionnaire_option` VALUES (330, 66, '总是（非常）', 5, 5);

-- ----------------------------
-- Table structure for review
-- ----------------------------
DROP TABLE IF EXISTS `review`;
CREATE TABLE `review`  (
  `id` bigint NOT NULL COMMENT '评价ID',
  `appointment_id` bigint NULL DEFAULT NULL COMMENT '预约ID',
  `consultation_record_id` bigint NULL DEFAULT NULL COMMENT '接诊记录ID',
  `patient_id` bigint NOT NULL COMMENT '患者ID',
  `doctor_id` bigint NOT NULL COMMENT '医生ID',
  `category_id` bigint NULL DEFAULT NULL COMMENT '分类ID（中医分类）',
  `rating` int NOT NULL COMMENT '评分（1-5分）',
  `service_rating` int NULL DEFAULT NULL COMMENT '服务态度评分（1-5分）',
  `professional_rating` int NULL DEFAULT NULL COMMENT '专业水平评分（1-5分）',
  `environment_rating` int NULL DEFAULT NULL COMMENT '环境评分（1-5分）',
  `content` text CHARACTER SET utf8mb4 COLLATE utf8mb4_unicode_ci NULL COMMENT '评价内容',
  `is_anonymous` int NULL DEFAULT 0 COMMENT '是否匿名 0-否 1-是',
  `tags` text CHARACTER SET utf8mb4 COLLATE utf8mb4_unicode_ci NULL COMMENT '标签（JSON格式）',
  `images` text CHARACTER SET utf8mb4 COLLATE utf8mb4_unicode_ci NULL COMMENT '图片（JSON格式）',
  `doctor_reply` text CHARACTER SET utf8mb4 COLLATE utf8mb4_unicode_ci NULL COMMENT '医生回复',
  `doctor_reply_time` datetime NULL DEFAULT NULL COMMENT '医生回复时间',
  `status` varchar(20) CHARACTER SET utf8mb4 COLLATE utf8mb4_unicode_ci NULL DEFAULT 'PENDING' COMMENT '状态 PENDING-待发布 PUBLISHED-已发布 HIDDEN-已隐藏',
  `created_at` datetime NULL DEFAULT CURRENT_TIMESTAMP COMMENT '创建时间',
  `updated_at` datetime NULL DEFAULT CURRENT_TIMESTAMP ON UPDATE CURRENT_TIMESTAMP COMMENT '更新时间',
  PRIMARY KEY (`id`) USING BTREE,
  INDEX `idx_appointment_id`(`appointment_id` ASC) USING BTREE,
  INDEX `idx_patient_id`(`patient_id` ASC) USING BTREE,
  INDEX `idx_doctor_id`(`doctor_id` ASC) USING BTREE,
  INDEX `idx_category_id`(`category_id` ASC) USING BTREE,
  INDEX `idx_status`(`status` ASC) USING BTREE,
  INDEX `idx_created_at`(`created_at` ASC) USING BTREE
) ENGINE = InnoDB CHARACTER SET = utf8mb4 COLLATE = utf8mb4_unicode_ci COMMENT = '评价表' ROW_FORMAT = DYNAMIC;

-- ----------------------------
-- Records of review
-- ----------------------------
INSERT INTO `review` VALUES (1989225659406344193, 1989213197369978882, NULL, 1986027188356419585, 1986307376001003521, 1, 1, 2, 3, 4, '到达好爱到死', 0, '[\"医术精湛\",\"态度友好\",\"等待时间短\"]', NULL, '多谢大师大事', '2025-11-14 14:56:18', 'PUBLISHED', '2025-11-14 14:55:30', '2025-11-14 14:56:18');

-- ----------------------------
-- Table structure for schedule
-- ----------------------------
DROP TABLE IF EXISTS `schedule`;
CREATE TABLE `schedule`  (
  `id` bigint NOT NULL COMMENT '排班ID',
  `doctor_id` bigint NOT NULL COMMENT '中医师ID',
  `schedule_date` date NOT NULL COMMENT '排班日期',
  `time_slot` enum('MORNING','AFTERNOON','EVENING') CHARACTER SET utf8mb4 COLLATE utf8mb4_unicode_ci NOT NULL COMMENT '时段',
  `start_time` time NOT NULL COMMENT '开始时间',
  `end_time` time NOT NULL COMMENT '结束时间',
  `total_quota` int NOT NULL DEFAULT 0 COMMENT '总号源数',
  `booked_quota` int NOT NULL DEFAULT 0 COMMENT '已预约数',
  `remaining_quota` int NOT NULL DEFAULT 0 COMMENT '剩余号源数',
  `status` enum('AVAILABLE','FULL','CLOSED') CHARACTER SET utf8mb4 COLLATE utf8mb4_unicode_ci NOT NULL DEFAULT 'AVAILABLE' COMMENT '状态',
  `note` varchar(255) CHARACTER SET utf8mb4 COLLATE utf8mb4_unicode_ci NULL DEFAULT NULL COMMENT '备注',
  `created_at` datetime NOT NULL DEFAULT CURRENT_TIMESTAMP,
  `updated_at` datetime NOT NULL DEFAULT CURRENT_TIMESTAMP ON UPDATE CURRENT_TIMESTAMP,
  `version` int NOT NULL DEFAULT 0,
  PRIMARY KEY (`id`) USING BTREE,
  UNIQUE INDEX `uk_doctor_date_time`(`doctor_id` ASC, `schedule_date` ASC, `time_slot` ASC) USING BTREE,
  INDEX `idx_schedule_date`(`schedule_date` ASC) USING BTREE,
  INDEX `idx_status`(`status` ASC) USING BTREE
) ENGINE = InnoDB CHARACTER SET = utf8mb4 COLLATE = utf8mb4_unicode_ci COMMENT = '中医师排班表' ROW_FORMAT = DYNAMIC;

-- ----------------------------
-- Records of schedule
-- ----------------------------
INSERT INTO `schedule` VALUES (1986294728949641217, 1986293953716432897, '2025-11-06', 'MORNING', '08:00:00', '12:00:00', 20, 0, 20, 'AVAILABLE', '正常', '2025-11-06 12:49:01', '2025-11-06 12:49:01', 0);
INSERT INTO `schedule` VALUES (1986294728949641218, 1986293953716432897, '2025-11-06', 'AFTERNOON', '14:00:00', '18:00:00', 20, 0, 20, 'AVAILABLE', '正常', '2025-11-06 12:49:01', '2025-11-06 12:49:01', 0);
INSERT INTO `schedule` VALUES (1986294729016750082, 1986293953716432897, '2025-11-06', 'EVENING', '19:00:00', '22:00:00', 20, 0, 20, 'AVAILABLE', '正常', '2025-11-06 12:49:01', '2025-11-06 12:49:01', 0);
INSERT INTO `schedule` VALUES (1986294729016750083, 1986293953716432897, '2025-11-07', 'MORNING', '08:00:00', '12:00:00', 20, 0, 20, 'AVAILABLE', '正常', '2025-11-06 12:49:01', '2025-11-06 12:49:01', 0);
INSERT INTO `schedule` VALUES (1986294729016750084, 1986293953716432897, '2025-11-07', 'AFTERNOON', '14:00:00', '18:00:00', 20, 0, 20, 'AVAILABLE', '正常', '2025-11-06 12:49:01', '2025-11-06 12:49:01', 0);
INSERT INTO `schedule` VALUES (1986294729079664642, 1986293953716432897, '2025-11-07', 'EVENING', '19:00:00', '22:00:00', 20, 0, 20, 'AVAILABLE', '正常', '2025-11-06 12:49:01', '2025-11-06 12:49:01', 0);
INSERT INTO `schedule` VALUES (1986294729079664643, 1986293953716432897, '2025-11-08', 'MORNING', '08:00:00', '12:00:00', 20, 0, 20, 'AVAILABLE', '正常', '2025-11-06 12:49:01', '2025-11-06 12:49:01', 0);
INSERT INTO `schedule` VALUES (1986294729079664644, 1986293953716432897, '2025-11-08', 'AFTERNOON', '14:00:00', '18:00:00', 20, 0, 20, 'AVAILABLE', '正常', '2025-11-06 12:49:01', '2025-11-06 12:49:01', 0);
INSERT INTO `schedule` VALUES (1986294729079664645, 1986293953716432897, '2025-11-08', 'EVENING', '19:00:00', '22:00:00', 20, 0, 20, 'AVAILABLE', '正常', '2025-11-06 12:49:01', '2025-11-06 12:49:01', 0);
INSERT INTO `schedule` VALUES (1986294729146773505, 1986293953716432897, '2025-11-09', 'MORNING', '08:00:00', '12:00:00', 20, 0, 20, 'AVAILABLE', '正常', '2025-11-06 12:49:01', '2025-11-06 12:49:01', 0);
INSERT INTO `schedule` VALUES (1986294729146773506, 1986293953716432897, '2025-11-09', 'AFTERNOON', '14:00:00', '18:00:00', 20, 0, 20, 'AVAILABLE', '正常', '2025-11-06 12:49:01', '2025-11-06 12:49:01', 0);
INSERT INTO `schedule` VALUES (1986294729146773507, 1986293953716432897, '2025-11-09', 'EVENING', '19:00:00', '22:00:00', 20, 0, 20, 'AVAILABLE', '正常', '2025-11-06 12:49:01', '2025-11-06 12:49:01', 0);
INSERT INTO `schedule` VALUES (1986294729213882369, 1986293953716432897, '2025-11-10', 'MORNING', '08:00:00', '12:00:00', 20, 0, 20, 'AVAILABLE', '正常', '2025-11-06 12:49:01', '2025-11-06 12:49:01', 0);
INSERT INTO `schedule` VALUES (1986294729213882370, 1986293953716432897, '2025-11-10', 'AFTERNOON', '14:00:00', '18:00:00', 20, 0, 20, 'AVAILABLE', '正常', '2025-11-06 12:49:01', '2025-11-06 12:49:01', 0);
INSERT INTO `schedule` VALUES (1986294729213882371, 1986293953716432897, '2025-11-10', 'EVENING', '19:00:00', '22:00:00', 20, 0, 20, 'AVAILABLE', '正常', '2025-11-06 12:49:01', '2025-11-06 12:49:01', 0);
INSERT INTO `schedule` VALUES (1986294729213882372, 1986293953716432897, '2025-11-11', 'MORNING', '08:00:00', '12:00:00', 20, 0, 20, 'AVAILABLE', '正常', '2025-11-06 12:49:01', '2025-11-06 12:49:01', 0);
INSERT INTO `schedule` VALUES (1986294729276796930, 1986293953716432897, '2025-11-11', 'AFTERNOON', '14:00:00', '18:00:00', 20, 0, 20, 'AVAILABLE', '正常', '2025-11-06 12:49:01', '2025-11-06 12:49:01', 0);
INSERT INTO `schedule` VALUES (1986294729276796931, 1986293953716432897, '2025-11-11', 'EVENING', '19:00:00', '22:00:00', 20, 0, 20, 'AVAILABLE', '正常', '2025-11-06 12:49:01', '2025-11-06 12:49:01', 0);
INSERT INTO `schedule` VALUES (1986294729276796932, 1986293953716432897, '2025-11-12', 'MORNING', '08:00:00', '12:00:00', 20, 0, 20, 'AVAILABLE', '正常', '2025-11-06 12:49:01', '2025-11-06 12:49:01', 0);
INSERT INTO `schedule` VALUES (1986294729343905794, 1986293953716432897, '2025-11-12', 'AFTERNOON', '14:00:00', '18:00:00', 20, 0, 20, 'AVAILABLE', '正常', '2025-11-06 12:49:01', '2025-11-06 12:49:01', 0);
INSERT INTO `schedule` VALUES (1986294729343905795, 1986293953716432897, '2025-11-12', 'EVENING', '19:00:00', '22:00:00', 20, 0, 20, 'AVAILABLE', '正常', '2025-11-06 12:49:01', '2025-11-06 12:49:01', 0);
INSERT INTO `schedule` VALUES (1986294729343905796, 1986293953716432897, '2025-11-13', 'MORNING', '08:00:00', '12:00:00', 20, 0, 20, 'AVAILABLE', '正常', '2025-11-06 12:49:01', '2025-11-06 12:49:01', 0);
INSERT INTO `schedule` VALUES (1986294729343905797, 1986293953716432897, '2025-11-13', 'AFTERNOON', '14:00:00', '18:00:00', 20, 0, 20, 'AVAILABLE', '正常', '2025-11-06 12:49:01', '2025-11-06 12:49:01', 0);
INSERT INTO `schedule` VALUES (1986294729406820353, 1986293953716432897, '2025-11-13', 'EVENING', '19:00:00', '22:00:00', 20, 0, 20, 'AVAILABLE', '正常', '2025-11-06 12:49:01', '2025-11-06 12:49:01', 0);
INSERT INTO `schedule` VALUES (1986294729406820354, 1986293953716432897, '2025-11-14', 'MORNING', '08:00:00', '12:00:00', 20, 0, 20, 'AVAILABLE', '正常', '2025-11-06 12:49:01', '2025-11-06 12:49:01', 0);
INSERT INTO `schedule` VALUES (1986294729406820355, 1986293953716432897, '2025-11-14', 'AFTERNOON', '14:00:00', '18:00:00', 20, 0, 20, 'AVAILABLE', '正常', '2025-11-06 12:49:01', '2025-11-06 12:49:01', 0);
INSERT INTO `schedule` VALUES (1986294729406820356, 1986293953716432897, '2025-11-14', 'EVENING', '19:00:00', '22:00:00', 20, 0, 20, 'AVAILABLE', '正常', '2025-11-06 12:49:01', '2025-11-06 12:49:01', 0);
INSERT INTO `schedule` VALUES (1986294729469734913, 1986293953716432897, '2025-11-15', 'MORNING', '08:00:00', '12:00:00', 20, 0, 20, 'AVAILABLE', '正常', '2025-11-06 12:49:01', '2025-11-06 12:49:01', 0);
INSERT INTO `schedule` VALUES (1986294729469734914, 1986293953716432897, '2025-11-15', 'AFTERNOON', '14:00:00', '18:00:00', 20, 0, 20, 'AVAILABLE', '正常', '2025-11-06 12:49:01', '2025-11-06 12:49:01', 0);
INSERT INTO `schedule` VALUES (1986294729469734915, 1986293953716432897, '2025-11-15', 'EVENING', '19:00:00', '22:00:00', 20, 0, 20, 'AVAILABLE', '正常', '2025-11-06 12:49:01', '2025-11-06 12:49:01', 0);
INSERT INTO `schedule` VALUES (1986294729536843777, 1986293953716432897, '2025-11-16', 'MORNING', '08:00:00', '12:00:00', 20, 0, 20, 'AVAILABLE', '正常', '2025-11-06 12:49:01', '2025-11-06 12:49:01', 0);
INSERT INTO `schedule` VALUES (1986294729536843778, 1986293953716432897, '2025-11-16', 'AFTERNOON', '14:00:00', '18:00:00', 20, 0, 20, 'AVAILABLE', '正常', '2025-11-06 12:49:01', '2025-11-06 12:49:01', 0);
INSERT INTO `schedule` VALUES (1986294729536843779, 1986293953716432897, '2025-11-16', 'EVENING', '19:00:00', '22:00:00', 20, 0, 20, 'AVAILABLE', '正常', '2025-11-06 12:49:01', '2025-11-06 12:49:01', 0);
INSERT INTO `schedule` VALUES (1986294729536843780, 1986293953716432897, '2025-11-17', 'MORNING', '08:00:00', '12:00:00', 20, 0, 20, 'AVAILABLE', '正常', '2025-11-06 12:49:01', '2025-11-06 12:49:01', 0);
INSERT INTO `schedule` VALUES (1986294729603952642, 1986293953716432897, '2025-11-17', 'AFTERNOON', '14:00:00', '18:00:00', 20, 0, 20, 'AVAILABLE', '正常', '2025-11-06 12:49:01', '2025-11-06 12:49:01', 0);
INSERT INTO `schedule` VALUES (1986294729603952643, 1986293953716432897, '2025-11-17', 'EVENING', '19:00:00', '22:00:00', 20, 0, 20, 'AVAILABLE', '正常', '2025-11-06 12:49:01', '2025-11-06 12:49:01', 0);
INSERT INTO `schedule` VALUES (1986294729603952644, 1986293953716432897, '2025-11-18', 'MORNING', '08:00:00', '12:00:00', 20, 0, 20, 'AVAILABLE', '正常', '2025-11-06 12:49:01', '2025-11-06 12:49:01', 0);
INSERT INTO `schedule` VALUES (1986294729666867202, 1986293953716432897, '2025-11-18', 'AFTERNOON', '14:00:00', '18:00:00', 20, 0, 20, 'AVAILABLE', '正常', '2025-11-06 12:49:01', '2025-11-06 12:49:01', 0);
INSERT INTO `schedule` VALUES (1986294729666867203, 1986293953716432897, '2025-11-18', 'EVENING', '19:00:00', '22:00:00', 20, 0, 20, 'AVAILABLE', '正常', '2025-11-06 12:49:01', '2025-11-06 12:49:01', 0);
INSERT INTO `schedule` VALUES (1986294729666867204, 1986293953716432897, '2025-11-19', 'MORNING', '08:00:00', '12:00:00', 20, 0, 20, 'AVAILABLE', '正常', '2025-11-06 12:49:01', '2025-11-06 12:49:01', 0);
INSERT INTO `schedule` VALUES (1986294729666867205, 1986293953716432897, '2025-11-19', 'AFTERNOON', '14:00:00', '18:00:00', 20, 0, 20, 'AVAILABLE', '正常', '2025-11-06 12:49:01', '2025-11-06 12:49:01', 0);
INSERT INTO `schedule` VALUES (1986294729746558978, 1986293953716432897, '2025-11-19', 'EVENING', '19:00:00', '22:00:00', 20, 0, 20, 'AVAILABLE', '正常', '2025-11-06 12:49:01', '2025-11-06 12:49:01', 0);
INSERT INTO `schedule` VALUES (1986294729759141889, 1986293953716432897, '2025-11-20', 'MORNING', '08:00:00', '12:00:00', 20, 0, 20, 'AVAILABLE', '正常', '2025-11-06 12:49:01', '2025-11-06 12:49:01', 0);
INSERT INTO `schedule` VALUES (1986294729796890626, 1986293953716432897, '2025-11-20', 'AFTERNOON', '14:00:00', '18:00:00', 20, 0, 20, 'AVAILABLE', '正常', '2025-11-06 12:49:01', '2025-11-06 12:49:01', 0);
INSERT INTO `schedule` VALUES (1986294729796890627, 1986293953716432897, '2025-11-20', 'EVENING', '19:00:00', '22:00:00', 20, 0, 20, 'AVAILABLE', '正常', '2025-11-06 12:49:01', '2025-11-06 12:49:01', 0);
INSERT INTO `schedule` VALUES (1986294729796890628, 1986293953716432897, '2025-11-21', 'MORNING', '08:00:00', '12:00:00', 20, 0, 20, 'AVAILABLE', '正常', '2025-11-06 12:49:01', '2025-11-06 12:49:01', 0);
INSERT INTO `schedule` VALUES (1986294729859805186, 1986293953716432897, '2025-11-21', 'AFTERNOON', '14:00:00', '18:00:00', 20, 0, 20, 'AVAILABLE', '正常', '2025-11-06 12:49:01', '2025-11-06 12:49:01', 0);
INSERT INTO `schedule` VALUES (1986294729859805187, 1986293953716432897, '2025-11-21', 'EVENING', '19:00:00', '22:00:00', 20, 0, 20, 'AVAILABLE', '正常', '2025-11-06 12:49:01', '2025-11-06 12:49:01', 0);
INSERT INTO `schedule` VALUES (1986294729859805188, 1986293953716432897, '2025-11-22', 'MORNING', '08:00:00', '12:00:00', 20, 0, 20, 'AVAILABLE', '正常', '2025-11-06 12:49:01', '2025-11-06 12:49:01', 0);
INSERT INTO `schedule` VALUES (1986294729859805189, 1986293953716432897, '2025-11-22', 'AFTERNOON', '14:00:00', '18:00:00', 20, 0, 20, 'AVAILABLE', '正常', '2025-11-06 12:49:01', '2025-11-06 12:49:01', 0);
INSERT INTO `schedule` VALUES (1986294729922719746, 1986293953716432897, '2025-11-22', 'EVENING', '19:00:00', '22:00:00', 20, 0, 20, 'AVAILABLE', '正常', '2025-11-06 12:49:01', '2025-11-06 12:49:01', 0);
INSERT INTO `schedule` VALUES (1986294729922719747, 1986293953716432897, '2025-11-23', 'MORNING', '08:00:00', '12:00:00', 20, 0, 20, 'AVAILABLE', '正常', '2025-11-06 12:49:01', '2025-11-06 12:49:01', 0);
INSERT INTO `schedule` VALUES (1986294729922719748, 1986293953716432897, '2025-11-23', 'AFTERNOON', '14:00:00', '18:00:00', 20, 0, 20, 'AVAILABLE', '正常', '2025-11-06 12:49:01', '2025-11-06 12:49:01', 0);
INSERT INTO `schedule` VALUES (1986294729985634306, 1986293953716432897, '2025-11-23', 'EVENING', '19:00:00', '22:00:00', 20, 0, 20, 'AVAILABLE', '正常', '2025-11-06 12:49:01', '2025-11-06 12:49:01', 0);
INSERT INTO `schedule` VALUES (1986294729985634307, 1986293953716432897, '2025-11-24', 'MORNING', '08:00:00', '12:00:00', 20, 0, 20, 'AVAILABLE', '正常', '2025-11-06 12:49:01', '2025-11-06 12:49:01', 0);
INSERT INTO `schedule` VALUES (1986294729985634308, 1986293953716432897, '2025-11-24', 'AFTERNOON', '14:00:00', '18:00:00', 20, 0, 20, 'AVAILABLE', '正常', '2025-11-06 12:49:01', '2025-11-06 12:49:01', 0);
INSERT INTO `schedule` VALUES (1986294730048548866, 1986293953716432897, '2025-11-24', 'EVENING', '19:00:00', '22:00:00', 20, 0, 20, 'AVAILABLE', '正常', '2025-11-06 12:49:01', '2025-11-06 12:49:01', 0);
INSERT INTO `schedule` VALUES (1986294730048548867, 1986293953716432897, '2025-11-25', 'MORNING', '08:00:00', '12:00:00', 20, 0, 20, 'AVAILABLE', '正常', '2025-11-06 12:49:01', '2025-11-06 12:49:01', 0);
INSERT INTO `schedule` VALUES (1986294730048548868, 1986293953716432897, '2025-11-25', 'AFTERNOON', '14:00:00', '18:00:00', 20, 0, 20, 'AVAILABLE', '正常', '2025-11-06 12:49:01', '2025-11-06 12:49:01', 0);
INSERT INTO `schedule` VALUES (1986294730111463425, 1986293953716432897, '2025-11-25', 'EVENING', '19:00:00', '22:00:00', 20, 0, 20, 'AVAILABLE', '正常', '2025-11-06 12:49:01', '2025-11-06 12:49:01', 0);
INSERT INTO `schedule` VALUES (1986294730111463426, 1986293953716432897, '2025-11-26', 'MORNING', '08:00:00', '12:00:00', 20, 0, 20, 'AVAILABLE', '正常', '2025-11-06 12:49:01', '2025-11-06 12:49:01', 0);
INSERT INTO `schedule` VALUES (1986294730111463427, 1986293953716432897, '2025-11-26', 'AFTERNOON', '14:00:00', '18:00:00', 20, 0, 20, 'AVAILABLE', '正常', '2025-11-06 12:49:01', '2025-11-06 12:49:01', 0);
INSERT INTO `schedule` VALUES (1986294730178572289, 1986293953716432897, '2025-11-26', 'EVENING', '19:00:00', '22:00:00', 20, 0, 20, 'AVAILABLE', '正常', '2025-11-06 12:49:01', '2025-11-06 12:49:01', 0);
INSERT INTO `schedule` VALUES (1986294730178572290, 1986293953716432897, '2025-11-27', 'MORNING', '08:00:00', '12:00:00', 20, 0, 20, 'AVAILABLE', '正常', '2025-11-06 12:49:01', '2025-11-06 12:49:01', 0);
INSERT INTO `schedule` VALUES (1986294730178572291, 1986293953716432897, '2025-11-27', 'AFTERNOON', '14:00:00', '18:00:00', 20, 0, 20, 'AVAILABLE', '正常', '2025-11-06 12:49:01', '2025-11-06 12:49:01', 0);
INSERT INTO `schedule` VALUES (1986294730241486849, 1986293953716432897, '2025-11-27', 'EVENING', '19:00:00', '22:00:00', 20, 0, 20, 'AVAILABLE', '正常', '2025-11-06 12:49:01', '2025-11-06 12:49:01', 0);
INSERT INTO `schedule` VALUES (1986294730241486850, 1986293953716432897, '2025-11-28', 'MORNING', '08:00:00', '12:00:00', 20, 0, 20, 'AVAILABLE', '正常', '2025-11-06 12:49:01', '2025-11-06 12:49:01', 0);
INSERT INTO `schedule` VALUES (1986294730241486851, 1986293953716432897, '2025-11-28', 'AFTERNOON', '14:00:00', '18:00:00', 20, 0, 20, 'AVAILABLE', '正常', '2025-11-06 12:49:01', '2025-11-06 12:49:01', 0);
INSERT INTO `schedule` VALUES (1986294730304401410, 1986293953716432897, '2025-11-28', 'EVENING', '19:00:00', '22:00:00', 20, 0, 20, 'AVAILABLE', '正常', '2025-11-06 12:49:01', '2025-11-06 12:49:01', 0);
INSERT INTO `schedule` VALUES (1986294730304401411, 1986293953716432897, '2025-11-29', 'MORNING', '08:00:00', '12:00:00', 20, 0, 20, 'AVAILABLE', '正常', '2025-11-06 12:49:01', '2025-11-06 12:49:01', 0);
INSERT INTO `schedule` VALUES (1986294730304401412, 1986293953716432897, '2025-11-29', 'AFTERNOON', '14:00:00', '18:00:00', 20, 0, 20, 'AVAILABLE', '正常', '2025-11-06 12:49:01', '2025-11-06 12:49:01', 0);
INSERT INTO `schedule` VALUES (1986294730304401413, 1986293953716432897, '2025-11-29', 'EVENING', '19:00:00', '22:00:00', 20, 0, 20, 'AVAILABLE', '正常', '2025-11-06 12:49:01', '2025-11-06 12:49:01', 0);
INSERT INTO `schedule` VALUES (1986294730304401414, 1986293953716432897, '2025-11-30', 'MORNING', '08:00:00', '12:00:00', 20, 0, 20, 'AVAILABLE', '正常', '2025-11-06 12:49:01', '2025-11-06 12:49:01', 0);
INSERT INTO `schedule` VALUES (1986294730371510273, 1986293953716432897, '2025-11-30', 'AFTERNOON', '14:00:00', '18:00:00', 20, 0, 20, 'AVAILABLE', '正常', '2025-11-06 12:49:01', '2025-11-06 12:49:01', 0);
INSERT INTO `schedule` VALUES (1986294730371510274, 1986293953716432897, '2025-11-30', 'EVENING', '19:00:00', '22:00:00', 20, 0, 20, 'AVAILABLE', '正常', '2025-11-06 12:49:01', '2025-11-06 12:49:01', 0);
INSERT INTO `schedule` VALUES (1986307458444242945, 1986307376001003521, '2025-11-06', 'MORNING', '08:00:00', '12:00:00', 20, 0, 20, 'AVAILABLE', '', '2025-11-06 13:39:36', '2025-11-06 13:39:36', 0);
INSERT INTO `schedule` VALUES (1986307458444242946, 1986307376001003521, '2025-11-06', 'EVENING', '19:00:00', '22:00:00', 20, 3, 17, 'AVAILABLE', '', '2025-11-06 13:39:36', '2025-11-09 12:06:26', 0);
INSERT INTO `schedule` VALUES (1986307458507157505, 1986307376001003521, '2025-11-07', 'MORNING', '08:00:00', '12:00:00', 20, 0, 20, 'AVAILABLE', '', '2025-11-06 13:39:36', '2025-11-06 13:39:36', 0);
INSERT INTO `schedule` VALUES (1986307458507157506, 1986307376001003521, '2025-11-07', 'EVENING', '19:00:00', '22:00:00', 20, 0, 20, 'AVAILABLE', '', '2025-11-06 13:39:36', '2025-11-06 13:39:36', 0);
INSERT INTO `schedule` VALUES (1986307458507157507, 1986307376001003521, '2025-11-08', 'MORNING', '08:00:00', '12:00:00', 20, 0, 20, 'AVAILABLE', '', '2025-11-06 13:39:36', '2025-11-06 13:39:36', 0);
INSERT INTO `schedule` VALUES (1986307458507157508, 1986307376001003521, '2025-11-08', 'EVENING', '19:00:00', '22:00:00', 20, 11, 9, 'AVAILABLE', '', '2025-11-06 13:39:36', '2025-11-09 12:06:26', 0);
INSERT INTO `schedule` VALUES (1986307458574266370, 1986307376001003521, '2025-11-09', 'MORNING', '08:00:00', '12:00:00', 20, 2, 18, 'AVAILABLE', '', '2025-11-06 13:39:36', '2025-11-09 12:13:27', 0);
INSERT INTO `schedule` VALUES (1986307458574266371, 1986307376001003521, '2025-11-09', 'EVENING', '19:00:00', '22:00:00', 20, 0, 20, 'AVAILABLE', '', '2025-11-06 13:39:36', '2025-11-06 13:39:36', 0);
INSERT INTO `schedule` VALUES (1986307458574266372, 1986307376001003521, '2025-11-10', 'MORNING', '08:00:00', '12:00:00', 20, 0, 20, 'AVAILABLE', '', '2025-11-06 13:39:36', '2025-11-06 13:39:36', 0);
INSERT INTO `schedule` VALUES (1986307458574266373, 1986307376001003521, '2025-11-10', 'EVENING', '19:00:00', '22:00:00', 20, 0, 20, 'AVAILABLE', '', '2025-11-06 13:39:36', '2025-11-06 13:39:36', 0);
INSERT INTO `schedule` VALUES (1986307458637180930, 1986307376001003521, '2025-11-11', 'MORNING', '08:00:00', '12:00:00', 20, 0, 20, 'AVAILABLE', '', '2025-11-06 13:39:36', '2025-11-06 13:39:36', 0);
INSERT INTO `schedule` VALUES (1986307458637180931, 1986307376001003521, '2025-11-11', 'EVENING', '19:00:00', '22:00:00', 20, 0, 20, 'AVAILABLE', '', '2025-11-06 13:39:36', '2025-11-06 13:39:36', 0);
INSERT INTO `schedule` VALUES (1986307458637180932, 1986307376001003521, '2025-11-12', 'MORNING', '08:00:00', '12:00:00', 20, 0, 20, 'AVAILABLE', '', '2025-11-06 13:39:36', '2025-11-06 13:39:36', 0);
INSERT INTO `schedule` VALUES (1986307458708484097, 1986307376001003521, '2025-11-12', 'EVENING', '19:00:00', '22:00:00', 20, 5, 15, 'AVAILABLE', '', '2025-11-06 13:39:36', '2025-11-12 19:36:40', 0);
INSERT INTO `schedule` VALUES (1986307458708484098, 1986307376001003521, '2025-11-13', 'MORNING', '08:00:00', '12:00:00', 20, 0, 20, 'AVAILABLE', '', '2025-11-06 13:39:36', '2025-11-06 13:39:36', 0);
INSERT INTO `schedule` VALUES (1986307458708484099, 1986307376001003521, '2025-11-13', 'EVENING', '19:00:00', '22:00:00', 20, 0, 20, 'AVAILABLE', '', '2025-11-06 13:39:36', '2025-11-06 13:39:36', 0);
INSERT INTO `schedule` VALUES (1986307458708484100, 1986307376001003521, '2025-11-14', 'MORNING', '08:00:00', '12:00:00', 20, 0, 20, 'AVAILABLE', '', '2025-11-06 13:39:36', '2025-11-06 13:39:36', 0);
INSERT INTO `schedule` VALUES (1986307458771398658, 1986307376001003521, '2025-11-14', 'EVENING', '19:00:00', '22:00:00', 20, 3, 17, 'AVAILABLE', '', '2025-11-06 13:39:36', '2025-11-14 14:05:58', 0);
INSERT INTO `schedule` VALUES (1986307458771398659, 1986307376001003521, '2025-11-15', 'MORNING', '08:00:00', '12:00:00', 20, 0, 20, 'AVAILABLE', '', '2025-11-06 13:39:36', '2025-11-06 13:39:36', 0);
INSERT INTO `schedule` VALUES (1986307458771398660, 1986307376001003521, '2025-11-15', 'EVENING', '19:00:00', '22:00:00', 20, 0, 20, 'AVAILABLE', '', '2025-11-06 13:39:36', '2025-11-06 13:39:36', 0);
INSERT INTO `schedule` VALUES (1986307458771398661, 1986307376001003521, '2025-11-16', 'MORNING', '08:00:00', '12:00:00', 20, 0, 20, 'AVAILABLE', '', '2025-11-06 13:39:36', '2025-11-06 13:39:36', 0);
INSERT INTO `schedule` VALUES (1986307458834313218, 1986307376001003521, '2025-11-16', 'EVENING', '19:00:00', '22:00:00', 20, 0, 20, 'AVAILABLE', '', '2025-11-06 13:39:36', '2025-11-06 13:39:36', 0);
INSERT INTO `schedule` VALUES (1986307458834313219, 1986307376001003521, '2025-11-17', 'MORNING', '08:00:00', '12:00:00', 20, 0, 20, 'AVAILABLE', '', '2025-11-06 13:39:36', '2025-11-06 13:39:36', 0);
INSERT INTO `schedule` VALUES (1986307458834313220, 1986307376001003521, '2025-11-17', 'EVENING', '19:00:00', '22:00:00', 20, 0, 20, 'AVAILABLE', '', '2025-11-06 13:39:36', '2025-11-06 13:39:36', 0);
INSERT INTO `schedule` VALUES (1986307458834313221, 1986307376001003521, '2025-11-18', 'MORNING', '08:00:00', '12:00:00', 20, 0, 20, 'AVAILABLE', '', '2025-11-06 13:39:36', '2025-11-06 13:39:36', 0);
INSERT INTO `schedule` VALUES (1986307458834313222, 1986307376001003521, '2025-11-18', 'EVENING', '19:00:00', '22:00:00', 20, 0, 20, 'AVAILABLE', '', '2025-11-06 13:39:36', '2025-11-06 13:39:36', 0);
INSERT INTO `schedule` VALUES (1986307458909810690, 1986307376001003521, '2025-11-19', 'MORNING', '08:00:00', '12:00:00', 20, 0, 20, 'AVAILABLE', '', '2025-11-06 13:39:36', '2025-11-06 13:39:36', 0);
INSERT INTO `schedule` VALUES (1986307458918199297, 1986307376001003521, '2025-11-19', 'EVENING', '19:00:00', '22:00:00', 20, 0, 20, 'AVAILABLE', '', '2025-11-06 13:39:36', '2025-11-06 13:39:36', 0);
INSERT INTO `schedule` VALUES (1986307458918199298, 1986307376001003521, '2025-11-20', 'MORNING', '08:00:00', '12:00:00', 20, 0, 20, 'AVAILABLE', '', '2025-11-06 13:39:36', '2025-11-06 13:39:36', 0);
INSERT INTO `schedule` VALUES (1986307458918199299, 1986307376001003521, '2025-11-20', 'EVENING', '19:00:00', '22:00:00', 20, 0, 20, 'AVAILABLE', '', '2025-11-06 13:39:36', '2025-11-06 13:39:36', 0);
INSERT INTO `schedule` VALUES (1986307458918199300, 1986307376001003521, '2025-11-21', 'MORNING', '08:00:00', '12:00:00', 20, 0, 20, 'AVAILABLE', '', '2025-11-06 13:39:36', '2025-11-06 13:39:36', 0);
INSERT INTO `schedule` VALUES (1986307458964336641, 1986307376001003521, '2025-11-21', 'EVENING', '19:00:00', '22:00:00', 20, 0, 20, 'AVAILABLE', '', '2025-11-06 13:39:36', '2025-11-06 13:39:36', 0);
INSERT INTO `schedule` VALUES (1986307458964336642, 1986307376001003521, '2025-11-22', 'MORNING', '08:00:00', '12:00:00', 20, 0, 20, 'AVAILABLE', '', '2025-11-06 13:39:36', '2025-11-06 13:39:36', 0);
INSERT INTO `schedule` VALUES (1986307458964336643, 1986307376001003521, '2025-11-22', 'EVENING', '19:00:00', '22:00:00', 20, 0, 20, 'AVAILABLE', '', '2025-11-06 13:39:36', '2025-11-06 13:39:36', 0);
INSERT INTO `schedule` VALUES (1986307458964336644, 1986307376001003521, '2025-11-23', 'MORNING', '08:00:00', '12:00:00', 20, 0, 20, 'AVAILABLE', '', '2025-11-06 13:39:36', '2025-11-06 13:39:36', 0);
INSERT INTO `schedule` VALUES (1986307459031445505, 1986307376001003521, '2025-11-23', 'EVENING', '19:00:00', '22:00:00', 20, 0, 20, 'AVAILABLE', '', '2025-11-06 13:39:36', '2025-11-06 13:39:36', 0);
INSERT INTO `schedule` VALUES (1986307459031445506, 1986307376001003521, '2025-11-24', 'MORNING', '08:00:00', '12:00:00', 20, 0, 20, 'AVAILABLE', '', '2025-11-06 13:39:36', '2025-11-06 13:39:36', 0);
INSERT INTO `schedule` VALUES (1986307459031445507, 1986307376001003521, '2025-11-24', 'EVENING', '19:00:00', '22:00:00', 20, 0, 20, 'AVAILABLE', '', '2025-11-06 13:39:36', '2025-11-06 13:39:36', 0);
INSERT INTO `schedule` VALUES (1986307459031445508, 1986307376001003521, '2025-11-25', 'MORNING', '08:00:00', '12:00:00', 20, 0, 20, 'AVAILABLE', '', '2025-11-06 13:39:36', '2025-11-06 13:39:36', 0);
INSERT INTO `schedule` VALUES (1986307459094360065, 1986307376001003521, '2025-11-25', 'EVENING', '19:00:00', '22:00:00', 20, 0, 20, 'AVAILABLE', '', '2025-11-06 13:39:36', '2025-11-06 13:39:36', 0);
INSERT INTO `schedule` VALUES (1986307459094360066, 1986307376001003521, '2025-11-26', 'MORNING', '08:00:00', '12:00:00', 20, 0, 20, 'AVAILABLE', '', '2025-11-06 13:39:36', '2025-11-06 13:39:36', 0);
INSERT INTO `schedule` VALUES (1986307459094360067, 1986307376001003521, '2025-11-26', 'EVENING', '19:00:00', '22:00:00', 20, 0, 20, 'AVAILABLE', '', '2025-11-06 13:39:36', '2025-11-06 13:39:36', 0);
INSERT INTO `schedule` VALUES (1986307459094360068, 1986307376001003521, '2025-11-27', 'MORNING', '08:00:00', '12:00:00', 20, 0, 20, 'AVAILABLE', '', '2025-11-06 13:39:36', '2025-11-06 13:39:36', 0);
INSERT INTO `schedule` VALUES (1986307459094360069, 1986307376001003521, '2025-11-27', 'EVENING', '19:00:00', '22:00:00', 20, 0, 20, 'AVAILABLE', '', '2025-11-06 13:39:36', '2025-11-06 13:39:36', 0);
INSERT INTO `schedule` VALUES (1986307459161468929, 1986307376001003521, '2025-11-28', 'MORNING', '08:00:00', '12:00:00', 20, 0, 20, 'AVAILABLE', '', '2025-11-06 13:39:36', '2025-11-06 13:39:36', 0);
INSERT INTO `schedule` VALUES (1986307459161468930, 1986307376001003521, '2025-11-28', 'EVENING', '19:00:00', '22:00:00', 20, 0, 20, 'AVAILABLE', '', '2025-11-06 13:39:36', '2025-11-06 13:39:36', 0);
INSERT INTO `schedule` VALUES (1986307459161468931, 1986307376001003521, '2025-11-29', 'MORNING', '08:00:00', '12:00:00', 20, 0, 20, 'AVAILABLE', '', '2025-11-06 13:39:36', '2025-11-06 13:39:36', 0);
INSERT INTO `schedule` VALUES (1986307459161468932, 1986307376001003521, '2025-11-29', 'EVENING', '19:00:00', '22:00:00', 20, 0, 20, 'AVAILABLE', '', '2025-11-06 13:39:36', '2025-11-06 13:39:36', 0);
INSERT INTO `schedule` VALUES (1986307459161468933, 1986307376001003521, '2025-11-30', 'MORNING', '08:00:00', '12:00:00', 20, 0, 20, 'AVAILABLE', '', '2025-11-06 13:39:36', '2025-11-06 13:39:36', 0);
INSERT INTO `schedule` VALUES (1986307459224383490, 1986307376001003521, '2025-11-30', 'EVENING', '19:00:00', '22:00:00', 20, 0, 20, 'AVAILABLE', '', '2025-11-06 13:39:36', '2025-11-06 13:39:36', 0);

-- ----------------------------
-- Table structure for system_config
-- ----------------------------
DROP TABLE IF EXISTS `system_config`;
CREATE TABLE `system_config`  (
  `id` bigint NOT NULL AUTO_INCREMENT,
  `config_key` varchar(100) CHARACTER SET utf8mb4 COLLATE utf8mb4_unicode_ci NOT NULL COMMENT '配置键',
  `config_value` text CHARACTER SET utf8mb4 COLLATE utf8mb4_unicode_ci NULL COMMENT '配置值',
  `config_desc` varchar(255) CHARACTER SET utf8mb4 COLLATE utf8mb4_unicode_ci NULL DEFAULT NULL COMMENT '配置描述',
  `config_type` varchar(50) CHARACTER SET utf8mb4 COLLATE utf8mb4_unicode_ci NULL DEFAULT NULL COMMENT '配置类型',
  `created_at` datetime NULL DEFAULT CURRENT_TIMESTAMP,
  `updated_at` datetime NULL DEFAULT CURRENT_TIMESTAMP ON UPDATE CURRENT_TIMESTAMP,
  PRIMARY KEY (`id`) USING BTREE,
  UNIQUE INDEX `uk_config_key`(`config_key` ASC) USING BTREE
) ENGINE = InnoDB AUTO_INCREMENT = 1991505474260230147 CHARACTER SET = utf8mb4 COLLATE = utf8mb4_unicode_ci COMMENT = '系统配置表' ROW_FORMAT = DYNAMIC;

-- ----------------------------
-- Records of system_config
-- ----------------------------
INSERT INTO `system_config` VALUES (1, 'system.name', '中医体质辨识与养生方案系', '系统名称', 'basic', '2025-11-05 19:02:06', '2025-11-05 19:02:06');
INSERT INTO `system_config` VALUES (2, 'system.version', '1.0.2', '系统版本', 'basic', '2025-11-05 19:02:06', '2025-11-05 19:02:06');
INSERT INTO `system_config` VALUES (3, 'appointment.advance_days', '10', '预约提前天数', 'basic', '2025-11-05 19:02:06', '2025-11-05 19:02:06');
INSERT INTO `system_config` VALUES (4, 'appointment.cancel_hours', '4', '取消预约提前小时数', 'basic', '2025-11-05 19:02:06', '2025-11-05 19:02:06');
INSERT INTO `system_config` VALUES (5, 'article.page_size', '10', '文章列表每页数量', 'article', '2025-11-05 19:02:06', '2025-11-05 19:02:06');
INSERT INTO `system_config` VALUES (6, 'recipe.page_size', '12', '药膳列表每页数量', 'recipe', '2025-11-05 19:02:06', '2025-11-05 19:02:06');
INSERT INTO `system_config` VALUES (7, 'upload.max_size', '10485760', '文件上传最大大小（字节）', 'upload', '2025-11-05 19:02:06', '2025-11-05 19:02:06');
INSERT INTO `system_config` VALUES (8, 'upload.allowed_types', 'jpg,jpeg,png,gif,mp4', '允许上传的文件类型', 'upload', '2025-11-05 19:02:06', '2025-11-05 19:02:06');
INSERT INTO `system_config` VALUES (9, 'notification.appointment_reminder', 'true', '是否开启预约提醒通知', 'notification', '2025-11-20 21:53:29', '2025-11-20 21:53:29');
INSERT INTO `system_config` VALUES (10, 'notification.reminder_hours', '2', '提醒提前小时数', 'notification', '2025-11-20 21:53:29', '2025-11-20 21:53:29');
INSERT INTO `system_config` VALUES (11, 'notification.sms_enabled', 'true', '短信通知开关', 'notification', '2025-11-20 21:53:29', '2025-11-20 21:53:29');
INSERT INTO `system_config` VALUES (12, 'notification.email_enabled', 'true', '邮件通知开关', 'notification', '2025-11-20 21:53:29', '2025-11-20 21:53:29');
INSERT INTO `system_config` VALUES (13, 'notification.system_enabled', 'true', '系统内通知开关', 'notification', '2025-11-20 21:53:29', '2025-11-20 21:53:29');
INSERT INTO `system_config` VALUES (14, 'security.min_password_length', '7', '密码最小长度', 'security', '2025-11-20 21:53:29', '2025-11-20 21:53:29');
INSERT INTO `system_config` VALUES (15, 'security.login_lock_enabled', 'true', '登录失败锁定开关', 'security', '2025-11-20 21:53:29', '2025-11-20 21:53:29');
INSERT INTO `system_config` VALUES (16, 'security.max_login_attempts', '6', '最大登录失败次数', 'security', '2025-11-20 21:53:29', '2025-11-20 21:53:29');
INSERT INTO `system_config` VALUES (17, 'security.lock_duration', '16', '登录锁定时间(分钟)', 'security', '2025-11-20 21:53:29', '2025-11-20 21:53:29');
INSERT INTO `system_config` VALUES (18, 'security.session_timeout', '121', '会话超时时间(分钟)', 'security', '2025-11-20 21:53:29', '2025-11-20 21:53:29');
INSERT INTO `system_config` VALUES (19, 'email.smtp_host', '2123', 'SMTP服务器地址', 'email', '2025-11-20 21:53:29', '2025-11-20 21:53:29');
INSERT INTO `system_config` VALUES (20, 'email.smtp_port', '587', 'SMTP端口', 'email', '2025-11-20 21:53:29', '2025-11-20 21:53:29');
INSERT INTO `system_config` VALUES (21, 'email.from_email', '123', '发件邮箱', 'email', '2025-11-20 21:53:29', '2025-11-20 21:53:29');
INSERT INTO `system_config` VALUES (22, 'email.password', '444', '发件邮箱密码', 'email', '2025-11-20 21:53:29', '2025-11-20 21:53:29');
INSERT INTO `system_config` VALUES (23, 'email.ssl_enabled', 'true', 'SMTP SSL 开关', 'email', '2025-11-20 21:53:29', '2025-11-20 21:53:29');
INSERT INTO `system_config` VALUES (24, 'payment.timeout', '30', '支付超时', 'basic', '2025-11-20 21:54:40', '2025-11-20 21:56:21');
INSERT INTO `system_config` VALUES (25, 'system.maintenance_mode', 'false', '系统维护', 'basic', '2025-11-20 21:54:40', '2025-11-20 21:56:24');

-- ----------------------------
-- Table structure for tcm_category
-- ----------------------------
DROP TABLE IF EXISTS `tcm_category`;
CREATE TABLE `tcm_category`  (
  `id` bigint NOT NULL COMMENT '分类ID',
  `category_name` varchar(50) CHARACTER SET utf8mb4 COLLATE utf8mb4_unicode_ci NOT NULL COMMENT '分类名称（如：针灸科、推拿科、中药调理）',
  `category_desc` text CHARACTER SET utf8mb4 COLLATE utf8mb4_unicode_ci NULL COMMENT '分类描述',
  `dept_head` varchar(50) CHARACTER SET utf8mb4 COLLATE utf8mb4_unicode_ci NULL DEFAULT NULL COMMENT '负责人姓名',
  `contact_phone` varchar(20) CHARACTER SET utf8mb4 COLLATE utf8mb4_unicode_ci NULL DEFAULT NULL COMMENT '联系电话',
  `location` varchar(100) CHARACTER SET utf8mb4 COLLATE utf8mb4_unicode_ci NULL DEFAULT NULL COMMENT '科室位置',
  `icon` varchar(100) CHARACTER SET utf8mb4 COLLATE utf8mb4_unicode_ci NULL DEFAULT NULL COMMENT '图标',
  `status` tinyint NOT NULL DEFAULT 1 COMMENT '状态 0-禁用 1-启用',
  `sort_order` int NULL DEFAULT 0 COMMENT '排序',
  `created_at` datetime NOT NULL DEFAULT CURRENT_TIMESTAMP,
  `updated_at` datetime NOT NULL DEFAULT CURRENT_TIMESTAMP ON UPDATE CURRENT_TIMESTAMP,
  PRIMARY KEY (`id`) USING BTREE,
  INDEX `idx_status`(`status` ASC) USING BTREE,
  INDEX `idx_sort_order`(`sort_order` ASC) USING BTREE
) ENGINE = InnoDB CHARACTER SET = utf8mb4 COLLATE = utf8mb4_unicode_ci COMMENT = '中医分类表' ROW_FORMAT = DYNAMIC;

-- ----------------------------
-- Records of tcm_category
-- ----------------------------
INSERT INTO `tcm_category` VALUES (1, '针灸科', '运用针刺、艾灸等方法治疗疾病，调理体质', '张三', '18182187904', '二楼', 'acupuncture.png', 1, 1, '2025-11-05 19:02:06', '2025-11-12 13:41:27');
INSERT INTO `tcm_category` VALUES (2, '推拿科', '通过手法按摩穴位经络，疏通气血', NULL, NULL, NULL, 'massage.png', 1, 2, '2025-11-05 19:02:06', '2025-11-09 13:28:22');
INSERT INTO `tcm_category` VALUES (3, '中药调理', '根据体质配制中药方剂，调理身体', NULL, NULL, NULL, 'herbal.png', 1, 3, '2025-11-05 19:02:06', '2025-11-05 19:02:06');
INSERT INTO `tcm_category` VALUES (4, '体质辨识', '专业中医体质辨识与养生指导', NULL, NULL, NULL, 'constitution.png', 1, 4, '2025-11-05 19:02:06', '2025-11-05 19:02:06');
INSERT INTO `tcm_category` VALUES (5, '养生咨询', '提供个性化养生方案咨询服务', NULL, NULL, NULL, 'health.png', 1, 5, '2025-11-05 19:02:06', '2025-11-05 19:02:06');

-- ----------------------------
-- Table structure for tcm_doctor
-- ----------------------------
DROP TABLE IF EXISTS `tcm_doctor`;
CREATE TABLE `tcm_doctor`  (
  `id` bigint NOT NULL COMMENT '中医师ID',
  `user_id` bigint NOT NULL COMMENT '用户ID',
  `category_id` bigint NOT NULL COMMENT '分类ID',
  `doctor_name` varchar(50) CHARACTER SET utf8mb4 COLLATE utf8mb4_unicode_ci NOT NULL COMMENT '中医师姓名',
  `title` varchar(50) CHARACTER SET utf8mb4 COLLATE utf8mb4_unicode_ci NULL DEFAULT NULL COMMENT '职称（如：主任中医师）',
  `specialty` varchar(255) CHARACTER SET utf8mb4 COLLATE utf8mb4_unicode_ci NULL DEFAULT NULL COMMENT '专长（如：擅长调理气虚体质）',
  `introduction` text CHARACTER SET utf8mb4 COLLATE utf8mb4_unicode_ci NULL COMMENT '个人简介',
  `consultation_fee` decimal(10, 2) NULL DEFAULT 0.00 COMMENT '咨询费',
  `years_of_experience` int NULL DEFAULT 0 COMMENT '从业年限',
  `education` varchar(100) CHARACTER SET utf8mb4 COLLATE utf8mb4_unicode_ci NULL DEFAULT NULL COMMENT '学历',
  `certificates` text CHARACTER SET utf8mb4 COLLATE utf8mb4_unicode_ci NULL COMMENT '资质证书（JSON格式）',
  `good_at_constitution` varchar(255) CHARACTER SET utf8mb4 COLLATE utf8mb4_unicode_ci NULL DEFAULT NULL COMMENT '擅长体质（逗号分隔）',
  `rating` decimal(3, 2) NULL DEFAULT 0.00 COMMENT '评分（0-5.00）',
  `consultation_count` int NULL DEFAULT 0 COMMENT '咨询总数',
  `status` tinyint NOT NULL DEFAULT 1 COMMENT '状态 0-禁用 1-启用',
  `created_at` datetime NOT NULL DEFAULT CURRENT_TIMESTAMP,
  `updated_at` datetime NOT NULL DEFAULT CURRENT_TIMESTAMP ON UPDATE CURRENT_TIMESTAMP,
  `version` int NOT NULL DEFAULT 0,
  PRIMARY KEY (`id`) USING BTREE,
  INDEX `idx_user_id`(`user_id` ASC) USING BTREE,
  INDEX `idx_category_id`(`category_id` ASC) USING BTREE,
  INDEX `idx_status`(`status` ASC) USING BTREE,
  INDEX `idx_rating`(`rating` ASC) USING BTREE
) ENGINE = InnoDB CHARACTER SET = utf8mb4 COLLATE = utf8mb4_unicode_ci COMMENT = '中医师表' ROW_FORMAT = DYNAMIC;

-- ----------------------------
-- Records of tcm_doctor
-- ----------------------------
INSERT INTO `tcm_doctor` VALUES (1986293953716432897, 1986293953498329089, 3, '张三', '主治中医师', '正常', '我是正常人', 50.00, 2, '硕士', '没有', NULL, 5.00, 0, 1, '2025-11-06 12:45:56', '2025-11-12 13:41:17', 0);
INSERT INTO `tcm_doctor` VALUES (1986307376001003521, 1986307375942283266, 1, '李四', '主治中医师', '博士', '我是博士', 30.00, 2, '博士', '无', NULL, 1.00, 0, 1, '2025-11-06 13:39:16', '2025-11-14 14:55:29', 0);

-- ----------------------------
-- Table structure for user
-- ----------------------------
DROP TABLE IF EXISTS `user`;
CREATE TABLE `user`  (
  `id` bigint NOT NULL COMMENT '用户ID（雪花算法）',
  `username` varchar(50) CHARACTER SET utf8mb4 COLLATE utf8mb4_unicode_ci NOT NULL COMMENT '用户名',
  `password` varchar(255) CHARACTER SET utf8mb4 COLLATE utf8mb4_unicode_ci NOT NULL COMMENT '密码（BCrypt加密）',
  `real_name` varchar(50) CHARACTER SET utf8mb4 COLLATE utf8mb4_unicode_ci NOT NULL COMMENT '真实姓名',
  `phone` varchar(20) CHARACTER SET utf8mb4 COLLATE utf8mb4_unicode_ci NOT NULL COMMENT '手机号',
  `email` varchar(100) CHARACTER SET utf8mb4 COLLATE utf8mb4_unicode_ci NULL DEFAULT NULL COMMENT '邮箱',
  `gender` tinyint NULL DEFAULT 0 COMMENT '性别 0-未知 1-男 2-女',
  `birthday` date NULL DEFAULT NULL COMMENT '出生日期',
  `id_card` varchar(20) CHARACTER SET utf8mb4 COLLATE utf8mb4_unicode_ci NULL DEFAULT NULL COMMENT '身份证号',
  `address` varchar(255) CHARACTER SET utf8mb4 COLLATE utf8mb4_unicode_ci NULL DEFAULT NULL COMMENT '地址',
  `avatar` varchar(255) CHARACTER SET utf8mb4 COLLATE utf8mb4_unicode_ci NULL DEFAULT NULL COMMENT '头像URL',
  `role_type` tinyint NOT NULL DEFAULT 1 COMMENT '角色类型 1-普通用户 2-中医师 3-管理员',
  `status` tinyint NOT NULL DEFAULT 1 COMMENT '状态 0-禁用 1-启用',
  `last_login_time` datetime NULL DEFAULT NULL COMMENT '最后登录时间',
  `login_count` int NULL DEFAULT 0 COMMENT '登录次数',
  `created_at` datetime NOT NULL DEFAULT CURRENT_TIMESTAMP COMMENT '创建时间',
  `updated_at` datetime NOT NULL DEFAULT CURRENT_TIMESTAMP ON UPDATE CURRENT_TIMESTAMP COMMENT '更新时间',
  `version` int NOT NULL DEFAULT 0 COMMENT '乐观锁版本号',
  PRIMARY KEY (`id`) USING BTREE,
  UNIQUE INDEX `uk_username`(`username` ASC) USING BTREE,
  UNIQUE INDEX `uk_phone`(`phone` ASC) USING BTREE,
  INDEX `idx_role_type`(`role_type` ASC) USING BTREE,
  INDEX `idx_status`(`status` ASC) USING BTREE
) ENGINE = InnoDB CHARACTER SET = utf8mb4 COLLATE = utf8mb4_unicode_ci COMMENT = '用户表' ROW_FORMAT = DYNAMIC;

-- ----------------------------
-- Records of user
-- ----------------------------
INSERT INTO `user` VALUES (1986027188356419205, 'admin', '$2a$10$ANMFcudd8JfW7cmroG1ibONpO6eK3CnDEFvTs803T8DpO1vkSNbS2', '系统管理员', '13800138000', NULL, 2, NULL, NULL, NULL, NULL, 3, 1, '2025-11-20 22:06:58', 20, '2025-11-05 19:02:06', '2025-11-20 22:06:58', 0);
INSERT INTO `user` VALUES (1986027188356419585, '2330220219', '$2a$10$XCovssYbej5jvH8w/4PDAe.yQNM.3bSq4TB7RvWrYKjzqG11/cu5q', '丁政扬', '15972511761', '2843765601@qq.com', 1, '2004-11-29', '421221200411296191', '湖北省武汉市江夏区武汉工程科技学院', 'https://yg-hospital.oss-cn-beijing.aliyuncs.com/avatar/38882544-dd14-4f52-8f13-e46a83f034ba.jpg', 1, 1, '2025-11-19 21:20:08', 30, '2025-11-05 19:05:54', '2025-11-19 21:20:08', 0);
INSERT INTO `user` VALUES (1986293953498329089, '123', '$2a$10$ANMFcudd8JfW7cmroG1ibONpO6eK3CnDEFvTs803T8DpO1vkSNbS2', '张三', '18182187904', NULL, 1, '2005-06-15', NULL, NULL, NULL, 2, 1, '2025-11-12 16:01:36', 1, '2025-11-06 12:45:56', '2025-11-12 16:01:36', 0);
INSERT INTO `user` VALUES (1986307375942283266, '1234', '$2a$10$ANMFcudd8JfW7cmroG1ibONpO6eK3CnDEFvTs803T8DpO1vkSNbS2', '李四', '', NULL, 2, '2001-07-12', NULL, NULL, 'https://yg-hospital.oss-cn-beijing.aliyuncs.com/avatar/697c0c12-a33c-4008-8ff6-af6d11ceea95.jpg', 2, 1, '2025-11-19 17:42:37', 16, '2025-11-06 13:39:16', '2025-11-19 17:42:37', 0);
INSERT INTO `user` VALUES (1988482122251673601, 'test', '$2a$10$oDQ8jZqKM8SvlWWwk.vh7ODtf5F7HB4Y.GApKbN8lqqQIGRQ55ciu', 'test', '15762855781', 'test@qq.com', 2, '2025-11-12', '421221200488752462', '湖北省咸宁市嘉鱼县武汉工程科技学院', NULL, 1, 1, NULL, 0, '2025-11-12 13:40:56', '2025-11-16 14:26:40', 0);

-- ----------------------------
-- Table structure for user_acupoint_combination_favorite
-- ----------------------------
DROP TABLE IF EXISTS `user_acupoint_combination_favorite`;
CREATE TABLE `user_acupoint_combination_favorite`  (
  `id` bigint NOT NULL,
  `user_id` bigint NOT NULL,
  `combination_id` bigint NOT NULL,
  `remark` varchar(255) CHARACTER SET utf8mb4 COLLATE utf8mb4_unicode_ci NULL DEFAULT NULL COMMENT '收藏备注',
  `created_at` datetime NULL DEFAULT CURRENT_TIMESTAMP,
  PRIMARY KEY (`id`) USING BTREE,
  UNIQUE INDEX `uk_user_combination`(`user_id` ASC, `combination_id` ASC) USING BTREE,
  INDEX `idx_user_id`(`user_id` ASC) USING BTREE,
  INDEX `idx_combination_id`(`combination_id` ASC) USING BTREE
) ENGINE = InnoDB CHARACTER SET = utf8mb4 COLLATE = utf8mb4_unicode_ci COMMENT = '用户收藏穴位组合表' ROW_FORMAT = DYNAMIC;

-- ----------------------------
-- Records of user_acupoint_combination_favorite
-- ----------------------------

-- ----------------------------
-- Table structure for user_acupoint_favorite
-- ----------------------------
DROP TABLE IF EXISTS `user_acupoint_favorite`;
CREATE TABLE `user_acupoint_favorite`  (
  `id` bigint NOT NULL,
  `user_id` bigint NOT NULL,
  `acupoint_id` bigint NOT NULL,
  `remark` varchar(255) CHARACTER SET utf8mb4 COLLATE utf8mb4_unicode_ci NULL DEFAULT NULL COMMENT '收藏备注',
  `created_at` datetime NULL DEFAULT CURRENT_TIMESTAMP,
  PRIMARY KEY (`id`) USING BTREE,
  UNIQUE INDEX `uk_user_acupoint`(`user_id` ASC, `acupoint_id` ASC) USING BTREE,
  INDEX `idx_user_id`(`user_id` ASC) USING BTREE,
  INDEX `idx_acupoint_id`(`acupoint_id` ASC) USING BTREE
) ENGINE = InnoDB CHARACTER SET = utf8mb4 COLLATE = utf8mb4_unicode_ci COMMENT = '用户收藏穴位表' ROW_FORMAT = DYNAMIC;

-- ----------------------------
-- Records of user_acupoint_favorite
-- ----------------------------

-- ----------------------------
-- Table structure for user_article_favorite
-- ----------------------------
DROP TABLE IF EXISTS `user_article_favorite`;
CREATE TABLE `user_article_favorite`  (
  `id` bigint NOT NULL,
  `user_id` bigint NOT NULL,
  `article_id` bigint NOT NULL,
  `remark` varchar(255) CHARACTER SET utf8mb4 COLLATE utf8mb4_unicode_ci NULL DEFAULT NULL COMMENT '收藏备注',
  `created_at` datetime NULL DEFAULT CURRENT_TIMESTAMP,
  PRIMARY KEY (`id`) USING BTREE,
  UNIQUE INDEX `uk_user_article`(`user_id` ASC, `article_id` ASC) USING BTREE,
  INDEX `idx_user_id`(`user_id` ASC) USING BTREE,
  INDEX `idx_article_id`(`article_id` ASC) USING BTREE
) ENGINE = InnoDB CHARACTER SET = utf8mb4 COLLATE = utf8mb4_unicode_ci COMMENT = '用户收藏文章表' ROW_FORMAT = DYNAMIC;

-- ----------------------------
-- Records of user_article_favorite
-- ----------------------------
INSERT INTO `user_article_favorite` VALUES (1986028652483088386, 1986027188356419585, 1986028637152907265, '', '2025-11-05 19:11:44');

-- ----------------------------
-- Table structure for user_constitution_test
-- ----------------------------
DROP TABLE IF EXISTS `user_constitution_test`;
CREATE TABLE `user_constitution_test`  (
  `id` bigint NOT NULL,
  `user_id` bigint NOT NULL COMMENT '用户ID',
  `appointment_id` bigint NULL DEFAULT NULL COMMENT '关联的预约ID（如果是通过预约提醒进行的测试）',
  `test_date` datetime NOT NULL COMMENT '测试时间',
  `primary_constitution` varchar(20) CHARACTER SET utf8mb4 COLLATE utf8mb4_unicode_ci NULL DEFAULT NULL COMMENT '主要体质代码',
  `secondary_constitution` varchar(20) CHARACTER SET utf8mb4 COLLATE utf8mb4_unicode_ci NULL DEFAULT NULL COMMENT '次要体质代码',
  `test_result` json NULL COMMENT '详细测试结果（各体质得分）',
  `total_score` int NULL DEFAULT NULL COMMENT '总分',
  `answers` json NULL COMMENT '用户答案（JSON）',
  `report_generated` tinyint NULL DEFAULT 0 COMMENT '是否生成报告',
  `created_at` datetime NULL DEFAULT CURRENT_TIMESTAMP,
  PRIMARY KEY (`id`) USING BTREE,
  INDEX `idx_user_id`(`user_id` ASC) USING BTREE,
  INDEX `idx_test_date`(`test_date` ASC) USING BTREE,
  INDEX `idx_appointment_id`(`appointment_id` ASC) USING BTREE
) ENGINE = InnoDB CHARACTER SET = utf8mb4 COLLATE = utf8mb4_unicode_ci COMMENT = '用户体质测试记录表' ROW_FORMAT = DYNAMIC;

-- ----------------------------
-- Records of user_constitution_test
-- ----------------------------
INSERT INTO `user_constitution_test` VALUES (1986028367861813249, 1986027188356419585, NULL, '2025-11-05 19:10:36', 'PINGHE', 'TANSHI', '{\"QIXU\": 25, \"QIYU\": 57.14, \"SHIRE\": 50, \"XUEYU\": 50, \"YINXU\": 43.75, \"PINGHE\": 71.43, \"TANSHI\": 62.5, \"TEBING\": 50, \"YANGXU\": 53.57}', 463, '{\"1\": 1, \"2\": 6, \"3\": 11, \"4\": 16, \"5\": 21, \"6\": 26, \"7\": 31, \"8\": 36, \"9\": 41, \"10\": 46, \"11\": 51, \"12\": 58, \"13\": 63, \"14\": 68, \"15\": 73, \"16\": 78, \"17\": 83, \"18\": 88, \"19\": 92, \"20\": 99, \"21\": 105, \"22\": 107, \"23\": 114, \"24\": 118, \"25\": 122, \"26\": 129, \"27\": 131, \"28\": 136, \"29\": 143, \"30\": 149, \"31\": 154, \"32\": 157, \"33\": 163, \"34\": 170, \"35\": 175, \"36\": 180, \"37\": 182, \"38\": 187, \"39\": 192, \"40\": 198, \"41\": 202, \"42\": 210, \"43\": 212, \"44\": 219, \"45\": 223, \"46\": 229, \"47\": 232, \"48\": 238, \"49\": 243, \"50\": 247, \"51\": 255, \"52\": 257, \"53\": 264, \"54\": 268, \"55\": 273, \"56\": 277, \"57\": 285, \"58\": 289, \"59\": 292, \"60\": 298, \"61\": 305, \"62\": 307, \"63\": 312, \"64\": 319, \"65\": 322, \"66\": 328}', 0, '2025-11-05 19:10:36');
INSERT INTO `user_constitution_test` VALUES (1987141487259156482, 1986027188356419585, NULL, '2025-11-08 20:53:45', 'SHIRE', 'XUEYU', '{\"QIXU\": 50, \"QIYU\": 57.14, \"SHIRE\": 60.71, \"XUEYU\": 60.71, \"YINXU\": 50, \"PINGHE\": 57.14, \"TANSHI\": 56.25, \"TEBING\": 53.57, \"YANGXU\": 50}', 495, '{\"1\": 3, \"2\": 7, \"3\": 14, \"4\": 17, \"5\": 24, \"6\": 29, \"7\": 32, \"8\": 40, \"9\": 43, \"10\": 47, \"11\": 52, \"12\": 59, \"13\": 64, \"14\": 66, \"15\": 73, \"16\": 79, \"17\": 81, \"18\": 90, \"19\": 91, \"20\": 98, \"21\": 103, \"22\": 109, \"23\": 112, \"24\": 116, \"25\": 125, \"26\": 128, \"27\": 134, \"28\": 139, \"29\": 141, \"30\": 149, \"31\": 153, \"32\": 159, \"33\": 162, \"34\": 169, \"35\": 172, \"36\": 178, \"37\": 183, \"38\": 190, \"39\": 195, \"40\": 196, \"41\": 204, \"42\": 208, \"43\": 212, \"44\": 219, \"45\": 225, \"46\": 230, \"47\": 232, \"48\": 239, \"49\": 243, \"50\": 249, \"51\": 252, \"52\": 259, \"53\": 262, \"54\": 269, \"55\": 275, \"56\": 277, \"57\": 282, \"58\": 290, \"59\": 293, \"60\": 298, \"61\": 303, \"62\": 309, \"63\": 312, \"64\": 317, \"65\": 324, \"66\": 329}', 0, '2025-11-08 20:53:45');
INSERT INTO `user_constitution_test` VALUES (1987149656550813697, 1986027188356419585, 1987145618321059842, '2025-11-08 21:26:12', 'PINGHE', 'QIYU', '{\"QIXU\": 46.88, \"QIYU\": 60.71, \"SHIRE\": 50, \"XUEYU\": 57.14, \"YINXU\": 53.13, \"PINGHE\": 64.29, \"TANSHI\": 59.38, \"TEBING\": 53.57, \"YANGXU\": 53.57}', 498, '{\"1\": 5, \"2\": 7, \"3\": 14, \"4\": 16, \"5\": 24, \"6\": 28, \"7\": 32, \"8\": 37, \"9\": 45, \"10\": 46, \"11\": 52, \"12\": 58, \"13\": 62, \"14\": 68, \"15\": 75, \"16\": 78, \"17\": 84, \"18\": 87, \"19\": 91, \"20\": 100, \"21\": 102, \"22\": 110, \"23\": 111, \"24\": 116, \"25\": 124, \"26\": 129, \"27\": 131, \"28\": 140, \"29\": 144, \"30\": 150, \"31\": 152, \"32\": 158, \"33\": 165, \"34\": 169, \"35\": 175, \"36\": 178, \"37\": 184, \"38\": 186, \"39\": 194, \"40\": 200, \"41\": 203, \"42\": 207, \"43\": 212, \"44\": 216, \"45\": 224, \"46\": 228, \"47\": 233, \"48\": 240, \"49\": 244, \"50\": 247, \"51\": 253, \"52\": 258, \"53\": 264, \"54\": 266, \"55\": 273, \"56\": 280, \"57\": 283, \"58\": 289, \"59\": 294, \"60\": 299, \"61\": 303, \"62\": 306, \"63\": 314, \"64\": 317, \"65\": 323, \"66\": 330}', 0, '2025-11-08 21:26:12');
INSERT INTO `user_constitution_test` VALUES (1987168219261059073, 1986027188356419585, 1987167835910062081, '2025-11-08 22:39:58', 'PINGHE', NULL, '{\"QIXU\": 0, \"QIYU\": 7.14, \"SHIRE\": 10.71, \"XUEYU\": 10.71, \"YINXU\": 12.5, \"PINGHE\": 67.86, \"TANSHI\": 9.38, \"TEBING\": 10.71, \"YANGXU\": 0}', 129, '{\"1\": 1, \"2\": 6, \"3\": 11, \"4\": 17, \"5\": 21, \"6\": 27, \"7\": 32, \"8\": 36, \"9\": 41, \"10\": 46, \"11\": 51, \"12\": 56, \"13\": 61, \"14\": 66, \"15\": 71, \"16\": 76, \"17\": 81, \"18\": 86, \"19\": 91, \"20\": 96, \"21\": 101, \"22\": 106, \"23\": 112, \"24\": 116, \"25\": 121, \"26\": 127, \"27\": 132, \"28\": 137, \"29\": 141, \"30\": 146, \"31\": 151, \"32\": 157, \"33\": 162, \"34\": 166, \"35\": 172, \"36\": 176, \"37\": 181, \"38\": 186, \"39\": 191, \"40\": 197, \"41\": 201, \"42\": 206, \"43\": 212, \"44\": 217, \"45\": 221, \"46\": 226, \"47\": 232, \"48\": 236, \"49\": 242, \"50\": 246, \"51\": 252, \"52\": 256, \"53\": 261, \"54\": 266, \"55\": 271, \"56\": 276, \"57\": 282, \"58\": 286, \"59\": 292, \"60\": 296, \"61\": 301, \"62\": 307, \"63\": 311, \"64\": 317, \"65\": 321, \"66\": 327}', 0, '2025-11-08 22:39:58');
INSERT INTO `user_constitution_test` VALUES (1987371658998394882, 1986027188356419585, 1987371364537282561, '2025-11-09 12:08:22', 'YINXU', 'QIYU', '{\"QIXU\": 84.38, \"QIYU\": 89.29, \"SHIRE\": 85.71, \"XUEYU\": 85.71, \"YINXU\": 90.63, \"PINGHE\": 39.29, \"TANSHI\": 81.25, \"TEBING\": 89.29, \"YANGXU\": 89.29}', 734, '{\"1\": 5, \"2\": 9, \"3\": 14, \"4\": 19, \"5\": 25, \"6\": 30, \"7\": 35, \"8\": 40, \"9\": 44, \"10\": 50, \"11\": 54, \"12\": 59, \"13\": 64, \"14\": 69, \"15\": 75, \"16\": 80, \"17\": 85, \"18\": 89, \"19\": 95, \"20\": 99, \"21\": 104, \"22\": 110, \"23\": 114, \"24\": 120, \"25\": 125, \"26\": 129, \"27\": 135, \"28\": 140, \"29\": 145, \"30\": 149, \"31\": 154, \"32\": 159, \"33\": 164, \"34\": 169, \"35\": 174, \"36\": 179, \"37\": 185, \"38\": 190, \"39\": 195, \"40\": 199, \"41\": 205, \"42\": 209, \"43\": 214, \"44\": 220, \"45\": 224, \"46\": 229, \"47\": 234, \"48\": 240, \"49\": 245, \"50\": 249, \"51\": 254, \"52\": 260, \"53\": 265, \"54\": 269, \"55\": 275, \"56\": 279, \"57\": 285, \"58\": 289, \"59\": 295, \"60\": 299, \"61\": 305, \"62\": 310, \"63\": 315, \"64\": 319, \"65\": 324, \"66\": 330}', 0, '2025-11-09 12:08:22');
INSERT INTO `user_constitution_test` VALUES (1987383689294016513, 1986027188356419585, NULL, '2025-11-09 12:56:10', 'QIXU', 'SHIRE', '{\"QIXU\": 68.75, \"QIYU\": 53.57, \"SHIRE\": 67.86, \"XUEYU\": 64.29, \"YINXU\": 34.38, \"PINGHE\": 64.29, \"TANSHI\": 50, \"TEBING\": 39.29, \"YANGXU\": 60.71}', 503, '{\"1\": 4, \"2\": 7, \"3\": 14, \"4\": 16, \"5\": 22, \"6\": 26, \"7\": 31, \"8\": 38, \"9\": 45, \"10\": 50, \"11\": 55, \"12\": 58, \"13\": 64, \"14\": 68, \"15\": 72, \"16\": 80, \"17\": 85, \"18\": 86, \"19\": 91, \"20\": 99, \"21\": 104, \"22\": 109, \"23\": 113, \"24\": 119, \"25\": 123, \"26\": 126, \"27\": 133, \"28\": 136, \"29\": 143, \"30\": 146, \"31\": 154, \"32\": 156, \"33\": 161, \"34\": 170, \"35\": 173, \"36\": 180, \"37\": 181, \"38\": 189, \"39\": 192, \"40\": 198, \"41\": 202, \"42\": 210, \"43\": 215, \"44\": 219, \"45\": 225, \"46\": 230, \"47\": 235, \"48\": 238, \"49\": 245, \"50\": 247, \"51\": 253, \"52\": 257, \"53\": 265, \"54\": 267, \"55\": 275, \"56\": 276, \"57\": 285, \"58\": 286, \"59\": 293, \"60\": 299, \"61\": 304, \"62\": 310, \"63\": 311, \"64\": 317, \"65\": 321, \"66\": 326}', 0, '2025-11-09 12:56:10');
INSERT INTO `user_constitution_test` VALUES (1987383872266334210, 1986027188356419585, 1987372942707077121, '2025-11-09 12:56:54', 'QIYU', 'QIXU', '{\"QIXU\": 62.5, \"QIYU\": 67.86, \"SHIRE\": 32.14, \"XUEYU\": 53.57, \"YINXU\": 25, \"PINGHE\": 60.71, \"TANSHI\": 40.63, \"TEBING\": 32.14, \"YANGXU\": 46.43}', 420, '{\"1\": 3, \"2\": 7, \"3\": 12, \"4\": 20, \"5\": 22, \"6\": 30, \"7\": 33, \"8\": 39, \"9\": 45, \"10\": 46, \"11\": 53, \"12\": 56, \"13\": 65, \"14\": 69, \"15\": 75, \"16\": 77, \"17\": 82, \"18\": 90, \"19\": 94, \"20\": 96, \"21\": 103, \"22\": 108, \"23\": 113, \"24\": 116, \"25\": 121, \"26\": 129, \"27\": 131, \"28\": 136, \"29\": 143, \"30\": 147, \"31\": 152, \"32\": 157, \"33\": 163, \"34\": 170, \"35\": 173, \"36\": 176, \"37\": 183, \"38\": 187, \"39\": 192, \"40\": 198, \"41\": 201, \"42\": 208, \"43\": 212, \"44\": 216, \"45\": 224, \"46\": 227, \"47\": 234, \"48\": 237, \"49\": 244, \"50\": 248, \"51\": 253, \"52\": 259, \"53\": 263, \"54\": 268, \"55\": 275, \"56\": 279, \"57\": 283, \"58\": 288, \"59\": 295, \"60\": 297, \"61\": 304, \"62\": 309, \"63\": 311, \"64\": 316, \"65\": 322, \"66\": 327}', 0, '2025-11-09 12:56:54');
INSERT INTO `user_constitution_test` VALUES (1988536531874738177, 1986027188356419585, 1988536120300269570, '2025-11-12 17:17:09', 'PINGHE', 'TEBING', '{\"QIXU\": 43.75, \"QIYU\": 50, \"SHIRE\": 57.14, \"XUEYU\": 50, \"YINXU\": 53.13, \"PINGHE\": 64.29, \"TANSHI\": 59.38, \"TEBING\": 64.29, \"YANGXU\": 64.29}', 506, '{\"1\": 4, \"2\": 6, \"3\": 14, \"4\": 18, \"5\": 24, \"6\": 30, \"7\": 32, \"8\": 37, \"9\": 42, \"10\": 47, \"11\": 54, \"12\": 57, \"13\": 63, \"14\": 68, \"15\": 74, \"16\": 77, \"17\": 84, \"18\": 89, \"19\": 95, \"20\": 98, \"21\": 105, \"22\": 107, \"23\": 115, \"24\": 118, \"25\": 122, \"26\": 128, \"27\": 132, \"28\": 137, \"29\": 144, \"30\": 149, \"31\": 153, \"32\": 156, \"33\": 164, \"34\": 169, \"35\": 175, \"36\": 179, \"37\": 185, \"38\": 186, \"39\": 194, \"40\": 197, \"41\": 205, \"42\": 207, \"43\": 214, \"44\": 219, \"45\": 222, \"46\": 227, \"47\": 235, \"48\": 240, \"49\": 244, \"50\": 247, \"51\": 252, \"52\": 256, \"53\": 263, \"54\": 267, \"55\": 273, \"56\": 279, \"57\": 281, \"58\": 288, \"59\": 295, \"60\": 300, \"61\": 305, \"62\": 307, \"63\": 312, \"64\": 320, \"65\": 324, \"66\": 327}', 0, '2025-11-12 17:17:09');
INSERT INTO `user_constitution_test` VALUES (1989199323832877058, 1986027188356419585, 1988549911167184897, '2025-11-14 13:10:51', 'SHIRE', 'XUEYU', '{\"QIXU\": 37.5, \"QIYU\": 39.29, \"SHIRE\": 67.86, \"XUEYU\": 60.71, \"YINXU\": 46.88, \"PINGHE\": 50, \"TANSHI\": 37.5, \"TEBING\": 35.71, \"YANGXU\": 46.43}', 421, '{\"1\": 1, \"2\": 6, \"3\": 13, \"4\": 18, \"5\": 21, \"6\": 27, \"7\": 34, \"8\": 38, \"9\": 41, \"10\": 47, \"11\": 51, \"12\": 60, \"13\": 64, \"14\": 66, \"15\": 73, \"16\": 76, \"17\": 81, \"18\": 86, \"19\": 94, \"20\": 99, \"21\": 104, \"22\": 110, \"23\": 111, \"24\": 117, \"25\": 124, \"26\": 130, \"27\": 132, \"28\": 137, \"29\": 145, \"30\": 147, \"31\": 155, \"32\": 159, \"33\": 162, \"34\": 168, \"35\": 171, \"36\": 178, \"37\": 181, \"38\": 186, \"39\": 194, \"40\": 199, \"41\": 205, \"42\": 210, \"43\": 211, \"44\": 218, \"45\": 224, \"46\": 229, \"47\": 234, \"48\": 239, \"49\": 242, \"50\": 249, \"51\": 252, \"52\": 259, \"53\": 262, \"54\": 268, \"55\": 271, \"56\": 280, \"57\": 283, \"58\": 286, \"59\": 293, \"60\": 297, \"61\": 304, \"62\": 306, \"63\": 311, \"64\": 316, \"65\": 324, \"66\": 329}', 0, '2025-11-14 13:10:51');
INSERT INTO `user_constitution_test` VALUES (1989199678117347329, 1986027188356419585, 1988568544224624642, '2025-11-14 13:12:15', 'QIXU', 'TEBING', '{\"QIXU\": 75, \"QIYU\": 14.29, \"SHIRE\": 60.71, \"XUEYU\": 42.86, \"YINXU\": 37.5, \"PINGHE\": 42.86, \"TANSHI\": 37.5, \"TEBING\": 67.86, \"YANGXU\": 53.57}', 432, '{\"1\": 5, \"2\": 7, \"3\": 15, \"4\": 19, \"5\": 24, \"6\": 28, \"7\": 34, \"8\": 36, \"9\": 44, \"10\": 48, \"11\": 54, \"12\": 60, \"13\": 65, \"14\": 70, \"15\": 75, \"16\": 78, \"17\": 84, \"18\": 90, \"19\": 92, \"20\": 99, \"21\": 102, \"22\": 107, \"23\": 111, \"24\": 117, \"25\": 123, \"26\": 127, \"27\": 133, \"28\": 138, \"29\": 141, \"30\": 150, \"31\": 151, \"32\": 156, \"33\": 162, \"34\": 167, \"35\": 173, \"36\": 179, \"37\": 185, \"38\": 187, \"39\": 194, \"40\": 196, \"41\": 204, \"42\": 207, \"43\": 214, \"44\": 220, \"45\": 224, \"46\": 228, \"47\": 232, \"48\": 239, \"49\": 244, \"50\": 246, \"51\": 254, \"52\": 256, \"53\": 263, \"54\": 266, \"55\": 271, \"56\": 278, \"57\": 281, \"58\": 286, \"59\": 291, \"60\": 299, \"61\": 303, \"62\": 309, \"63\": 314, \"64\": 317, \"65\": 324, \"66\": 330}', 0, '2025-11-14 13:12:15');
INSERT INTO `user_constitution_test` VALUES (1989199678314479618, 1986027188356419585, 1988571113554591745, '2025-11-14 13:12:16', 'XUEYU', NULL, '{\"QIXU\": 37.5, \"QIYU\": 50, \"SHIRE\": 50, \"XUEYU\": 64.29, \"YINXU\": 46.88, \"PINGHE\": 39.29, \"TANSHI\": 59.38, \"TEBING\": 35.71, \"YANGXU\": 39.29}', 422, '{\"1\": 4, \"2\": 9, \"3\": 11, \"4\": 20, \"5\": 24, \"6\": 27, \"7\": 34, \"8\": 36, \"9\": 45, \"10\": 46, \"11\": 55, \"12\": 56, \"13\": 61, \"14\": 70, \"15\": 71, \"16\": 77, \"17\": 84, \"18\": 89, \"19\": 92, \"20\": 97, \"21\": 101, \"22\": 108, \"23\": 115, \"24\": 117, \"25\": 123, \"26\": 128, \"27\": 133, \"28\": 139, \"29\": 141, \"30\": 147, \"31\": 155, \"32\": 159, \"33\": 163, \"34\": 170, \"35\": 173, \"36\": 176, \"37\": 184, \"38\": 187, \"39\": 193, \"40\": 199, \"41\": 202, \"42\": 210, \"43\": 214, \"44\": 217, \"45\": 221, \"46\": 230, \"47\": 233, \"48\": 238, \"49\": 245, \"50\": 247, \"51\": 254, \"52\": 258, \"53\": 261, \"54\": 270, \"55\": 274, \"56\": 280, \"57\": 281, \"58\": 289, \"59\": 291, \"60\": 297, \"61\": 303, \"62\": 306, \"63\": 311, \"64\": 316, \"65\": 324, \"66\": 330}', 0, '2025-11-14 13:12:16');
INSERT INTO `user_constitution_test` VALUES (1989199678834573314, 1986027188356419585, 1988571644696084482, '2025-11-14 13:12:16', 'YINXU', 'TEBING', '{\"QIXU\": 59.38, \"QIYU\": 46.43, \"SHIRE\": 50, \"XUEYU\": 64.29, \"YINXU\": 68.75, \"PINGHE\": 57.14, \"TANSHI\": 53.13, \"TEBING\": 64.29, \"YANGXU\": 39.29}', 502, '{\"1\": 3, \"2\": 6, \"3\": 14, \"4\": 20, \"5\": 21, \"6\": 30, \"7\": 34, \"8\": 40, \"9\": 41, \"10\": 46, \"11\": 54, \"12\": 59, \"13\": 65, \"14\": 67, \"15\": 75, \"16\": 76, \"17\": 82, \"18\": 87, \"19\": 92, \"20\": 100, \"21\": 103, \"22\": 108, \"23\": 113, \"24\": 119, \"25\": 124, \"26\": 127, \"27\": 134, \"28\": 140, \"29\": 143, \"30\": 150, \"31\": 152, \"32\": 160, \"33\": 165, \"34\": 168, \"35\": 174, \"36\": 176, \"37\": 182, \"38\": 188, \"39\": 192, \"40\": 196, \"41\": 205, \"42\": 208, \"43\": 212, \"44\": 220, \"45\": 223, \"46\": 230, \"47\": 233, \"48\": 239, \"49\": 243, \"50\": 250, \"51\": 254, \"52\": 256, \"53\": 261, \"54\": 270, \"55\": 273, \"56\": 278, \"57\": 282, \"58\": 286, \"59\": 295, \"60\": 299, \"61\": 303, \"62\": 308, \"63\": 315, \"64\": 320, \"65\": 324, \"66\": 326}', 0, '2025-11-14 13:12:16');
INSERT INTO `user_constitution_test` VALUES (1989216332238925825, 1986027188356419585, 1986307458771398658, '2025-11-14 14:18:26', 'XUEYU', NULL, '{\"QIXU\": 43.75, \"QIYU\": 50, \"SHIRE\": 42.86, \"XUEYU\": 67.86, \"YINXU\": 34.38, \"PINGHE\": 28.57, \"TANSHI\": 34.38, \"TEBING\": 57.14, \"YANGXU\": 39.29}', 398, '{\"1\": 1, \"2\": 6, \"3\": 15, \"4\": 19, \"5\": 23, \"6\": 26, \"7\": 34, \"8\": 39, \"9\": 44, \"10\": 49, \"11\": 51, \"12\": 60, \"13\": 62, \"14\": 66, \"15\": 71, \"16\": 77, \"17\": 81, \"18\": 88, \"19\": 95, \"20\": 98, \"21\": 103, \"22\": 106, \"23\": 112, \"24\": 118, \"25\": 121, \"26\": 126, \"27\": 131, \"28\": 138, \"29\": 144, \"30\": 149, \"31\": 153, \"32\": 159, \"33\": 161, \"34\": 168, \"35\": 172, \"36\": 179, \"37\": 181, \"38\": 186, \"39\": 194, \"40\": 199, \"41\": 201, \"42\": 206, \"43\": 214, \"44\": 216, \"45\": 224, \"46\": 230, \"47\": 233, \"48\": 236, \"49\": 245, \"50\": 248, \"51\": 255, \"52\": 259, \"53\": 261, \"54\": 267, \"55\": 272, \"56\": 280, \"57\": 285, \"58\": 286, \"59\": 295, \"60\": 300, \"61\": 303, \"62\": 310, \"63\": 311, \"64\": 318, \"65\": 323, \"66\": 328}', 0, '2025-11-14 14:18:26');
INSERT INTO `user_constitution_test` VALUES (1989216626851033089, 1986027188356419585, 1989213197369978882, '2025-11-14 14:19:36', 'QIXU', 'QIYU', '{\"QIXU\": 68.75, \"QIYU\": 67.86, \"SHIRE\": 64.29, \"XUEYU\": 28.57, \"YINXU\": 28.13, \"PINGHE\": 60.71, \"TANSHI\": 37.5, \"TEBING\": 32.14, \"YANGXU\": 57.14}', 445, '{\"1\": 4, \"2\": 7, \"3\": 13, \"4\": 17, \"5\": 21, \"6\": 27, \"7\": 34, \"8\": 37, \"9\": 44, \"10\": 48, \"11\": 52, \"12\": 60, \"13\": 65, \"14\": 69, \"15\": 75, \"16\": 80, \"17\": 81, \"18\": 87, \"19\": 94, \"20\": 100, \"21\": 105, \"22\": 106, \"23\": 111, \"24\": 116, \"25\": 121, \"26\": 130, \"27\": 131, \"28\": 138, \"29\": 144, \"30\": 146, \"31\": 151, \"32\": 157, \"33\": 161, \"34\": 170, \"35\": 172, \"36\": 178, \"37\": 181, \"38\": 190, \"39\": 195, \"40\": 199, \"41\": 204, \"42\": 207, \"43\": 215, \"44\": 217, \"45\": 223, \"46\": 228, \"47\": 231, \"48\": 236, \"49\": 241, \"50\": 250, \"51\": 251, \"52\": 258, \"53\": 265, \"54\": 270, \"55\": 275, \"56\": 277, \"57\": 285, \"58\": 288, \"59\": 291, \"60\": 298, \"61\": 301, \"62\": 307, \"63\": 311, \"64\": 319, \"65\": 323, \"66\": 327}', 0, '2025-11-14 14:19:36');

-- ----------------------------
-- Table structure for user_health_profile
-- ----------------------------
DROP TABLE IF EXISTS `user_health_profile`;
CREATE TABLE `user_health_profile`  (
  `id` bigint NOT NULL,
  `user_id` bigint NOT NULL COMMENT '用户ID',
  `height` int NULL DEFAULT NULL COMMENT '身高（cm）',
  `weight` decimal(5, 2) NULL DEFAULT NULL COMMENT '体重（kg）',
  `bmi` decimal(4, 2) NULL DEFAULT NULL COMMENT 'BMI指数',
  `blood_type` varchar(10) CHARACTER SET utf8mb4 COLLATE utf8mb4_unicode_ci NULL DEFAULT NULL COMMENT '血型',
  `current_constitution` varchar(50) CHARACTER SET utf8mb4 COLLATE utf8mb4_unicode_ci NULL DEFAULT NULL COMMENT '当前主要体质',
  `secondary_constitution` varchar(50) CHARACTER SET utf8mb4 COLLATE utf8mb4_unicode_ci NULL DEFAULT NULL COMMENT '次要体质',
  `health_goals` text CHARACTER SET utf8mb4 COLLATE utf8mb4_unicode_ci NULL COMMENT '养生目标',
  `remark` text CHARACTER SET utf8mb4 COLLATE utf8mb4_unicode_ci NULL COMMENT '备注',
  `allergies` text CHARACTER SET utf8mb4 COLLATE utf8mb4_unicode_ci NULL COMMENT '过敏史（JSON数组）',
  `medical_history` text CHARACTER SET utf8mb4 COLLATE utf8mb4_unicode_ci NULL COMMENT '既往病史（JSON数组）',
  `family_history` text CHARACTER SET utf8mb4 COLLATE utf8mb4_unicode_ci NULL COMMENT '家族病史（JSON数组）',
  `current_medications` text CHARACTER SET utf8mb4 COLLATE utf8mb4_unicode_ci NULL COMMENT '当前用药（JSON数组）',
  `chronic_diseases` text CHARACTER SET utf8mb4 COLLATE utf8mb4_unicode_ci NULL COMMENT '慢性病史',
  `lifestyle` text CHARACTER SET utf8mb4 COLLATE utf8mb4_unicode_ci NULL COMMENT '生活习惯（JSON对象）',
  `exercise_habit` text CHARACTER SET utf8mb4 COLLATE utf8mb4_unicode_ci NULL COMMENT '运动习惯（JSON对象）',
  `diet_preference` varchar(100) CHARACTER SET utf8mb4 COLLATE utf8mb4_unicode_ci NULL DEFAULT NULL COMMENT '饮食偏好',
  `sleep_quality` tinyint NULL DEFAULT NULL COMMENT '睡眠质量 1-5',
  `stress_level` tinyint NULL DEFAULT NULL COMMENT '压力水平（1-5分）',
  `exercise_frequency` varchar(50) CHARACTER SET utf8mb4 COLLATE utf8mb4_unicode_ci NULL DEFAULT NULL COMMENT '运动频率',
  `last_checkup_date` date NULL DEFAULT NULL COMMENT '最近体检日期',
  `checkup_report` text CHARACTER SET utf8mb4 COLLATE utf8mb4_unicode_ci NULL COMMENT '体检报告（JSON对象）',
  `created_at` datetime NULL DEFAULT CURRENT_TIMESTAMP,
  `updated_at` datetime NULL DEFAULT CURRENT_TIMESTAMP ON UPDATE CURRENT_TIMESTAMP,
  PRIMARY KEY (`id`) USING BTREE,
  UNIQUE INDEX `user_id`(`user_id` ASC) USING BTREE,
  INDEX `idx_user_id`(`user_id` ASC) USING BTREE,
  INDEX `idx_constitution`(`current_constitution` ASC) USING BTREE
) ENGINE = InnoDB CHARACTER SET = utf8mb4 COLLATE = utf8mb4_unicode_ci COMMENT = '用户养生档案表' ROW_FORMAT = DYNAMIC;

-- ----------------------------
-- Records of user_health_profile
-- ----------------------------
INSERT INTO `user_health_profile` VALUES (1986028675493040129, 1986027188356419585, 180, 90.00, 27.80, 'B', NULL, NULL, NULL, NULL, NULL, '无', '无', NULL, NULL, '正常', NULL, NULL, NULL, NULL, NULL, NULL, NULL, '2025-11-05 19:11:50', '2025-11-05 19:12:11');

-- ----------------------------
-- Table structure for user_like
-- ----------------------------
DROP TABLE IF EXISTS `user_like`;
CREATE TABLE `user_like`  (
  `id` bigint NOT NULL,
  `user_id` bigint NOT NULL,
  `target_type` enum('ARTICLE','COMMENT','RECIPE') CHARACTER SET utf8mb4 COLLATE utf8mb4_unicode_ci NOT NULL COMMENT '目标类型',
  `target_id` bigint NOT NULL COMMENT '目标ID',
  `created_at` datetime NULL DEFAULT CURRENT_TIMESTAMP,
  PRIMARY KEY (`id`) USING BTREE,
  UNIQUE INDEX `uk_user_target`(`user_id` ASC, `target_type` ASC, `target_id` ASC) USING BTREE,
  INDEX `idx_target`(`target_type` ASC, `target_id` ASC) USING BTREE
) ENGINE = InnoDB CHARACTER SET = utf8mb4 COLLATE = utf8mb4_unicode_ci COMMENT = '用户点赞表' ROW_FORMAT = DYNAMIC;

-- ----------------------------
-- Records of user_like
-- ----------------------------
INSERT INTO `user_like` VALUES (1986028649865842689, 1986027188356419585, 'ARTICLE', 1986028637152907265, '2025-11-05 19:11:43');

-- ----------------------------
-- Table structure for user_notification
-- ----------------------------
DROP TABLE IF EXISTS `user_notification`;
CREATE TABLE `user_notification`  (
  `id` bigint NOT NULL,
  `user_id` bigint NOT NULL,
  `title` varchar(100) CHARACTER SET utf8mb4 COLLATE utf8mb4_0900_ai_ci NOT NULL,
  `content` text CHARACTER SET utf8mb4 COLLATE utf8mb4_0900_ai_ci NOT NULL,
  `type` varchar(50) CHARACTER SET utf8mb4 COLLATE utf8mb4_0900_ai_ci NULL DEFAULT NULL,
  `read_status` tinyint NULL DEFAULT 0,
  `read_at` datetime NULL DEFAULT NULL,
  `metadata` text CHARACTER SET utf8mb4 COLLATE utf8mb4_0900_ai_ci NULL,
  `created_at` datetime NOT NULL,
  `updated_at` datetime NOT NULL,
  PRIMARY KEY (`id`) USING BTREE
) ENGINE = InnoDB CHARACTER SET = utf8mb4 COLLATE = utf8mb4_0900_ai_ci ROW_FORMAT = DYNAMIC;

-- ----------------------------
-- Records of user_notification
-- ----------------------------
INSERT INTO `user_notification` VALUES (1988579333932871681, 1986027188356419585, '体质测试提醒', '您在针灸科的李四就诊已完成，建议尽快完成体质测试，以便获得更精准的养生方案。', 'CONSULTATION_REMINDER', 1, '2025-11-12 20:07:42', '{\"appointmentId\":\"1988571644696084482\",\"patientId\":\"1986027188356419585\",\"doctorName\":\"李四\",\"categoryName\":\"针灸科\",\"message\":\"您在针灸科的李四就诊已完成，建议尽快完成体质测试，以便获得更精准的养生方案。\",\"createdAt\":\"2025-11-12T20:07:13.8734127\"}', '2025-11-12 20:07:14', '2025-11-12 20:07:14');
INSERT INTO `user_notification` VALUES (1988579942287306754, 1986027188356419585, '体质测试提醒', '您在针灸科的李四就诊已完成，建议尽快完成体质测试，以便获得更精准的养生方案。', 'CONSULTATION_REMINDER', 1, '2025-11-12 20:10:38', '{\"appointmentId\":\"1988571113554591745\",\"patientId\":\"1986027188356419585\",\"doctorName\":\"李四\",\"categoryName\":\"针灸科\",\"message\":\"您在针灸科的李四就诊已完成，建议尽快完成体质测试，以便获得更精准的养生方案。\",\"createdAt\":\"2025-11-12T20:09:38.9182206\"}', '2025-11-12 20:09:39', '2025-11-12 20:09:39');
INSERT INTO `user_notification` VALUES (1988580019479277569, 1986027188356419585, '体质测试提醒', '您在针灸科的李四就诊已完成，建议尽快完成体质测试，以便获得更精准的养生方案。', 'CONSULTATION_REMINDER', 1, '2025-11-12 20:10:38', '{\"appointmentId\":\"1988549911167184897\",\"patientId\":\"1986027188356419585\",\"doctorName\":\"李四\",\"categoryName\":\"针灸科\",\"message\":\"您在针灸科的李四就诊已完成，建议尽快完成体质测试，以便获得更精准的养生方案。\",\"createdAt\":\"2025-11-12T20:09:57.3370464\"}', '2025-11-12 20:09:57', '2025-11-12 20:09:57');
INSERT INTO `user_notification` VALUES (1988580021362520066, 1986027188356419585, '体质测试提醒', '您在针灸科的李四就诊已完成，建议尽快完成体质测试，以便获得更精准的养生方案。', 'CONSULTATION_REMINDER', 1, '2025-11-12 20:10:38', '{\"appointmentId\":\"1988568544224624642\",\"patientId\":\"1986027188356419585\",\"doctorName\":\"李四\",\"categoryName\":\"针灸科\",\"message\":\"您在针灸科的李四就诊已完成，建议尽快完成体质测试，以便获得更精准的养生方案。\",\"createdAt\":\"2025-11-12T20:09:57.7880444\"}', '2025-11-12 20:09:58', '2025-11-12 20:09:58');
INSERT INTO `user_notification` VALUES (1988580022599839745, 1986027188356419585, '体质测试提醒', '您在针灸科的李四就诊已完成，建议尽快完成体质测试，以便获得更精准的养生方案。', 'CONSULTATION_REMINDER', 1, '2025-11-12 20:10:38', '{\"appointmentId\":\"1988571644696084482\",\"patientId\":\"1986027188356419585\",\"doctorName\":\"李四\",\"categoryName\":\"针灸科\",\"message\":\"您在针灸科的李四就诊已完成，建议尽快完成体质测试，以便获得更精准的养生方案。\",\"createdAt\":\"2025-11-12T20:09:58.0783085\"}', '2025-11-12 20:09:58', '2025-11-12 20:09:58');
INSERT INTO `user_notification` VALUES (1988587640835928066, 1986027188356419585, '体质测试提醒', '您在针灸科的李四就诊已完成，建议尽快完成体质测试，以便获得更精准的养生方案。', 'CONSULTATION_REMINDER', 1, '2025-11-12 20:57:11', '{\"appointmentId\":\"1988568544224624642\",\"patientId\":\"1986027188356419585\",\"doctorName\":\"李四\",\"categoryName\":\"针灸科\",\"message\":\"您在针灸科的李四就诊已完成，建议尽快完成体质测试，以便获得更精准的养生方案。\",\"createdAt\":\"2025-11-12T20:40:14.3789558\"}', '2025-11-12 20:40:14', '2025-11-12 20:40:14');
INSERT INTO `user_notification` VALUES (1988587669445275650, 1986027188356419585, '体质测试提醒', '您在针灸科的李四就诊已完成，建议尽快完成体质测试，以便获得更精准的养生方案。', 'CONSULTATION_REMINDER', 1, '2025-11-12 20:57:11', '{\"appointmentId\":\"1988571113554591745\",\"patientId\":\"1986027188356419585\",\"doctorName\":\"李四\",\"categoryName\":\"针灸科\",\"message\":\"您在针灸科的李四就诊已完成，建议尽快完成体质测试，以便获得更精准的养生方案。\",\"createdAt\":\"2025-11-12T20:40:21.226839\"}', '2025-11-12 20:40:21', '2025-11-12 20:40:21');
INSERT INTO `user_notification` VALUES (1988587679809400833, 1986027188356419585, '体质测试提醒', '您在针灸科的李四就诊已完成，建议尽快完成体质测试，以便获得更精准的养生方案。', 'CONSULTATION_REMINDER', 1, '2025-11-12 20:57:11', '{\"appointmentId\":\"1988549911167184897\",\"patientId\":\"1986027188356419585\",\"doctorName\":\"李四\",\"categoryName\":\"针灸科\",\"message\":\"您在针灸科的李四就诊已完成，建议尽快完成体质测试，以便获得更精准的养生方案。\",\"createdAt\":\"2025-11-12T20:40:23.6916515\"}', '2025-11-12 20:40:24', '2025-11-12 20:40:24');
INSERT INTO `user_notification` VALUES (1988587681864609794, 1986027188356419585, '体质测试提醒', '您在针灸科的李四就诊已完成，建议尽快完成体质测试，以便获得更精准的养生方案。', 'CONSULTATION_REMINDER', 1, '2025-11-12 20:57:11', '{\"appointmentId\":\"1988571644696084482\",\"patientId\":\"1986027188356419585\",\"doctorName\":\"李四\",\"categoryName\":\"针灸科\",\"message\":\"您在针灸科的李四就诊已完成，建议尽快完成体质测试，以便获得更精准的养生方案。\",\"createdAt\":\"2025-11-12T20:40:24.1840613\"}', '2025-11-12 20:40:24', '2025-11-12 20:40:24');
INSERT INTO `user_notification` VALUES (1989212270357491713, 1986307375942283266, '新预约通知', '患者丁政扬已成功预约您的2025-11-14晚间时段，排队号：1号', 'APPOINTMENT_CREATED', 1, '2025-11-14 14:05:45', NULL, '2025-11-14 14:02:18', '2025-11-14 14:02:18');
INSERT INTO `user_notification` VALUES (1989213030658977793, 1986307375942283266, '预约取消通知', '患者患者已取消2025-11-14的预约', 'APPOINTMENT_CANCELLED', 1, '2025-11-14 14:05:45', NULL, '2025-11-14 14:05:19', '2025-11-14 14:05:19');
INSERT INTO `user_notification` VALUES (1989213197369978883, 1986307375942283266, '新预约通知', '患者丁政扬已成功预约您的2025-11-14晚间时段，排队号：1号', 'APPOINTMENT_CREATED', 1, '2025-11-14 14:09:41', NULL, '2025-11-14 14:05:59', '2025-11-14 14:05:59');
INSERT INTO `user_notification` VALUES (1989214082900799490, 1986027188356419585, '体质测试提醒', '您在针灸科的李四就诊已完成，建议尽快完成体质测试，以便获得更精准的养生方案。', 'CONSULTATION_REMINDER', 1, '2025-11-14 14:24:25', '{\"appointmentId\":\"1989213197369978882\",\"patientId\":\"1986027188356419585\",\"doctorName\":\"李四\",\"categoryName\":\"针灸科\",\"message\":\"您在针灸科的李四就诊已完成，建议尽快完成体质测试，以便获得更精准的养生方案。\",\"createdAt\":\"2025-11-14T14:09:29.7976932\"}', '2025-11-14 14:09:30', '2025-11-14 14:09:30');
INSERT INTO `user_notification` VALUES (1989216626918141953, 1986307375942283266, '体质测试完成通知', '患者丁政扬已完成体质测试，主要体质：QIXU', 'CONSTITUTION_TEST_COMPLETED', 1, '2025-11-14 14:36:20', NULL, '2025-11-14 14:19:36', '2025-11-14 14:19:36');
INSERT INTO `user_notification` VALUES (1989216974202318850, 1986027188356419585, '接诊完成通知', '您在李四的接诊已完成，请查看接诊记录详情', 'CONSULTATION_COMPLETED', 1, '2025-11-14 14:24:24', NULL, '2025-11-14 14:20:59', '2025-11-14 14:20:59');
INSERT INTO `user_notification` VALUES (1989298431763922946, 1986027188356419585, '李四发来新消息', '李四：你好', 'CONVERSATION_MESSAGE', 1, '2025-11-14 19:45:03', NULL, '2025-11-14 19:44:40', '2025-11-14 19:44:40');
INSERT INTO `user_notification` VALUES (1989298456929746946, 1986027188356419585, '李四发来新消息', '李四：一点也不好', 'CONVERSATION_MESSAGE', 1, '2025-11-14 19:45:03', NULL, '2025-11-14 19:44:46', '2025-11-14 19:44:46');
INSERT INTO `user_notification` VALUES (1989298482930237442, 1986307375942283266, '丁政扬发来新消息', '丁政扬：为什么不好了', 'CONVERSATION_MESSAGE', 1, '2025-11-14 19:44:59', NULL, '2025-11-14 19:44:52', '2025-11-14 19:44:52');
INSERT INTO `user_notification` VALUES (1989299022837825537, 1986027188356419585, '李四发来新消息', '李四：我知道', 'CONVERSATION_MESSAGE', 1, '2025-11-14 19:47:51', NULL, '2025-11-14 19:47:01', '2025-11-14 19:47:01');
INSERT INTO `user_notification` VALUES (1989299066622164993, 1986307375942283266, '丁政扬发来新消息', '丁政扬：我也知道', 'CONVERSATION_MESSAGE', 1, '2025-11-14 19:47:52', NULL, '2025-11-14 19:47:12', '2025-11-14 19:47:12');
INSERT INTO `user_notification` VALUES (1989299142299992066, 1986027188356419585, '李四发来新消息', '李四：你把我删了吗，对吗', 'CONVERSATION_MESSAGE', 1, '2025-11-14 19:47:51', NULL, '2025-11-14 19:47:30', '2025-11-14 19:47:30');
INSERT INTO `user_notification` VALUES (1989299162281656323, 1986307375942283266, '丁政扬发来新消息', '丁政扬：你怎么知道', 'CONVERSATION_MESSAGE', 1, '2025-11-14 19:47:52', NULL, '2025-11-14 19:47:34', '2025-11-14 19:47:34');
INSERT INTO `user_notification` VALUES (1989299205654953986, 1986027188356419585, '李四发来新消息', '李四：你怎么知道', 'CONVERSATION_MESSAGE', 1, '2025-11-14 19:47:51', NULL, '2025-11-14 19:47:45', '2025-11-14 19:47:45');
INSERT INTO `user_notification` VALUES (1989514200698966018, 1986307375942283266, '丁政扬发来新消息', '丁政扬：你是谁', 'CONVERSATION_MESSAGE', 1, '2025-11-15 10:42:21', NULL, '2025-11-15 10:02:03', '2025-11-15 10:02:03');
INSERT INTO `user_notification` VALUES (1989524287383429122, 1986307375942283266, '李四发来新消息', '李四：你好', 'CONVERSATION_MESSAGE', 1, '2025-11-15 10:42:21', NULL, '2025-11-15 10:42:08', '2025-11-15 10:42:08');
INSERT INTO `user_notification` VALUES (1989524352730685442, 1986307375942283266, '李四发来新消息', '李四：你好', 'CONVERSATION_MESSAGE', 1, '2025-11-15 11:16:49', NULL, '2025-11-15 10:42:24', '2025-11-15 10:42:24');
INSERT INTO `user_notification` VALUES (1989524390269706241, 1986307375942283266, '李四发来新消息', '李四：你好', 'CONVERSATION_MESSAGE', 1, '2025-11-15 11:16:44', NULL, '2025-11-15 10:42:33', '2025-11-15 10:42:33');
INSERT INTO `user_notification` VALUES (1989527978371432450, 1986307375942283266, '李四发来新消息', '李四：你好', 'CONVERSATION_MESSAGE', 1, '2025-11-15 11:16:44', NULL, '2025-11-15 10:56:48', '2025-11-15 10:56:48');
INSERT INTO `user_notification` VALUES (1989531435362926593, 1986307375942283266, '李四发来新消息', '李四：我是李四', 'CONVERSATION_MESSAGE', 1, '2025-11-15 11:16:44', NULL, '2025-11-15 11:10:33', '2025-11-15 11:10:33');
INSERT INTO `user_notification` VALUES (1989532425625518082, 1986307375942283266, '李四发来新消息', '李四：我是李四', 'CONVERSATION_MESSAGE', 1, '2025-11-15 11:16:44', NULL, '2025-11-15 11:14:29', '2025-11-15 11:14:29');
INSERT INTO `user_notification` VALUES (1989532962534178819, 1986307375942283266, '李四发来新消息', '李四：那你是谁', 'CONVERSATION_MESSAGE', 1, '2025-11-15 11:16:44', NULL, '2025-11-15 11:16:37', '2025-11-15 11:16:37');
INSERT INTO `user_notification` VALUES (1989533038933426178, 1986307375942283266, '李四发来新消息', '李四：那你是谁', 'CONVERSATION_MESSAGE', 1, '2025-11-15 11:36:56', NULL, '2025-11-15 11:16:55', '2025-11-15 11:16:55');
INSERT INTO `user_notification` VALUES (1989533307901558786, 1986307375942283266, '李四发来新消息', '李四：不需要', 'CONVERSATION_MESSAGE', 1, '2025-11-15 11:32:36', NULL, '2025-11-15 11:17:59', '2025-11-15 11:17:59');
INSERT INTO `user_notification` VALUES (1989534536778072065, 1986307375942283266, '李四发来新消息', '李四：真的不需要', 'CONVERSATION_MESSAGE', 1, '2025-11-15 11:32:36', NULL, '2025-11-15 11:22:52', '2025-11-15 11:22:52');
INSERT INTO `user_notification` VALUES (1989534623268814850, 1986307375942283266, '李四发来新消息', '李四：真的不需要', 'CONVERSATION_MESSAGE', 1, '2025-11-15 11:32:36', NULL, '2025-11-15 11:23:13', '2025-11-15 11:23:13');
INSERT INTO `user_notification` VALUES (1989536027114946562, 1986307375942283266, '李四发来新消息', '李四：你好', 'CONVERSATION_MESSAGE', 1, '2025-11-15 11:32:36', NULL, '2025-11-15 11:28:47', '2025-11-15 11:28:47');
INSERT INTO `user_notification` VALUES (1989536045787987969, 1986307375942283266, '李四发来新消息', '李四：你还在吗', 'CONVERSATION_MESSAGE', 1, '2025-11-15 11:32:36', NULL, '2025-11-15 11:28:52', '2025-11-15 11:28:52');
INSERT INTO `user_notification` VALUES (1989537035832475650, 1986307375942283266, '李四发来新消息', '李四：你还在吗', 'CONVERSATION_MESSAGE', 1, '2025-11-15 11:36:56', NULL, '2025-11-15 11:32:48', '2025-11-15 11:32:48');
INSERT INTO `user_notification` VALUES (1989538093371703297, 1986307375942283266, '李四发来新消息', '李四：我还在', 'CONVERSATION_MESSAGE', 1, '2025-11-15 11:42:06', NULL, '2025-11-15 11:37:00', '2025-11-15 11:37:00');
INSERT INTO `user_notification` VALUES (1989539399356334082, 1986307375942283266, '李四发来新消息', '李四：你还在吗', 'CONVERSATION_MESSAGE', 1, '2025-11-15 11:46:11', NULL, '2025-11-15 11:42:11', '2025-11-15 11:42:11');
INSERT INTO `user_notification` VALUES (1989539421590339585, 1986307375942283266, '李四发来新消息', '李四：我还在', 'CONVERSATION_MESSAGE', 1, '2025-11-15 11:46:11', NULL, '2025-11-15 11:42:17', '2025-11-15 11:42:17');
INSERT INTO `user_notification` VALUES (1989540417196474370, 1986307375942283266, '李四发来新消息', '李四：你好', 'CONVERSATION_MESSAGE', 1, '2025-11-15 12:07:45', NULL, '2025-11-15 11:46:14', '2025-11-15 11:46:14');
INSERT INTO `user_notification` VALUES (1989540458460037122, 1986307375942283266, '李四发来新消息', '李四：为什么还会有消息提醒', 'CONVERSATION_MESSAGE', 1, '2025-11-15 12:07:45', NULL, '2025-11-15 11:46:24', '2025-11-15 11:46:24');
INSERT INTO `user_notification` VALUES (1989543882849185794, 1986307375942283266, '李四发来新消息', '李四：现在还有消息提醒吗', 'CONVERSATION_MESSAGE', 1, '2025-11-15 12:07:45', NULL, '2025-11-15 12:00:00', '2025-11-15 12:00:00');
INSERT INTO `user_notification` VALUES (1989547907220545537, 1986307375942283266, '系统管理员发来新消息', '系统管理员：你了你看见了吗', 'CONVERSATION_MESSAGE', 1, '2025-11-19 17:38:20', NULL, '2025-11-15 12:16:00', '2025-11-15 12:16:00');
INSERT INTO `user_notification` VALUES (1989549921619320834, 1986307375942283266, '系统管理员发来新消息', '系统管理员：为什么还是没有', 'CONVERSATION_MESSAGE', 1, '2025-11-19 17:38:20', NULL, '2025-11-15 12:24:00', '2025-11-15 12:24:00');
INSERT INTO `user_notification` VALUES (1989555674295603201, 1986027188356419205, '李四发来新消息', '李四：现在有吗', 'CONVERSATION_MESSAGE', 1, '2025-11-16 14:30:06', NULL, '2025-11-15 12:46:52', '2025-11-15 12:46:52');
INSERT INTO `user_notification` VALUES (1989555692343693314, 1986307375942283266, '系统管理员发来新消息', '系统管理员：有了有了', 'CONVERSATION_MESSAGE', 1, '2025-11-19 17:38:20', NULL, '2025-11-15 12:46:56', '2025-11-15 12:46:56');
INSERT INTO `user_notification` VALUES (1989555777584533506, 1986027188356419205, '丁政扬发来新消息', '丁政扬：我了我了我有吗', 'CONVERSATION_MESSAGE', 1, '2025-11-16 14:30:06', NULL, '2025-11-15 12:47:16', '2025-11-15 12:47:16');
INSERT INTO `user_notification` VALUES (1989555812053323778, 1986027188356419585, '系统管理员发来新消息', '系统管理员：有的有的', 'CONVERSATION_MESSAGE', 1, '2025-11-19 18:04:28', NULL, '2025-11-15 12:47:24', '2025-11-15 12:47:24');
INSERT INTO `user_notification` VALUES (1989557368291545089, 1986027188356419585, '系统管理员发来新消息', '系统管理员：你好', 'CONVERSATION_MESSAGE', 1, '2025-11-19 18:04:14', NULL, '2025-11-15 12:53:35', '2025-11-15 12:53:35');
INSERT INTO `user_notification` VALUES (1989557394459807747, 1986027188356419585, '系统管理员发来新消息', '系统管理员：你好', 'CONVERSATION_MESSAGE', 1, '2025-11-19 18:04:14', NULL, '2025-11-15 12:53:42', '2025-11-15 12:53:42');
INSERT INTO `user_notification` VALUES (1989557456124465154, 1986027188356419585, '系统管理员发来新消息', '系统管理员：你好你好', 'CONVERSATION_MESSAGE', 1, '2025-11-19 18:04:14', NULL, '2025-11-15 12:53:56', '2025-11-15 12:53:56');
INSERT INTO `user_notification` VALUES (1989557568963825666, 1986027188356419585, '系统管理员发来新消息', '系统管理员：我好我好', 'CONVERSATION_MESSAGE', 1, '2025-11-19 18:04:14', NULL, '2025-11-15 12:54:23', '2025-11-15 12:54:23');
INSERT INTO `user_notification` VALUES (1989557583761330178, 1986027188356419585, '系统管理员发来新消息', '系统管理员：你好你好', 'CONVERSATION_MESSAGE', 1, '2025-11-19 18:04:14', NULL, '2025-11-15 12:54:27', '2025-11-15 12:54:27');

-- ----------------------------
-- Table structure for user_recipe_favorite
-- ----------------------------
DROP TABLE IF EXISTS `user_recipe_favorite`;
CREATE TABLE `user_recipe_favorite`  (
  `id` bigint NOT NULL,
  `user_id` bigint NOT NULL,
  `recipe_id` bigint NOT NULL,
  `remark` varchar(255) CHARACTER SET utf8mb4 COLLATE utf8mb4_unicode_ci NULL DEFAULT NULL COMMENT '收藏备注',
  `created_at` datetime NULL DEFAULT CURRENT_TIMESTAMP,
  PRIMARY KEY (`id`) USING BTREE,
  UNIQUE INDEX `uk_user_recipe`(`user_id` ASC, `recipe_id` ASC) USING BTREE,
  INDEX `idx_user_id`(`user_id` ASC) USING BTREE,
  INDEX `idx_recipe_id`(`recipe_id` ASC) USING BTREE
) ENGINE = InnoDB CHARACTER SET = utf8mb4 COLLATE = utf8mb4_unicode_ci COMMENT = '用户收藏药膳表' ROW_FORMAT = DYNAMIC;

-- ----------------------------
-- Records of user_recipe_favorite
-- ----------------------------
INSERT INTO `user_recipe_favorite` VALUES (1986028429450973186, 1986027188356419585, 16, '', '2025-11-05 19:10:51');
INSERT INTO `user_recipe_favorite` VALUES (1986028432693170177, 1986027188356419585, 19, '', '2025-11-05 19:10:52');
INSERT INTO `user_recipe_favorite` VALUES (1986028436413517826, 1986027188356419585, 17, '', '2025-11-05 19:10:53');
INSERT INTO `user_recipe_favorite` VALUES (1987379908531683330, 1986027188356419585, 7, '', '2025-11-09 12:41:09');
INSERT INTO `user_recipe_favorite` VALUES (1987379911006322690, 1986027188356419585, 18, '', '2025-11-09 12:41:09');
INSERT INTO `user_recipe_favorite` VALUES (1987379913497739265, 1986027188356419585, 6, '', '2025-11-09 12:41:10');

SET FOREIGN_KEY_CHECKS = 1;
